Include,Exclusion reason,DOI,,Unique ID,Authors,Year,Country / Region,Funding source,Publication type,Design,Unit of assignment,Follow-up duration,Risk-of-bias tool used,Overall RoB judgment,Setting type,Population description,Baseline value,Sample size,Intervention category,Intervention category (broad),[AA] Intervention category (standardized),[JB] Intervention category (standardized),Intervention description,Core components,Intensity / dose,Implementation fidelity reported?,Implementation Description,Comparator / control condition,Estimation Method,Outcome name,Outcome Reference ,Outcome domain,Outcome definition / metric,[AA] Outcome Category (Standardized),[JB] Outcome Category (Standardized),[AA] Outcome—Intent (Standardized),[JB] Outcome—Intent (Standardized),Time point(s),Unit,Effect size,Standard Error,CI lower,CI upper,P-value,Raw data extracted,Direction of effect,Sub-groups analyzed?,Effect heterogeneity,Co-interventions / policy environment,Implementation barriers / facilitators,Notes ,Notes,JB Notes,AA check,Intervention class v1 - broad,Intervention class v2,Intervention class v3,Exclude
,,https://regroup-production.s3.amazonaws.com/documents/ReviewReference/1174826418/increased_firearm_injury_during_the_covid_19.6.pdf?response-content-type=application%2Fpdf&X-Amz-Algorithm=AWS4-HMAC-SHA256&X-Amz-Credential=AKIAYSFKCAWYQ4D5IUHG%2F20250616%2Fus-east-1%2Fs3%2Faws4_request&X-Amz-Date=20250616T164553Z&X-Amz-Expires=604800&X-Amz-SignedHeaders=host&X-Amz-Signature=847505e41c435036507f714a1e492b4e23bc40f7ee59f51e30ddddb308af82c8,1,Abdallah2021,"Abdallah, H.O. et al.",2021,"United States - Philadelphia, PA",N/A,Journal Article ,Before-after (retrospective review; registry based),Medical center trauma cases (individual level),"16 weeks (Feb 1–May 30, 2020); 6 weeks pre-SAHO, 10 weeks post-SAHO",N/A,N/A,Urban ,Single Level I trauma center in West Philidephia: Penn Presbyterian Medical Center (PPMC). All trauma patients  ≥14 years presenting to PPMC with racial subgroup analysis (primarily black and white patients), Gunshot wounds = 12.6% of traumas (pre-SAHO); 47.06% of traumas nonintentional (pre-SAHO),N=837 (357 pre-SAHO; 480 post-SAHO),Non-traditional intervention; policy/environment change (COVID-19 stay at home order),environment change,,Environmental changes (e.g. covid effects),"Implementation of COVID-19 stay-at-home orders (SAHO) statewide on March 16, 2020. ","Lockdown, social isolation, closure of non-essential services",Yes - statewide SAHO enforcement,No,"SAHO issued by Pennsylvania on March 16, 2020, reducing public movementand ED visits. SAHO implementation tracked by COVID-19 case data and date. ",Pre-SAHO trauma rates (6 weeks before SAHO) and historical control (2015-2019 data). ,Fisher exact test for proportions and Wilcoxon test for continuous variables,Firearm injuries (gunshot wounds) ,Table 1,Firearm Injury,Proportion of trauma patients with gunshot wounds (percentage points),firearm morbidity,firearm morbidity,"unintentional, ""Self-inflicted (suicide, self-harm)"", ""Interpersonal (homicide, assault)"", unknown/other, mass shooting","unintentional, ""Self-inflicted (suicide, self-harm)"", ""Interpersonal (homicide, assault)"", Legal intervention, unknown/other, mass shooting",6 weeks before vs. 10 weeks after SAHO (Feb–May 2020) ,percentage points,10.31,N/A,N/A,N/A,0.0001,"45 gunshot wounds (pre-SAHO) vs 110 (post-SAHO), 12.61% to 22.92% post SAHO",↑ harmful,"Yes – race (Black vs. White), injury type (blunt vs. penetrating), and pre/post periods","Black patients experienced a greater increase in gunshot wounds post-SAHO (Table e3: 18.1% → 28.7%, p = 0.005). Oppositely, white patients did not show a significant change","Surge in COVID-19 cases, pandemic-related lockdown and state of emergency, police overload, and increased firearm purchases","N/A - observational design (but authors note that social isolation, unemployment, and firearm access as contributing factors).",Gunshot wound rate rose despite overall decline in ED volume; Black patients disproportionately affected. Nonintentional injury dropped sharply; aligns with social distancing and reduced mobility post-SAHO. ,,reextracted,,Other / unclear,Other / unclear,Other / unclear,
,,,,,,,,,,,,,,,,,,,,,,Environmental changes (e.g. covid effects),,,,,,,...,All Intentional violent trauma (IVT),...,Violent injury,"Proportion of trauma patients with assault, stabbing, and firearm injury combined (percentage points)",overall morbidity,overall morbidity,"unintentional, ""Self-inflicted (suicide, self-harm)"", ""Interpersonal (homicide, assault)"", unknown/other, mass shooting","unintentional, ""Self-inflicted (suicide, self-harm)"", ""Interpersonal (homicide, assault)"", Legal intervention, unknown/other, mass shooting",...,percentage points,11.22,N/A,N/A,N/A,0.0002,70 IVT injuries (pre-SAHO) vs 148 (post-SAHO). 19.61% to 30.83%,↑ harmful,...,Larger absolute decline among White patients (67.0% to 58.9%) and Black patients (36.7% to 26.5%),,,,,,,,,,
,,,,,,,,,,,,,,,,,,,,,,,,,,,,,,,,,,,,,,,,,,,,,,,,,,,,,,,,,,
,,https://regroup-production.s3.amazonaws.com/documents/ReviewReference/1174854912/critical_call_for_hospital_based_domestic_violence.26.pdf?response-content-type=application%2Fpdf&X-Amz-Algorithm=AWS4-HMAC-SHA256&X-Amz-Credential=AKIAYSFKCAWYQ4D5IUHG%2F20250616%2Fus-east-1%2Fs3%2Faws4_request&X-Amz-Date=20250616T170445Z&X-Amz-Expires=604800&X-Amz-SignedHeaders=host&X-Amz-Signature=a9a308dc99c3ee5c6754a1f374ef43321d5e6e3e627c4e8ef4abbb90eba60e6c,2,Aboutanos2019,"Aboutanos, M. B. et al. ",2019,"USA – Richmond, VA","VOCA grant, Richmond Memorial Health Foundation; VCU Auxiliary Funds; MCV Foundation ",Journal Article ,"Observational (descriptive, before–after program evaluation with mixed methods)",Individual ,5 years (2014-2018),N/A,N/A,Urban,"Level 1 trauma center at VCU; includes ED, Trauma Program, Women’s Health clinics, inpatient wards, and affiliated community clinics. N=792 employees across 16 departments. IPV survivors screened or referred for hospital-based services; mostly women (90%): 60% Black, average age=34, low-income.",Hospital forensic nurse examiners (FNE) case logs between 2006 - 2009 were evaluated to determine the baseline IPV prevalence (15-20% IPV prevalence). ,"799 IPV patients seen out of 926 referred; 18,648 trauma patients overall during study period","Hospital-based, trauma-informed IPV intervention",hospital-based,,"Hospital-Based, Counseling/Behavioral","“Project Empower”: screening + dedicated advocate services including counseling, safety planning, legal navigation, referrals","HITS screening tool, staff training, crisis fund, interdisciplinary IPV team, community partnership","Yes - integrated team; 737 providers trained (2010–2014), >2000 by 2018 with an average of 4 hours per patient. ",Yes ,"Stepwise roll-out from ED/Trauma (2009–2012) to systemwide (2013–2018), with stakeholder engagement phases and EMR integration. An initial low referral improved with use of HITS tool and hospital-wide awareness",Pre-program period (2006–2009 for logs; 2010 for survey; 2014 for referrals). Historical baselines,N/A,N/A,N/A,N/A,N/A,,,,,N/A,,N/A,N/A,N/A,N/A,N/A,N/A,N/A,"Yes – by age, gender, race, pregnancy, sexual orientation, mechanism of injury","9% of IPV women victims were pregnant; 44% firearm-related, 34% stabbing; majority of injuries from cohabiting partners","State training (RADAR), VOCA grants, hospital-wide awareness campaign, integration with local IPV network","Early under-referral; limited night/weekend coverage; improved with staff training, HITS tool, stakeholder engagement",,,not sure what to extract form this since it's a feasibility/acceptability study,check,Clinical counseling / screening,Clinical counseling / screening / decision support,Service: clinical counseling/screening (behavior change),
,,,,,,,,,,,,,,,,,,,,,,,,,,,,,,,,,,,,,,,,,,,,,,,,,,,,,,,,,,
,,https://regroup-production.s3.amazonaws.com/documents/ReviewReference/1174852667/s11121-023-01500-w.pdf?response-content-type=application%2Fpdf&X-Amz-Algorithm=AWS4-HMAC-SHA256&X-Amz-Credential=AKIAYSFKCAWYQ4D5IUHG%2F20250616%2Fus-east-1%2Fs3%2Faws4_request&X-Amz-Date=20250616T170445Z&X-Amz-Expires=604800&X-Amz-SignedHeaders=host&X-Amz-Signature=3d668990fe531ab326fe532273aac0e9996807dac9227e5cdeb8e2d67c450dcc,3,Adams2023,"Adams, E.B. and Maguire, E.R.",2023,"Trinidad and Tobago - Port of
Spain",Inter-American Development Bank,Journal Article ,Qualitative implementation study (paired with prior quasi-experimental evaluation),Communities (Neighborhoods),July 2015 - August 2017,N/A,N/A,Urban ,"16 high-crime neighborhoods in and around Port of Spain (represents 5.9% of the population but 27.5%  of the murders and 30.1% of the shootings and woundings
in Trinidad and Tobago from 2010 to 2015). Study population composed of residents of impoverished, high-violence communities alongisde youth aged 15-29 (either gang-involved or at risk). ",N/A,"N=36 in depth semi-structured interviews + 2 focus groups with a variety of stakeholders, including program staff, residents, family members of victims, and police (qualitative only)",Community based violence interruption (Cure Violence adaptation: Project REASON).,community-based,,Community-based/Place-based,"Cure Violence is an initiative that treats violence as a public health issue. Based on methods used to prevent the spread of infectious disease, Cure Violence seeks to stop the spread of violence within communities. This study presents qualitative results on the implementation of Cure Violence in Trinidad and Tobago, a two-island nation in the southeastern Caribbean near Venezuela. Outreach workers and violence interrupters conducted conflict mediation, referrals, education/job support, and engaged with gangs to prevent retaliations. ","Outreach, violence interruption, education/employment referrals, conflict mediation",Yes - 7 violence interrupters and 5 outreach workers serving 16 neighborhoods. ,Yes,"Fidelity challenges included low caseloads and low proportion of high-risk participants (only 40.6%). However, strong community embeddedness and support/technical assistance from Cure Violence's Chicago HQ were study strengths. ",Pre/post Cure Violence,N/A,N/A,N/A,N/A,N/A,,,,,N/A,,N/A,N/A,N/A,N/A,N/A,N/A,N/A,N/A,N/A,Close partnership with 'Hearts and Minds' community policing unit,"Barriers: staffing shortages, stipend cuts, greater need to use personal funds. Facilitators: strong local ties, community trust, police partnership, support from Cure Violence HQ","Prior quasi-experimental analysis completed, just was not in this paper (this article provides only qualitative evidence). ",,"we should probably still extract qual outcomes, but I'm not sure how",check,Clinical counseling / screening,Clinical counseling / screening / decision support,Service: clinical counseling/screening (behavior change),
,,,,,,,,,,,,,,,,,,,,,,,,,,,,,,,,,,,,,,,,,,,,,,,,,,,,,,,,,,
,,https://regroup-production.s3.amazonaws.com/documents/ReviewReference/1174825821/1-s2.0-S0091743522000688-main.pdf?response-content-type=application%2Fpdf&X-Amz-Algorithm=AWS4-HMAC-SHA256&X-Amz-Credential=AKIAYSFKCAWYQ4D5IUHG%2F20250616%2Fus-east-1%2Fs3%2Faws4_request&X-Amz-Date=20250616T175004Z&X-Amz-Expires=604800&X-Amz-SignedHeaders=host&X-Amz-Signature=39adc54490732fb10a7a6369eec190fe16ff885d17d914f0a41c563281141c5a,4,Afif2022,"Afif, I.N. et al.",2022,"United States – Philadelphia, PA",Stoneleigh Foundation (Dr. Beard),Journal Article ,Before-after (descriptive epidemiological study),Person/shooting incident,"January 1, 2015 - March 31, 2021",N/A,N/A,Urban ,"Study population = entire city of Philadelphia; data derived from the PPD shooting victim registry. All were victims of interpersonal firearm violence; 82.4% Black, 91.8% men; mean age 28.6; includes both children and women",331 people shot per quarter (pre-containment),68966 shot in the pre-containment period; 2456 shot post-containment,Policy/environmental change – COVID-19 containment,environment change,Environmental changes (e.g. covid effects),Environmental changes (e.g. covid effects),"Closure of non-essential businesses and city lockdown starting March 16, 2020","Stay-at-home order, business closures, pandemic-related restrictions",Yes – full city implementation,No,Containment assumed to apply citywide as of March 16; not measured directly,"Pre-pandemic period (Jan 2015–Mar 15, 2020",Descriptive statistics,All Firearm shootings,Table 2 (Figure 1A),Firearm Injury,Mean number shot per quarter,shootings,shootings,"unintentional, ""Self-inflicted (suicide, self-harm)"", ""Interpersonal (homicide, assault)"", unknown/other, mass shooting","unintentional, ""Self-inflicted (suicide, self-harm)"", ""Interpersonal (homicide, assault)"", Legal intervention, unknown/other, mass shooting",Quarterly pre- vs post-containment,shootings count,214,"SE = 13.9 (pre), 66.4 (post)",N/A,N/A,0.031,331 → 545 per quarter,↑ harmful,"Yes - women, children, men, mass shootings ",Women: 27 → 59; SE= pre (2.1) and post (11.9); Children: 26 → 49; SE= pre (1.8) and post (6.8); Men: 304 → 485; SE= pre (12.1) and post (56.6); Mass shootings: 3 → 6; SE= pre (0.4) and post (2.0),COVID-19 social and economic disruptions; opioid crisis intensified in certain areas,"Structural racism, school closures, reduced social services, economic deprivation likely worsened risk",,,not super meaningful without a denominator,,Other / unclear,Child access prevention / safe storage mandates,Program: promote safe storage (devices/practices),
,,,,,,,,,,,,,,,,,,,,,descriptive/no intervention,descriptive/no intervention,,,,,,,rate ratio,Women Shot ,Table 1 ,Firearm Injury,Proportion of all victims shot who are women,shootings,shootings,"unintentional, ""Self-inflicted (suicide, self-harm)"", unknown/other, mass shooting, ""Interpersonal (homicide, assault)""","unintentional, ""Self-inflicted (suicide, self-harm)"", ""Interpersonal (homicide, assault)"", Legal intervention, unknown/other, mass shooting",Quarterly pre- vs post-containment,rate (rate ratio),1.39,,1.21,1.59,p<0.001,564 (pre) vs. 279 (post),,"Yes – sex, age (children), race/ethnicity, mass vs non-mass events",Greater increases in shootings of Black women (RR = 1.11) and children (RR = 1.08); more outdoor shootings and more afternoon/evening shootings,,,,,removed harmful/beneficial designations,,,,,
,,,,,,,,,,,,,,,,,,,,,descriptive/no intervention,descriptive/no intervention,,,,,,,rate ratio,Children Shot ,Table 2,Firearm Injury,Proportion of all victims shot who are children,shootings,shootings,"unintentional, ""Self-inflicted (suicide, self-harm)"", unknown/other, mass shooting, ""Interpersonal (homicide, assault)""","unintentional, ""Self-inflicted (suicide, self-harm)"", ""Interpersonal (homicide, assault)"", Legal intervention, unknown/other, mass shooting",Quarterly pre- vs post-containment,rate (rate ratio),1.17,,1,1.35,0.046,535 (pre) vs. 222 (post),,...,...,,,,,,,,,,
,,,,,,,,,,,,,,,,,,,,,descriptive/no intervention,descriptive/no intervention,,,,,,,rate ratio,Black People Shot ,Table 3,Firearm Injury,Proportion of all victims shot who are black,shootings,shootings,"unintentional, ""Self-inflicted (suicide, self-harm)"", unknown/other, mass shooting, ""Interpersonal (homicide, assault)""","unintentional, ""Self-inflicted (suicide, self-harm)"", ""Interpersonal (homicide, assault)"", Legal intervention, unknown/other, mass shooting",Quarterly pre- vs post-containment,rate (rate ratio),1.02,,1,1.04,0.092,5684 (pre) vs. 2061 (post),,...,...,,,,,,,,,,
,,,,,,,,,,,,,,,,,,,,,descriptive/no intervention,descriptive/no intervention,,,,,,,rate ratio,Latinx People Shot ,Table 4,Firearm Injury,Proportion of all victims shot who are latinx,shootings,shootings,"unintentional, ""Self-inflicted (suicide, self-harm)"", unknown/other, mass shooting, ""Interpersonal (homicide, assault)""","unintentional, ""Self-inflicted (suicide, self-harm)"", ""Interpersonal (homicide, assault)"", Legal intervention, unknown/other, mass shooting",Quarterly pre- vs post-containment,rate (rate ratio),0.81,,0.71,0.93,0.003,848 (pre) vs. 246 (post),,...,...,,,,,,,,,,
,,,,,,,,,,,,,,,,,,,,,descriptive/no intervention,descriptive/no intervention,,,,,,,rate ratio,White People Shot ,Table 5,Firearm Injury,Proportion of all victims shot who are white ,shootings,shootings,"unintentional, ""Self-inflicted (suicide, self-harm)"", unknown/other, mass shooting, ""Interpersonal (homicide, assault)""","unintentional, ""Self-inflicted (suicide, self-harm)"", ""Interpersonal (homicide, assault)"", Legal intervention, unknown/other, mass shooting",Quarterly pre- vs post-containment,rate (rate ratio),1.26,,1.03,1.52,0.021,313 (pre) vs. 140 (post),,...,...,,,,,,,,,,
,,,,,,,,,,,,,,,,,,,,,Environmental changes (e.g. covid effects),Environmental changes (e.g. covid effects),,,,,,,rate ratio,Mass Shootings,Table 6,Mass shooting,Proportion of mass shootings,shootings,shootings,mass shooting,mass shooting,Quarterly pre- vs post-containment,rate (rate ratio),1.53,,1.25,1.88,<0.001,246 (pre) vs. 134 (post),,...,...,,,,,,,,,,
,,,,,,,,,,,,,,,,,,,,,Environmental changes (e.g. covid effects),Environmental changes (e.g. covid effects),,,,,,,rate ratio,Fatal Shots ,Table 7,Firearm mortality,Proportion of all those shot fatally,firearm mortality,firearm mortality,"unintentional, ""Self-inflicted (suicide, self-harm)"", unknown/other, mass shooting, ""Interpersonal (homicide, assault)""","unintentional, ""Self-inflicted (suicide, self-harm)"", unknown/other, mass shooting, Legal intervention, ""Interpersonal (homicide, assault)""",Quarterly pre- vs post-containment,rate (rate ratio),0.85,,0.77,0.94,0.002,1393 (pre) vs. 424 (post),,...,...,,,,,,,,,,
,,,,,,,,,,,,,,,,,,,,,,,,,,,,,,,,,,,,,,,,,,,,,,,,,,,,,,,,,,
,,https://pubmed.ncbi.nlm.nih.gov/37714415/,5,Agoubi2024 ,"Agoubi, L.L. et al. ",2024,USA- National,"NIH grant, State of Washington ",Journal Article ,Cross-sectional ecological analysis ,ZIP code,7 years (2015-2021),N/A,N/A,Mixed,"Included all ZIP codes with 500 residents or greater in the United States, did not include specific demographic info at the individual level. All urban zipcodes with ≥1 firearm incident (n=266,020 incidents). ",N/A,"273,812 overall firearm incidents in 15,802 unique ZIP codes",Legislation,legislation,Legislation—restrictive,Legislation—restrictive,"Giffords Law Center scores categorized into restrictive (A), moderate (B/C), and permissive (D/F) groups","Background checks, licensing, permit requirements (as grouped in scorecard) ",Yes - state firearm laws from 2015-2020,No,"Firearm law exposure measured annually by Giffords scores, not linked to actual enforcement",Comparison across ZIP codes in different Giffords law grades,Negative binomial GLMM (with ZIP and state-year clustering),Firearm-related incident rate - Grade A : Overall,Table 2 ,Firearm Injury,"Mean number of interpersonal + unintentional firearm events per 10,000 persons/year ",firearm events,firearm events,"""Interpersonal (homicide, assault)"", unintentional","""Interpersonal (homicide, assault)"", unintentional",2015-2021,,2.59,5.02,N/A,N/A,,Mean Firearm Incidence Rates for each year 2015-2020,↑ harmful,	Yes – by economic distress and economic connectedness,Stronger effect of laws in low-distress and high-EC ZIPs; weakest effects in most disadvantaged,N/A,"Not measured directly, authors note enforcement and legitimacy may influence law efficacy",,,unclear what the comparator is for this effect size. spell out DCI acronym,,Firearm policy (index/strength measure),Policy environment index / composite score,System: measurement/index (policy strength),
,,https://pubmed.ncbi.nlm.nih.gov/37714415/,5,Agoubi2024 ,"Agoubi, L.L. et al. ",2024,USA- National,"NIH grant, State of Washington ",Journal Article ,Cross-sectional ecological analysis ,ZIP code,7 years (2015-2021),N/A,N/A,Mixed,"Included all ZIP codes with 500 residents or greater in the United States, did not include specific demographic info at the individual level. All urban zipcodes with ≥1 firearm incident (n=266,020 incidents). ",N/A,"273,812 overall firearm incidents in 15,802 unique ZIP codes",Legislation,legislation,"Legislation—restrictive, Legislation—permissive","Legislation—restrictive, Legislation—permissive","Giffords Law Center scores categorized into restrictive (A), moderate (B/C), and permissive (D/F) groups","Background checks, licensing, permit requirements (as grouped in scorecard) ",Yes - state firearm laws from 2015-2020,No,"Firearm law exposure measured annually by Giffords scores, not linked to actual enforcement",grade A,"Negative binomial GLMM (with ZIP and state-year clustering), rate ratio",Firearm-related incident rate - Grade B/C : Overall,Table 3,Firearm Injury,"Mean number of interpersonal + unintentional firearm events per 10,000 persons/year-- rate ratio compared to Giffords grade A zip codes",firearm morbidity,firearm events,"""Interpersonal (homicide, assault)"", unintentional","""Interpersonal (homicide, assault)"", unintentional",2015-2022,,1.07,N/A,1.02,1.14,,...,↑ harmful,...,...,,,,,,,Firearm policy (index/strength measure),Policy environment index / composite score,System: measurement/index (policy strength),
,,,,,,,,,,,,,,,,,,,,,Legislation—permissive,Legislation—permissive,,,,,,,Negative binomial GLMM (with ZIP and state-year clustering),Firearm-related incident rate - Grade D/F : Overall,...,Firearm Injury,...,firearm morbidity,firearm events,"""Interpersonal (homicide, assault)"", unintentional","""Interpersonal (homicide, assault)"", unintentional",...,,1.2,N/A,1.12,1.28,,...,↑ harmful,...,...,,,,,,,,,,
,,,,,,,,,,,,,,,,,,,Community Distress?,,Environmental changes (e.g. covid effects),Environmental changes (e.g. covid effects),,,,,,,Negative binomial GLMM (with ZIP and state-year clustering),Firearm incident rate (DCI--distressed communities index--stratified) - low distress,...,Firearm Injury,...,firearm morbidity,firearm events,"""Interpersonal (homicide, assault)"", unintentional","""Interpersonal (homicide, assault)"", unintentional",...,,1.5,3.18,N/A,N/A,p<.001,...,↑ harmful,...,...,,,,,,,,,,
,,,,,,,,,,,,,,,,,,,Community Distress,,Environmental changes (e.g. covid effects),Environmental changes (e.g. covid effects),,,,,,,Negative binomial GLMM (with ZIP and state-year clustering),Firearm incident rate (DCI stratified) - medium distress,...,Firearm Injury,...,firearm morbidity,firearm events,"""Interpersonal (homicide, assault)"", unintentional","""Interpersonal (homicide, assault)"", unintentional",...,,1.67,N/A,1.6,1.73,p<.001,...,↑ harmful,...,...,,,,,,,,,,
,,,,,,,,,,,,,,,,,,,,,Environmental changes (e.g. covid effects),Environmental changes (e.g. covid effects),,,,,,,Negative binomial GLMM (with ZIP and state-year clustering),Firearm incident rate (DCI stratified) - high distress,...,Firearm Injury,...,firearm morbidity,firearm events,"""Interpersonal (homicide, assault)"", unintentional","""Interpersonal (homicide, assault)"", unintentional",...,,3.18,N/A,3.06,3.3,p<.001,...,↑ harmful,...,...,,,,,,,,,,
,,,,,,,,,,,,,,,,,,,,,Environmental changes (e.g. covid effects),Environmental changes (e.g. covid effects),,,,,,,Negative binomial GLMM (with ZIP and state-year clustering),Firearm incident rate (EC stratified among low SES) upper 50% EC scores ,...,Firearm Injury,...,firearm morbidity,firearm events,"""Interpersonal (homicide, assault)"", unintentional","""Interpersonal (homicide, assault)"", unintentional",...,,1.65,3.26,N/A,N/A,p<.001,...,↑ harmful,...,...,,,,,,,,,,
,,,,,,,,,,,,,,,,,,,,,Environmental changes (e.g. covid effects),Environmental changes (e.g. covid effects),,,,,,,Negative binomial GLMM (with ZIP and state-year clustering),Firearm incident rate (EC stratified among low SES) lower 50% EC scores ,...,Firearm Injury,...,firearm morbidity,firearm events,"""Interpersonal (homicide, assault)"", unintentional","""Interpersonal (homicide, assault)"", unintentional",...,,2.04,N/A,1.97,2.11,p<.001,...,↑ harmful,...,...,,,,,,,,,,
,,,,,,,,,,,,,,,,,,,,,Environmental changes (e.g. covid effects),Environmental changes (e.g. covid effects),,,,,,,Negative binomial GLMM (with ZIP and state-year clustering),Firearm incident rate (EC stratified among high SES) upper 50% EC scores ,...,Firearm Injury,...,firearm morbidity,firearm events,"""Interpersonal (homicide, assault)"", unintentional","""Interpersonal (homicide, assault)"", unintentional",...,,218,4.45,N/A,N/A,p<.001,...,↑ harmful,...,...,,,,,,,,,,
,,,,,,,,,,,,,,,,,,,,,Environmental changes (e.g. covid effects),Environmental changes (e.g. covid effects),,,,,,,Negative binomial GLMM (with ZIP and state-year clustering),Firearm incident rate (EC stratified among high SES) lower 50% EC scores ,...,Firearm Injury,...,firearm morbidity,firearm events,"""Interpersonal (homicide, assault)"", unintentional","""Interpersonal (homicide, assault)"", unintentional",...,,1.85,N/A,1.79,1.92,p<.001,...,↑ harmful,...,...,,,,,,,,,,
,,,,,,,,,,,,,,,,,,,,,,,,,,,,,,,,,,,,,,,,,,,,,,,,,,,,,,,,,,
,,https://pubmed.ncbi.nlm.nih.gov/29229119/,6,Alban2018,"Alban, R. F.",2018,United States - National,None,Jounal article,Multivariate logistic regression models,Hospital discharge records reported in NIS,14 year period: 1998-2011,N/A,N/A,Mixed,"N= 34,994 inpatient discharges were included for analysis and made up the study cohort. The majority of cases occurred in states with Brady grade F (58.2%), followed by grades C (14.9%), A (12.4%), D (11.5%), and B (3.1%).",Brady State Grade A - Strictest category,"34,994 firearm-related suicide attempts between 1998 and 2011. These discharges are further categorized into: A= 4326; B= 1085; C= 5208; D= 4013, F= 20361. ",Legislation,legislation,descriptive/no intervention,descriptive/no intervention,"To evaluate the role of gun laws at the state level and the risk of firearm-related suicides, hospitals were categorized into five groups (A, B, C, D, and F) according to the Brady Center criteria. ","Grade A is the stricted and Grade F is the weakest, with grades reflecting 30 firearm policy approaches to regulate guns and ammunition (such as background checks, safe storage, etc). ","Categorical exposure: Brade grades of A, B, C, D, and F",N/A,N/A,Brady Grade A states ,,Age 45–64 vs <14 years ,...,Firearm-related suicide attempt,"""suicide attempts secondary to firearms"" from hospital discharges",firearm morbidity,firearm morbidity,"""Self-inflicted (suicide, self-harm)""","""Self-inflicted (suicide, self-harm)""",...,,3.49,...,2.58,4.73,p <0.0001,N/A,↑ harmful,...,N/A,,,,,"- What are the Brady center criteria? It’s not clear what the intervention actually was
    - “Brady Grade A states” isn’t the comparator, the vs. is… Are we trying to say this is among Brady Grade A states?
    - What direction is the versus in? Being female is beneficial?
    - Why are hospitals categorized for a legislation intervention?
    - Unclear what the outcome actually is. Outcome name doesn’t reflect outcome.",,Firearm policy (index/strength measure),Policy environment index / composite score,System: measurement/index (policy strength),
,,,,,,,,,,,,,,,,,,,,,descriptive/no intervention,descriptive/no intervention,,,,,,,,Age 24–44 vs <14 years,...,...,...,firearm morbidity,firearm morbidity,"""Self-inflicted (suicide, self-harm)""","""Self-inflicted (suicide, self-harm)""",...,,1.99,...,1.47,2.69,p <0.0001,N/A,↑ harmful,...,N/A,,,,,,,,,,
,,,,,,,,,,,,,,,,,,,,,descriptive/no intervention,descriptive/no intervention,,,,,,,,Age 14–24 vs <14 years,...,...,...,firearm morbidity,firearm morbidity,"""Self-inflicted (suicide, self-harm)""","""Self-inflicted (suicide, self-harm)""",...,,1.59,...,1.17,2.16,p= 0.0033,N/A,↑ harmful,...,N/A,,,,,,,,,,
,,,,,,,,,,,,,,,,,,,,,descriptive/no intervention,descriptive/no intervention,,,,,,,,Female vs Male,...,...,...,firearm morbidity,firearm morbidity,"""Self-inflicted (suicide, self-harm)""","""Self-inflicted (suicide, self-harm)""",...,,0.74,...,0.67,0.81,p <0.0001,N/A,↓ beneficial,...,N/A,,,,,,,,,,
,,,,,,,,,,,,,,,,,,,,,descriptive/no intervention,descriptive/no intervention,,,,,,,,Other vs White,...,...,...,firearm morbidity,firearm morbidity,"""Self-inflicted (suicide, self-harm)""","""Self-inflicted (suicide, self-harm)""",...,,0.34,...,0.29,0.41,p <0.0001,N/A,↓ beneficial,...,N/A,,,,,,,,,,
,,,,,,,,,,,,,,,,,,,,,descriptive/no intervention,descriptive/no intervention,,,,,,,,Hispanic vs White,...,...,...,firearm morbidity,firearm morbidity,"""Self-inflicted (suicide, self-harm)""","""Self-inflicted (suicide, self-harm)""",...,,0.25,...,0.21,0.29,p <0.0001,N/A,↓ beneficial,...,N/A,,,,,,,,,,
,,,,,,,,,,,,,,,,,,,,,descriptive/no intervention,descriptive/no intervention,,,,,,,,Black vs White,...,...,...,firearm morbidity,firearm morbidity,"""Self-inflicted (suicide, self-harm)""","""Self-inflicted (suicide, self-harm)""",...,,0.09,...,0.08,0.1,p <0.0001,N/A,↓ beneficial,...,N/A,,,,,,,,,,
,,,,,,,,,,,,,,,,,,,,,Legislation—permissive,Legislation—permissive,,,,,,,,Brady State F vs State A,...,...,...,firearm morbidity,firearm morbidity,"""Self-inflicted (suicide, self-harm)""","""Self-inflicted (suicide, self-harm)""",...,,1.65,...,1.43,1.91,p <0.0001,N/A,↑ harmful,...,N/A,,,,,,,,,,
,,,,,,,,,,,,,,,,,,,,,Legislation—permissive,Legislation—permissive,,,,,,,,Brady State D vs State A,...,...,...,firearm morbidity,firearm morbidity,"""Self-inflicted (suicide, self-harm)""","""Self-inflicted (suicide, self-harm)""",...,,2.09,...,1.72,2.53,p <0.0001,N/A,↑ harmful,...,N/A,,,,,,,,,,
,,,,,,,,,,,,,,,,,,,,,Legislation—permissive,Legislation—permissive,,,,,,,,Brady State C vs State A,...,...,...,firearm morbidity,firearm morbidity,"""Self-inflicted (suicide, self-harm)""","""Self-inflicted (suicide, self-harm)""",...,,1.73,...,1.43,2.1,p <0.0001,N/A,↑ harmful,...,N/A,,,,,,,,,,
,,,,,,,,,,,,,,,,,,,,,Legislation—permissive,Legislation—permissive,,,,,,,,Brady State B vs State A,...,...,...,firearm morbidity,firearm morbidity,"""Self-inflicted (suicide, self-harm)""","""Self-inflicted (suicide, self-harm)""",...,,1.2,...,0.8,1.79,p= 0.3757,N/A,↔ null,...,N/A,,,,,,,,,,
,,,,,,,,,,,,,,,,,,,,,descriptive/no intervention,descriptive/no intervention,,,,,,,,Alcohol abuse,...,...,...,firearm morbidity,firearm morbidity,"""Self-inflicted (suicide, self-harm)""","""Self-inflicted (suicide, self-harm)""",...,,1.83,...,1.66,2.03,p <0.0001,N/A,↑ harmful,...,N/A,,,,,,,,,,
,,,,,,,,,,,,,,,,,,,,,descriptive/no intervention,descriptive/no intervention,,,,,,,,Drug abuse,...,...,...,firearm morbidity,firearm morbidity,"""Self-inflicted (suicide, self-harm)""","""Self-inflicted (suicide, self-harm)""",...,,1.02,...,0.91,1.14,p= 0.7819,N/A,↔ null,...,N/A,,,,,,,,,,
,,,,,,,,,,,,,,,,,,,,,descriptive/no intervention,descriptive/no intervention,,,,,,,,Psychoses,...,...,...,firearm morbidity,firearm morbidity,"""Self-inflicted (suicide, self-harm)""","""Self-inflicted (suicide, self-harm)""",...,,9.89,...,8.69,11.26,p <0.0001,N/A,↑ harmful,...,N/A,,,,,,,,,,
,,,,,,,,,,,,,,,,,,,,,descriptive/no intervention,descriptive/no intervention,,,,,,,,Depression,...,...,...,firearm morbidity,firearm morbidity,"""Self-inflicted (suicide, self-harm)""","""Self-inflicted (suicide, self-harm)""",...,,6.03,...,5.27,6.89,p <0.0001,N/A,↑ harmful,...,N/A,,,,,,,,,,
,,,,,,,,,,,,,,,,,,,,,descriptive/no intervention,descriptive/no intervention,,,,,,,Multivariate Logistic Regression ,Suicide attempt: age 75+ vs <14 years,Figure 2B ,Firearm-related suicide attempt,"Adjusted odds of inpatient firearm-suicide attempt. As above, but restricted to years 2007–2011","firearm morbidity, firearm mortality",,"""Self-inflicted (suicide, self-harm)""",,2007-2011,,16.85,...,8.69,32.66,p <0.0001,N/A,↑ harmful,Yes - restricted to 2007–2011,ORs mostly consistent with those between the years 1998–2011,,,,,,,,,,
,,,,,,,,,,,,,,,,,,,,,descriptive/no intervention,descriptive/no intervention,,,,,,,,Age 65–74 vs <14 years,...,Firearm-related suicide attempt,...,,,"""Self-inflicted (suicide, self-harm)""",,...,,9.486,...,5.056,17.8,p <0.0001,N/A,↑ harmful,...,...,,,,,,,,,,
,,,,,,,,,,,,,,,,,,,,,descriptive/no intervention,descriptive/no intervention,,,,,,,,Age 45–64 vs <14 years ,...,Firearm-related suicide attempt,...,,,"""Self-inflicted (suicide, self-harm)""",,...,,5.7,...,3.15,10.59,p <0.0001,N/A,↑ harmful,...,...,,,,,,,,,,
,,,,,,,,,,,,,,,,,,,,,descriptive/no intervention,descriptive/no intervention,,,,,,,,Age 24–44 vs <14 years,...,Firearm-related suicide attempt,...,,,"""Self-inflicted (suicide, self-harm)""",,...,,3.21,...,1.72,5.99,p= 0.0002,N/A,↑ harmful,...,...,,,,,,,,,,
,,,,,,,,,,,,,,,,,,,,,descriptive/no intervention,descriptive/no intervention,,,,,,,,Age 14–24 vs <14 years,...,Firearm-related suicide attempt,...,,,"""Self-inflicted (suicide, self-harm)""",,...,,2.4,...,1.27,4.55,p=0.0073,N/A,↑ harmful,...,...,,,,,,,,,,
,,,,,,,,,,,,,,,,,,,,,descriptive/no intervention,descriptive/no intervention,,,,,,,,Female vs Male,...,Firearm-related suicide attempt,...,,,"""Self-inflicted (suicide, self-harm)""",,...,,0.78,...,0.68,0.89,p= 0.0005,N/A,↓ beneficial,...,...,,,,,,,,,,
,,,,,,,,,,,,,,,,,,,,,descriptive/no intervention,descriptive/no intervention,,,,,,,,Other vs White,...,Firearm-related suicide attempt,...,,,"""Self-inflicted (suicide, self-harm)""",,...,,0.39,...,0.3,0.51,p <0.0001,N/A,↓ beneficial,...,...,,,,,,,,,,
,,,,,,,,,,,,,,,,,,,,,descriptive/no intervention,descriptive/no intervention,,,,,,,,Hispanic vs White,...,Firearm-related suicide attempt,...,,,"""Self-inflicted (suicide, self-harm)""",,...,,0.22,...,0.18,0.267,p <0.0001,N/A,↓ beneficial,...,...,,,,,,,,,,
,,,,,,,,,,,,,,,,,,,,,descriptive/no intervention,descriptive/no intervention,,,,,,,,Black vs White,...,Firearm-related suicide attempt,...,,,"""Self-inflicted (suicide, self-harm)""",,...,,0.08,...,0.07,0.1,p <0.0001,N/A,↓ beneficial,...,...,,,,,,,,,,
,,,,,,,,,,,,,,,,,,,,,Legislation—permissive,Legislation—permissive,,,,,,,,Brady State F vs State A,...,Firearm-related suicide attempt,...,,,"""Self-inflicted (suicide, self-harm)""",,...,,1.7,...,1.32,2.18,p <0.0001,N/A,↑ harmful,...,...,,,,,,,,,,
,,,,,,,,,,,,,,,,,,,,,Legislation—permissive,Legislation—permissive,,,,,,,,Brady State D vs State A,...,Firearm-related suicide attempt,...,,,"""Self-inflicted (suicide, self-harm)""",,...,,2.16,...,1.63,2.86,p <0.0001,N/A,↑ harmful,...,...,,,,,,,,,,
,,,,,,,,,,,,,,,,,,,,,Legislation—permissive,Legislation—permissive,,,,,,,,Brady State C vs State A,...,Firearm-related suicide attempt,...,,,"""Self-inflicted (suicide, self-harm)""",,...,,1.49,...,1.1,2.02,p= 0.0096,N/A,↑ harmful,...,...,,,,,,,,,,
,,,,,,,,,,,,,,,,,,,,,Legislation—permissive,Legislation—permissive,,,,,,,,Brady State B vs State A,...,Firearm-related suicide attempt,...,,,"""Self-inflicted (suicide, self-harm)""",,...,,1.16,...,0.7,1.94,p= 0.5633,N/A,↔ null,...,...,,,,,,,,,,
,,,,,,,,,,,,,,,,,,,,,descriptive/no intervention,descriptive/no intervention,,,,,,,,Alcohol abuse,...,Firearm-related suicide attempt,...,,,"""Self-inflicted (suicide, self-harm)""",,...,,1.84,...,1.58,2.13,p <0.0001,N/A,↑ harmful,...,...,,,,,,,,,,
,,,,,,,,,,,,,,,,,,,,,descriptive/no intervention,descriptive/no intervention,,,,,,,,Drug abuse,...,Firearm-related suicide attempt,...,,,"""Self-inflicted (suicide, self-harm)""",,...,,0.87,...,0.73,1.03,p= 0.1138,N/A,↔ null,...,...,,,,,,,,,,
,,,,,,,,,,,,,,,,,,,,,descriptive/no intervention,descriptive/no intervention,,,,,,,,Psychoses,...,Firearm-related suicide attempt,...,,,"""Self-inflicted (suicide, self-harm)""",,...,,8.6,...,7.18,10.3,p <0.0001,N/A,↑ harmful,...,...,,,,,,,,,,
,,,,,,,,,,,,,,,,,,,,,descriptive/no intervention,descriptive/no intervention,,,,,,,,Depression,...,Firearm-related suicide attempt,...,,,"""Self-inflicted (suicide, self-harm)""",,...,,5.43,...,4.53,6.51,p <0.0001,N/A,↑ harmful,...,...,,,,,,,,,,
,,,,,,,,,,,,,,,,,,,,,,,,,,,,,,,,,,,,,,,,,,,,,,,,,,,,,,,,,,
,,https://journals.sagepub.com/doi/full/10.1177/07340168221124453,7,Adams2023,"Adams, K. Alexander ",2023,United States - 50 states,N/A,Journal Article ,Quasi-Experimental ,State,38 years (1980-2018),N/A,N/A,"Mixed (Urban, Suburban, and Rural across States) ","General population: Includes observations from 34 states that adopted SYG laws and 16 that did not. 34 states enacted (26 via statute, 8 via case law)",N/A ,N/A (1950 state-year observations - (50 states x 39 years),Legislation  ,legislation,Legislation—permissive,Legislation—permissive,Implementation of 'Stand Your Ground' laws via statutes or case law throughout states within the US. ,Removal of duty to retreat in public self-defense cases and expanded legal immunity for used of lethal force in self-defense cases,SYG law: Yes/No,Yes ,"SYG status updated for each state-year. Some states enacted SYG laws from legislation, others from case law and the courts (with judicially established case law potentially stalling implementation by one year). ",States without SYG laws ,Fixed effects model ,Murder rate,Table 2 ,Overall Homicide Mortality,"Murder counts/100,000 population",overall mortality,overall mortality,"""Interpersonal (homicide, assault)""","""Interpersonal (homicide, assault)""",Annual; 1980-2018,,0.0076,0.032,N/A,N/A,N/A,N/A,↔ null,No ,N/A,"Controlled for child access prevention and other laws including 'Right to Carry', alcohol consumption, incarceration rates, police presence, and economic and demographic covariates. ",Bias in SYG law enforcenment (racial disparities in legal application of the law),"""Overall, none of the results using our GETS reduced fixed effects""
model were statistically significant.""",,looks good to me,,Firearm policy / legal change,Stand-your-ground / self-defense immunity,System: policy change (access-restricting/regulatory),
,,,,,,,,,,,,,,,,,,,,,Legislation—permissive,Legislation—permissive,,,,,,,...,Assault rate,....,Crime,"Assault rate/100,000",overall crime,overall morbidity,"""Interpersonal (homicide, assault)""","""Interpersonal (homicide, assault)""",...,,0.00121,0.0215,N/A,N/A,N/A,N/A,↔ null,No ,N/A,,,Includes multiple definitions of SYG laws (statutory and case-law) and a broad range of crime outcomes tested,,,,,,,
,,,,,,,,,,,,,,,,,,,,,Legislation—permissive,Legislation—permissive,,,,,,,...,Rape rate ,....,Crime,"Rape counts/100,000 ",overall crime,overall crime,"""Interpersonal (homicide, assault)""","""Interpersonal (homicide, assault)""",...,,0.0127,0.0173,N/A,N/A,N/A,N/A,↔ null,No ,N/A,,,,,,,,,,
,,,,,,,,,,,,,,,,,,,,,Legislation—permissive,Legislation—permissive,,,,,,,...,Robbery rate ,....,Crime ,"Robbery counts/100,000",overall crime,overall crime,unknown/other,,...,,−0.00170,0.0215,N/A,N/A,N/A,N/A,↔ null,No ,N/A,,,,,,,,,,
,,,,,,,,,,,,,,,,,,,,,Legislation—permissive,Legislation—permissive,,,,,,,...,Burglary rate ,....,Crime ,"Burglary counts/100,000",overall crime,overall crime,unknown/other,,...,,0.00518,0.0165,N/A,N/A,N/A,N/A,↔ null,No ,N/A,,,,,,,,,,
,,,,,,,,,,,,,,,,,,,,,Legislation—permissive,Legislation—permissive,,,,,,,...,Auto theft rate ,....,Crime ,"Auto theft counts/100,000",overall crime,overall crime,unknown/other,,...,,0.0208,0.0175,N/A,N/A,N/A,N/A,↔ null,No ,N/A,,,,,,,,,,
,,,,,,,,,,,,,,,,,,,,,Legislation—permissive,Legislation—permissive,,,,,,,...,Larceny rate ,....,Crime ,"Larceny counts/100,000 ",overall crime,overall crime,"""Interpersonal (homicide, assault)""",,...,,−0.00585,0.0121,N/A,N/A,N/A,N/A,↔ null,No ,N/A,,,,,,,,,,
,,,,,,,,,,,,,,,,,,,,,Legislation—permissive,Legislation—permissive,,,,,,States without SYG laws ,Negative binomial regression model  ,Murder rate ,Table 3 ,Overall Homicide,"Murder counts/100,000 ",overall mortality,overall mortality,"""Interpersonal (homicide, assault)""","""Interpersonal (homicide, assault)""",Annual; 1980-2018,,0.0876,0.0972,N/A,N/A,N/A,N/A,↔ null,No ,N/A,,,"""The negative binomial model tended to generate larger effect sizes than the fixed effects model, but like the fixed effects model, none of the results were statistically significant at the traditional 1%, 5%, or 10% levels"" ",,,,,,,
,,,,,,,,,,,,,,,,,,,,,Legislation—permissive,Legislation—permissive,,,,,,,...,Assault Rate ,....,Crime,"Assault rate/100,000",overall morbidity,overall morbidity,"""Interpersonal (homicide, assault)""","""Interpersonal (homicide, assault)""",...,,0.0844,0.0975,N/A,N/A,N/A,N/A,↔ null,No ,N/A,,,,,,,,,,
,,,,,,,,,,,,,,,,,,,,,Legislation—permissive,Legislation—permissive,,,,,,,...,Rape rate,....,Crime,"Rape counts/100,000 ",overall crime,overall crime,"""Interpersonal (homicide, assault)""","""Interpersonal (homicide, assault)""",...,,0.0922,0.0796,N/A,N/A,N/A,N/A,↔ null,No ,N/A,,,,,,,,,,
,,,,,,,,,,,,,,,,,,,,,Legislation—permissive,Legislation—permissive,,,,,,,...,Robbery rate ,....,Crime ,"Robbery counts/100,000",overall crime,overall crime,unknown/other,,...,,0.0965,0.121,N/A,N/A,N/A,N/A,↔ null,No ,N/A,,,,,,,,,,
,,,,,,,,,,,,,,,,,,,,,Legislation—permissive,Legislation—permissive,,,,,,,...,Burglary rate,....,Crime ,"Burglary counts/100,000 ",overall crime,overall crime,unknown/other,,...,,0.0959,0.0792,N/A,N/A,N/A,N/A,↔ null,No ,N/A,,,,,,,,,,
,,,,,,,,,,,,,,,,,,,,,Legislation—permissive,Legislation—permissive,,,,,,,...,Auto theft rate ,....,Crime ,"Auto theft counts/100,000 ",overall crime,overall crime,unknown/other,,...,,0.0832,0.0991,N/A,N/A,N/A,N/A,↔ null,No ,N/A,,,,,,,,,,
,,,,,,,,,,,,,,,,,,,,,Legislation—permissive,Legislation—permissive,,,,,,,...,Larceny rate ,....,Crime ,"Larceny counts/100,000  ",overall crime,overall crime,"""Interpersonal (homicide, assault)""",,...,,0.0606,0.0708,N/A,N/A,N/A,N/A,↔ null,No ,N/A,,,,,,,,,,
,,,,,,,,,,,,,,,,,,,,,,,,,,,,,,,,,,,,,,,,,,,,,,,,,,,,,,,,,,
,,,,,,,,,,,,,,,,,,,,,,,,,,,,,,,,,,,,,,,,,,,,,,,,,,,,,,,,,,
,,https://pmc.ncbi.nlm.nih.gov/articles/PMC7799862/,8,Andrade2020,"Andrade, E.G., et al. ",2020,United States- Contiguous 48 states,NIH/NIAAA grant ,Journal article ,Cross-sectional (network-based with Exponential Random Graph Models),        State-to-state firearm transfer dyads,2015–2017,N/A,N/A,Mixed ,"48 contiguous U.S. states; excludes DC, Alaska, Hawaii; Traced firearms from ATF data (48×48 directed matrix of traced transfers). Of the 48 origin states; 2,130 state-to-state dyads with ≥1 traced transfer; 178,712 total transfers","178,712 total traced firearm transfers over 3 years","2,130 state-to-state dyads (out of 2,304 possible) with ≥1 transfer",Legislation,legislation,Legislation—restrictive,Legislation—restrictive,Total count and composition (7 categories) of firearm laws per state from BU Law Database,"Buyer laws, background checks, trafficking laws, dealer laws, concealed carry, high-risk prohibitions, other laws","Yes – 0 to 133 laws per state, categorized in percent per type",No ,Used law status as of 2015; not evaluated for enforcement,For law-count models: none (continuous),Exponential Random Graph Model (ERGM),traced firearms vs. Origin state: total law count,Table 2 - Model 3,Policing output,IRR per additional state firearm law for traced exports; Sum of the total count of laws from all categories,firearm flow,firearm flow,,,2015-2017,,0.885,N/A,0.813,0.963,0.005,IRR=1.081 (95 % CI 1.009–1.159),↓ beneficial,Yes – law type; geographic adjacency,"Greater traced firearm flows between adjacent states (IRR = 2.49); high exports from states with few laws (AZ, IN)",N/A,N/A,Stricter laws linked to more imports from other states,,"the outcome is IRR of traced firearms, not 100% sure why model 3 was chosen",flag,Firearm policy / legal change,Other firearm policy/legal,System: policy change (access-restricting/regulatory),
,,,,,,,,,,,,,,,,,,,,,Legislation—restrictive,Legislation—restrictive,,,,,,,...,Orgin state: Background checks (%),...,Policing output,% of laws that establish requirements and procedures for firearm dealers to perform background checks on prospective firearm purchasers,firearm flow,firearm flow,,,...,,1.043,N/A,0.962,1.131,0.309,N/A,N/A,...,...,,,,,,,,,,
,,,,,,,,,,,,,,,,,,,,,Legislation—restrictive,Legislation—restrictive,,,,,,,...,Orgin state: Buyer laws (%),...,Policing output,% of laws that firearm purchasers must obey in order to obtain a firearm,firearm flow,firearm flow,,,...,,0.895,N/A,0.832,0.962,0.003,N/A,↑ harmful,...,...,,,Higher buyer law % lowers exports,,,,,,,
,,,,,,,,,,,,,,,,,,,,,Legislation—restrictive,Legislation—restrictive,,,,,,,,Orgin state:Dealer laws (%),,Policing output,"% of laws that establish rules for anyone in the business of selling, lending, or trading firearm",firearm flow,firearm flow,,,,,1.037,N/A,0.984,1.092,0.176,N/A,N/A,...,...,,,,,,,,,,
,,,,,,,,,,,,,,,,,,,,,Legislation—restrictive,Legislation—restrictive,,,,,,,...,Origin state: Firearm trafficking laws (%),...,Policing output,"% of laws that prohibit the sale of firearms with the intent to re-sell them, ban straw purchases, or require gun technology that helps trace firearms or ensure that a gun can be operated only by its owner",firearm flow,firearm flow,,,...,,1.077,N/A,1.008,1.149,0.027,N/A,N/A,...,...,,,More background check laws associated with greater imports,,,,,,,
,,,,,,,,,,,,,,,,,,,,,Legislation—restrictive,Legislation—restrictive,,,,,,,...,Origin state: Prohibitions against high-risk persons (%) ,...,Policing output,"% of laws that prevent individuals with a history of crime, substance use, or mental health issues from possessing firearms",firearm flow,firearm flow,,,...,,0.999,N/A,0.953,1.046,0.954,N/A,N/A,...,...,,,,,,,,,,
,,,,,,,,,,,,,,,,,,,,,Legislation—restrictive,Legislation—restrictive,,,,,,,...,Origin state: Other laws (%),...,Policing output,"% of other laws, including regulations on ammunition, assault weapons and large-capacity ammunition magazines. Also includes the absence of stand your ground laws, laws granting states preemption, and laws providing immunity from prosecution",firearm flow,firearm flow,,,...,,1.021,N/A,0.96,1.084,0.511,N/A,N/A,...,...,,,,,,,,,,
,,,,,,,,,,,,,,,,,,,,,Legislation—restrictive,Legislation—restrictive,,,,,,,...,Destination state: total law count,...,Policing output,IRR per additional state firearm law for traced exports; Sum of the total count of laws from all categories,firearm flow,firearm flow,,,...,,1.081,N/A,1.009,0.027,0.027,IRR=1.081 (95 % CI 1.009–1.159),↑ harmful,...,...,,,,,,,,,,
,,,,,,,,,,,,,,,,,,,,,Legislation—restrictive,Legislation—restrictive,,,,,,,...,Destination state: Background checks (%),...,Policing output,% of laws that establish requirements and procedures for firearm dealers to perform background checks on prospective firearm purchasers,firearm flow,firearm flow,,,...,,1.155,N/A,1.074,1.241,<0.001,N/A,N/A,...,...,,,,,,,,,,
,,,,,,,,,,,,,,,,,,,,,Legislation—restrictive,Legislation—restrictive,,,,,,,,Destination state:Buyer laws (%),,Policing output,% of laws that firearm purchasers must obey in order to obtain a firearm,firearm flow,firearm flow,,,,,0.981,N/A,0.909,1.06,0.634,N/A,N/A,...,...,,,,,,,,,,
,,,,,,,,,,,,,,,,,,,,,Legislation—restrictive,Legislation—restrictive,,,,,,,...,Destination state:Dealer laws (%),...,Policing output,"% of laws that establish rules for anyone in the business of selling, lending, or trading firearm",firearm flow,firearm flow,,,...,,0.906,N/A,0.857,0.958,0.001,N/A,N/A,...,...,,,,,,,,,,
,,,,,,,,,,,,,,,,,,,,,Legislation—restrictive,Legislation—restrictive,,,,,,,...,Destination state: Firearm trafficking laws (%),...,Policing output,"% of laws that prohibit the sale of firearms with the intent to re-sell them, ban straw purchases, or require gun technology that helps trace firearms or ensure that a gun can be operated only by its owner",firearm flow,firearm flow,,,...,,1.07,N/A,0.999,1.145,0.0502,N/A,N/A,...,...,,,,,,,,,,
,,,,,,,,,,,,,,,,,,,,,Legislation—restrictive,Legislation—restrictive,,,,,,,...,Destination state: Prohibitions against high-risk persons (%) ,...,Policing output,"% of laws that prevent individuals with a history of crime, substance use, or mental health issues from possessing firearms",firearm flow,firearm flow,,,...,,1.032,N/A,0.981,1.086,0.228,N/A,N/A,...,...,,,,,,,,,,
,,,,,,,,,,,,,,,,,,,,,Legislation—restrictive,Legislation—restrictive,,,,,,,...,Destination state: Other laws (%),...,Policing output,"% of other laws, including regulations on ammunition, assault weapons and large-capacity ammunition magazines. Also includes the absence of stand your ground laws, laws granting states preemption, and laws providing immunity from prosecution",firearm flow,firearm flow,,,...,,1.032,N/A,0.967,1.101,0.34,N/A,N/A,...,...,,,,,,,,,,
,,,,,,,,,,,,,,,,,,,,,,,,,,,,,,,,,,,,,,,,,,,,,,,,,,,,,,,,,,
,,https://pmc.ncbi.nlm.nih.gov/articles/PMC4566524/,9,Anestis2015,"Anestis, M.D., & Anestis, J.C.",2015,Unites States - National ,N/A,Journal article ,Cross-sectional (state-level ANCOVA with covariate adjustment); supplemental longitudinal trends,State,"1 year, 2013, plus supplemental comparisons from 2009–2013 for select states",N/A,N/A,Mixed ,"All U.S. states and DC; comparisons by presence/absence of specific handgun laws. Includes state-level population data; demographic controls included age, race, poverty, education. ","National suicide rate in 2013 = 13.02 per 100,000; 51.5% of suicides involved firearms",51 jurisdictions (50 states + DC),Legislation,legislation,Legislation—restrictive,Legislation—restrictive,"Presence of laws requiring: (1) waiting periods, (2) universal background checks, (3) gun locks, (4) open carry restrictions","Access restriction at purchase (waiting, background checks), after purchase (gun locks), and day-to-day exposure (open carry)","Yes – binary indicators (law present vs not), some analyses include waiting period length",No,Law status obtained from Law Center to Prevent Gun Violence; law presence modeled in 2013,"States without each specific law, using between-group comparisons",ANCOVA with covariates,Overall Suicide Rate - Waiting period,Table 2 ,Overall suicide mortality,"State-level suicide deaths per 100,000",overall mortality,overall mortality,"""Self-inflicted (suicide, self-harm)""","""Self-inflicted (suicide, self-harm)""",2013,,–2.27,N/A,N/A,N/A,0.086,"Means: No law = 15.72, Yes = 11.45 (waiting); No = 16.49, Yes = 11.42 (background)",↓ beneficial,N/A,N/A,Included traffic law comparators; no other policy changes modeled,N/A,,,looks good to me!,,Firearm policy / legal change,Background checks / permits to purchase / sales regulation,System: policy change (access-restricting/regulatory),
,,,,,,,,,,,,,,,,,,,,,Legislation—restrictive,Legislation—restrictive,,,,,,,...,... - Background check,...,Overall suicide mortality,...,overall mortality,overall mortality,"""Self-inflicted (suicide, self-harm)""","""Self-inflicted (suicide, self-harm)""",...,,5.07,0.93,-5.99,-4.15,p < .001,...,...,...,...,,,,,,,,,,
,,,,,,,,,,,,,,,,,,,,,Legislation—restrictive,Legislation—restrictive,,,,,,,...,... - Gun lock ,...,Overall suicide mortality,...,overall mortality,overall mortality,"""Self-inflicted (suicide, self-harm)""","""Self-inflicted (suicide, self-harm)""",...,,–6.07,...,...,...,p = .002,...,...,...,...,,,,,,,,,,
,,,,,,,,,,,,,,,,,,,,,Legislation—restrictive,Legislation—restrictive,,,,,,,...,... - Open carry restriction ,...,Overall suicide mortality,...,overall mortality,overall mortality,"""Self-inflicted (suicide, self-harm)""","""Self-inflicted (suicide, self-harm)""",...,,–4.35,...,...,...,p < .001,...,...,...,...,,,,,,,,,,
,,,,,,,,,,,,,,,,,,,,,Legislation—restrictive,Legislation—restrictive,,,,,,,ANCOVA with covariates,Firearm-specific suicide rate - waiting period ,Table 3 ,Overall suicide mortality,...,overall mortality,overall mortality,"""Self-inflicted (suicide, self-harm)""","""Self-inflicted (suicide, self-harm)""",...,,-2.37,...,...,...,0.018,"Means: No law = 8.98, Yes = 4.43 (waiting); No = 9.74, Yes = 4.53 (background)",↓ beneficial,...,...,,,,,,,,,,
,,,,,,,,,,,,,,,,,,,,,Legislation—restrictive,Legislation—restrictive,,,,,,,...,... - Background check,...,Overall suicide mortality,...,overall mortality,overall mortality,"""Self-inflicted (suicide, self-harm)""","""Self-inflicted (suicide, self-harm)""",...,,-3.15,1.21,...,...,p < .001,...,...,...,...,,,,,,,,,,
,,,,,,,,,,,,,,,,,,,,,Legislation—restrictive,Legislation—restrictive,,,,,,,...,... - Gun lock ,...,Overall suicide mortality,...,overall mortality,overall mortality,"""Self-inflicted (suicide, self-harm)""","""Self-inflicted (suicide, self-harm)""",...,,-3.07,...,...,...,0.031,...,...,...,...,,,,,,,,,,
,,,,,,,,,,,,,,,,,,,,,Legislation—restrictive,Legislation—restrictive,,,,,,,...,... - Open carry restriction ,...,Overall suicide mortality,...,overall mortality,overall mortality,"""Self-inflicted (suicide, self-harm)""","""Self-inflicted (suicide, self-harm)""",...,,-2.38,...,...,...,0.002,...,...,...,...,,,,,,,,,,
,,,,,,,,,,,,,,,,,,,,,Legislation—restrictive,Legislation—restrictive,,,,,,,ANCOVA with covariates,% of suicides due to firearms - waiting period ,Table 3 ,Overall suicide mortality,Firearm suicides / all suicides (percent),firearm mortality,firearm mortality,"""Self-inflicted (suicide, self-harm)""","""Self-inflicted (suicide, self-harm)""",...,,-7.1,...,...,...,0.041,"Means: No law = 55.8%, Yes = 35.8% (waiting); No = 58.8%, Yes = 36.8% (background)",↓ beneficial,...,...,,,,,,,,,,
,,,,,,,,,,,,,,,,,,,,,Legislation—restrictive,Legislation—restrictive,,,,,,,...,... - Background check,...,Overall suicide mortality,...,firearm mortality,firearm mortality,"""Self-inflicted (suicide, self-harm)""","""Self-inflicted (suicide, self-harm)""",...,,-9.9,...,-15.7,-4.1,0.001,...,...,...,...,,,,,,,,,,
,,,,,,,,,,,,,,,,,,,,,Legislation—restrictive,Legislation—restrictive,,,,,,,...,... - Gun lock ,...,Overall suicide mortality,...,firearm mortality,firearm mortality,"""Self-inflicted (suicide, self-harm)""","""Self-inflicted (suicide, self-harm)""",...,,-13.7,...,...,...,0.005,...,...,...,...,,,,,,,,,,
,,,,,,,,,,,,,,,,,,,,,Legislation—restrictive,Legislation—restrictive,,,,,,,...,... - Open carry restriction ,...,Overall suicide mortality,...,firearm mortality,firearm mortality,"""Self-inflicted (suicide, self-harm)""","""Self-inflicted (suicide, self-harm)""",...,,-6.6,...,...,...,0.016,...,...,...,...,,,,,,,,,,
,,,,,,,,,,,,,,,,,,,,,Legislation—restrictive,Legislation—restrictive,,,,,,,Mediation analysis (bootstrapped),Indirect effect on overall suicide rate - waiting period ,Table 4 ,Overall suicide mortality,Indirect effect via firearm suicide share,overall mortality,overall mortality,"""Self-inflicted (suicide, self-harm)""","""Self-inflicted (suicide, self-harm)""",...,,–2.86,...,-5.3,-1.42,...,...,↓ beneficial,...,...,,,,,,,,,,
,,,,,,,,,,,,,,,,,,,,,Legislation—restrictive,Legislation—restrictive,,,,,,,,... - Background check,...,Overall suicide mortality,...,overall mortality,overall mortality,"""Self-inflicted (suicide, self-harm)""","""Self-inflicted (suicide, self-harm)""",...,,–2.30,...,...,...,...,...,...,...,...,,,,,,,,,,
,,,,,,,,,,,,,,,,,,,,,Legislation—restrictive,Legislation—restrictive,,,,,,,,... - Gun lock ,...,Overall suicide mortality,...,overall mortality,overall mortality,"""Self-inflicted (suicide, self-harm)""","""Self-inflicted (suicide, self-harm)""",...,,–3.60,...,...,...,...,...,...,...,...,,,,,,,,,,
,,,,,,,,,,,,,,,,,,,,,Legislation—restrictive,Legislation—restrictive,,,,,,,,... - Open carry restriction ,...,Overall suicide mortality,...,overall mortality,overall mortality,"""Self-inflicted (suicide, self-harm)""","""Self-inflicted (suicide, self-harm)""",...,,–1.93,...,...,...,...,...,...,...,...,,,,,,,,,,
,,,,,,,,,,,,,,,,,,,,,,,,,,,,,,,,,,,,,,,,,,,,,,,,,,,,,,,,,,
,,https://ajph.aphapublications.org/doi/10.2105/AJPH.2020.306019,10,Anestis2021 ,"Anestis, M.D. et al. ",2021,United States - Mississippi,Military Suicide Research Consortium (MSRC) / Department of Defense (DoD) / Office of the Assistant Secretary of Defense for Health Affairs,Journal Article ,RCT (2x2 factorial) ,Individual (National Guard Service Members) ,"Baseline, 3 and 6 months post intervention ",N/A,N/A,Mixed (Military and Community-Based) ,"High Firearm Ownership State; Firearm owning National Guard members (87.5% male, mean age 35.01 years, 77.2% white) ",N/A,232 at baseline (randomized); 209 at 6 month follow-up ,Community-based,community-based,"Community-based/Place-based, Counseling/Behavioral","Community-based/Place-based, Counseling/Behavioral",Counseling on safe firearm storage practices usint Motivational interview based Lethal Means Counseling and/or distribution of cable gun locks  ,Counseling on safe storage options and distribution of cable locks for up to 10 firearms ,Single LMC session intervention (10-15 min); follow-up at 3 and 6 months ,Yes ,LMC Delivered by PhD students: at least 2 practice trainings with a minimum 85% fidelity threshold reported - monitored and supervised. ,Health and Stress Counseling (active control),"Generalized linear mixed modeling
(GLMM) - Poisson : LMC vs. HSC",# of storage methods,Table 2 ,Firearm behaviors and attitudes,"Count of practices (use of gun safe, use of locking device, unloaded vs loaded); binary (yes/no)",firearm behaviors (anti-firearm),firearm behaviors (anti-firearm),n/a,n/a,3 & 6 months ,,d =0.12 (3mo); d =0.13 (6mo),95% CI,N/A,N/A,N/A,N/A,↔ null,No ,N/A,N/A,Variability in baseline storage practices; self-report bias ,"Study focused on primary prevention, high retention (90.9%) ",,"I don't understand what effect size ""d"" is, record 3 and 6 months separately; I don't think Poisson GLMs produce Odds Ratios-- i think these are logistic GLMs",flag,Firearm policy / legal change,Child access prevention / safe storage mandates,System: policy change (access-restricting/regulatory),
,,,,,,,,,,,,,,,,,,,,,"Community-based/Place-based, Counseling/Behavioral","Community-based/Place-based, Counseling/Behavioral",,,,,,,...,Gun safe use,...,Firearm behaviors and attitudes,% storing firearm in gun safe,firearm behaviors (anti-firearm),firearm behaviors (anti-firearm),n/a,n/a,...,,OR =1.76 (3mo); OR =1.26 (6mo),...,N/A,N/A,N/A,N/A,↔ null,No ,N/A,,,Universal background checks and gun-lock laws showed the largest reductions in firearm‐suicide rates (26–50% lower,,,,,,,
,,,,,,,,,,,,,,,,,,,,,"Community-based/Place-based, Counseling/Behavioral","Community-based/Place-based, Counseling/Behavioral",,,,,,,...,Locked device use,...,Firearm behaviors and attitudes,% using locking device,firearm behaviors (anti-firearm),firearm behaviors (anti-firearm),n/a,n/a,...,,OR =1.15 (3mo); OR =1.91 (6mo),...,N/A,N/A,N/A,N/A,↓ beneficial,No ,N/A,,,"States enacting laws saw immediate 1–3% decreases in suicide rates, whereas repeal (SD) led to +7.6% increase",,,,,,,
,,,,,,,,,,,,,,,,,,,,,"Community-based/Place-based, Counseling/Behavioral","Community-based/Place-based, Counseling/Behavioral",,,,,,,...,Unloaded firearm storage ,...,Firearm behaviors and attitudes,% storing firearms unloaded,firearm behaviors (anti-firearm),firearm behaviors (anti-firearm),n/a,n/a,...,,OR =1.17 (3mo); OR =0.97 (6mo),...,N/A,N/A,N/A,N/A,↔ null,No ,N/A,,,,,,,,,,
,,,,,,,,,,,,,,,,,,,,,"Community-based/Place-based, Counseling/Behavioral","Community-based/Place-based, Counseling/Behavioral",,,,,,No Cable Locks ,"Generalized linear mixed modeling
(GLMM) - Poisson : CL vs No CL",# of storage methods,...,Firearm behaviors and attitudes,"Count (gun safe, locking device, unloaded vs loaded); binary (yes/no)",firearm behaviors (anti-firearm),firearm behaviors (anti-firearm),n/a,n/a,3 & 6 months ,,d =0.29 (3mo); d =0.15 (6mo),95% CI,N/A,N/A,N/A,N/A,↓ beneficial,No ,N/A,,,,,,,,,,
,,,,,,,,,,,,,,,,,,,,,"Community-based/Place-based, Counseling/Behavioral","Community-based/Place-based, Counseling/Behavioral",,,,,,,...,Gun safe use,...,Firearm behaviors and attitudes,% storing firearm in gun safe,firearm behaviors (anti-firearm),firearm behaviors (anti-firearm),n/a,n/a,...,,OR =1.35 (3mo); OR =1.34 (6mo),...,N/A,N/A,N/A,N/A,↔ null,No ,N/A,,,,,,,,,,
,,,,,,,,,,,,,,,,,,,,,"Community-based/Place-based, Counseling/Behavioral","Community-based/Place-based, Counseling/Behavioral",,,,,,,...,Locked device use,...,Firearm behaviors and attitudes,% using locking device,firearm behaviors (anti-firearm),firearm behaviors (anti-firearm),n/a,n/a,...,,OR =3.49 (3mo); OR =2.52 (6mo),...,N/A,N/A,N/A,N/A,↓ beneficial,No ,N/A,,,,,,,,,,
,,,,,,,,,,,,,,,,,,,,,"Community-based/Place-based, Counseling/Behavioral","Community-based/Place-based, Counseling/Behavioral",,,,,,,...,Unloaded firearm storage ,...,Firearm behaviors and attitudes,% storing firearms unloaded,firearm behaviors (anti-firearm),firearm behaviors (anti-firearm),n/a,n/a,...,,OR =1.11 (3mo); OR =1.39 (6mo),...,N/A,N/A,N/A,N/A,↔ null,No ,N/A,,,,,,,,,,
,,,,,,,,,,,,,,,,,,,,,,,,,,,,,,,,,,,,,,,,,,,,,,,,,,,,,,,,,,
,,https://pubmed.ncbi.nlm.nih.gov/9193237/,11,Arria 1997,"Arria, A.M et al., 1997 ",1997,United States - Mid-Atlantic urban area ,"NIDA, NIMH grants ",Journal Article ,Prospective cohort study (conditional logistic regression),Person; Individual youth (school‐grade matched sets),1 year (Spring 1992 to Spring 1993),N/A,N/A,Urban,"Public middle schools in a single mid-Atlantic U.S. city. 1131 middle school students, 47% boys, predominantly Black and White youth from low- to middle-income neighborhoods",17% (194/1131) reported carrying a lethal weapon over follow-up,"N = 1131 total (194 active cases, 116 incident weapon carriers, 937 noncases)",Observational – no intervention (fearfulness) ,no intervention,descriptive/no intervention,descriptive/no intervention,"Self-reported fears (agoraphobic‐type) measured at baseline via 4-item scale: leaving home alone, closed/crowded places, public transport, open spaces",4 dichotomous fear items summed (range 0–4); individual fear‐items analyzed separately,Fear‐score per 1-point increase; existence/absence of each specific fear,No,Private interviews by trained staff; factor analysis supported single underlying fear factor (Cronbach α = 0.49),Youth with no fears,Conditional logistic regression (OR) - Cross sectional Analyses,Fear score,Table 2,Firearm behaviors and attitudes,"Self-report of carrying a lethal weapon (gun, razor, machete) for defense during the 1-year follow-up",firearm behaviors (anti-firearm),firearm behaviors (anti-firearm),n/a,n/a,1992–1993,,1.19,N/A,N/A,N/A,0.02,N/A,↑ harmful ,"Yes – by sex, age, deviant peer affiliation, neighborhood danger","Stronger associations among youth with low worry, low deviance, and low danger perception (adjusted RR = 1.68); sex not predictive in prospective analysis",N/A,1400 interviewed → 1228 re‐interviewed → 1195 complete data → 1131 matched sets; self-report bias,Greater fear associated with weapon carrying,,unclear to me what the intervention is here,flag,Clinical counseling / screening,Clinical counseling / screening / decision support,Service: clinical counseling/screening (behavior change),
,,,,,,,,,,,,,,,,,,,,,descriptive/no intervention,descriptive/no intervention,,,,,,,...,Fear of crowded or closed-in places,...,Firearm behaviors and attitudes,...,firearm behaviors (anti-firearm),firearm behaviors (anti-firearm),n/a,n/a,...,,1.79,N/A,N/A,N/A,<.001,N/A,↑ harmful,...,...,,,,,,,,,,
,,,,,,,,,,,,,,,,,,,,,descriptive/no intervention,descriptive/no intervention,,,,,,,...,Fear of leaving home by oneself,...,Firearm behaviors and attitudes,...,firearm behaviors (anti-firearm),firearm behaviors (anti-firearm),n/a,n/a,...,,1.39,N/A,N/A,N/A,0.08,N/A,↑ harmful,...,...,,,,,,,,,,
,,,,,,,,,,,,,,,,,,,,,descriptive/no intervention,descriptive/no intervention,,,,,,,...,Fear of public transportation,...,Firearm behaviors and attitudes,...,firearm behaviors (anti-firearm),firearm behaviors (anti-firearm),n/a,n/a,...,,1.08,N/A,N/A,N/A,0.68,N/A,↔ null,...,...,,,,,,,,,,
,,,,,,,,,,,,,,,,,,,,,descriptive/no intervention,descriptive/no intervention,,,,,,,...,Fear of open spaces,...,Firearm behaviors and attitudes,...,firearm behaviors (anti-firearm),firearm behaviors (anti-firearm),n/a,n/a,...,,1,N/A,N/A,N/A,0.99,N/A,↔ null,...,...,,,,,,,,,,
,,,,,,,,,,,,,,,,,,,,,descriptive/no intervention,descriptive/no intervention,,,,,,,Conditional logistic regression (RR) - Prospective Analyses,Fear score,...,Firearm behaviors and attitudes,...,firearm behaviors (anti-firearm),firearm behaviors (anti-firearm),n/a,n/a,...,,1.3,N/A,N/A,N/A,0.003,N/A,↑ harmful,...,...,,,,,,,,,,
,,,,,,,,,,,,,,,,,,,,,descriptive/no intervention,descriptive/no intervention,,,,,,,...,Fear of crowded or closed-in places,...,Firearm behaviors and attitudes,...,firearm behaviors (anti-firearm),firearm behaviors (anti-firearm),n/a,n/a,...,,1.92,N/A,N/A,N/A,0.002,N/A,↑ harmful,...,...,,,,,,,,,,
,,,,,,,,,,,,,,,,,,,,,descriptive/no intervention,descriptive/no intervention,,,,,,,...,Fear of leaving home by oneself,...,Firearm behaviors and attitudes,...,firearm behaviors (anti-firearm),firearm behaviors (anti-firearm),n/a,n/a,...,,1.72,N/A,N/A,N/A,0.02,N/A,↑ harmful,...,...,,,,,,,,,,
,,,,,,,,,,,,,,,,,,,,,descriptive/no intervention,descriptive/no intervention,,,,,,,...,Fear of public transportation,...,Firearm behaviors and attitudes,...,firearm behaviors (anti-firearm),firearm behaviors (anti-firearm),n/a,n/a,...,,1.28,N/A,N/A,N/A,0.28,N/A,↔ null,...,...,,,,,,,,,,
,,,,,,,,,,,,,,,,,,,,,descriptive/no intervention,descriptive/no intervention,,,,,,,...,Fear of open spaces,...,Firearm behaviors and attitudes,...,firearm behaviors (anti-firearm),firearm behaviors (anti-firearm),n/a,n/a,...,,1.19,N/A,N/A,N/A,0.46,N/A,↔ null,...,...,,,,,,,,,,
,,,,,,,,,,,,,,,,,,,,,,,,,,,,,,,,,,,,,,,,,,,,,,,,,,,,,,,,,,
,,https://ianayres.yale.edu/sites/default/files/files/The%20Walmart%20Effect%20SSRN.pdf,12,Ayres2020,"Ayres, I., Shelley, Z., & Vars, F.E. ",2020,United States - excluding Alaska and Hawaii,N/A,Journal Article ,Quasi-Experimental ,County,12 years for 1994 policy (1989-2005); 10 years for 2006 policy (1996-2016),N/A,N/A,"Mixed (Urban, Suburban, and Rural) ","Counties across the U.S with and without Walmart stores that have Federal Firearm Licensees (FFL) prior to policy changes. No controls: 3129 counties (1994) and 3134 counties (2006); 2838 counties (1994) and 3089 (2006). Demographic controls on population are age, race, poverty status, vetern status. ","Firearm suicide rate approximately 7.82 per 100,000 (before 1994 policy)",53193 observations (1994); 34600 (2006),Retail/Corporate Policy ,legislation,Retail Practice—restrictive,Retail Practice—restrictive,"Walmart stopped the sale of handguns in 1994, and later long guns in around 59% of locataions in 2006. ",Removal of retail access to firearms in affected counties across the U.S,"1975 stores no longer sell handguns as of 1994, 59% stores stop long gun sales in 2006. ",Yes,"FFL licensing data was used to gage for the presence or absence of Walmart firearm sales. Walmart did not reverse their policy on handguns, but they did for rifles and shotguns after 2011. ",Effect of 1994 Walmart Handgun Sales Ban on Firearm Suicide Rates; Had Walmart FFL in 1993,"Difference-in Difference; No County FE, No Controls ",Firearm suicide rate,Table 2 ,Firearm suicide mortality,"Suicide Deaths by firearm/100,000 (CDC)",firearm mortality,firearm mortality,"""Self-inflicted (suicide, self-harm)""","""Self-inflicted (suicide, self-harm)""","Annual; Baseline: 1989-1993, Post Policy: 1994-2005",,-0.525,-5.77,N/A,N/A,p <0.01,"7.5% reduction from the baseline rate weighted average rate of 7.82 suicides/ 100,000 residents, translating to 998 lives saved annually ",↓ beneficial,No ,N/A,Controlled for state gun laws (Everytown Index),N/A,,,looks good to me!,,Clinical counseling / screening,Clinical counseling / screening / decision support,Service: clinical counseling/screening (behavior change),
,,,,,,,,,,,,,,,,,,,,,Retail Practice—restrictive,Retail Practice—restrictive,,,,,,,"Difference-in Difference; No County FE, Controls",...,...,Firearm suicide mortality,...,firearm mortality,firearm mortality,"""Self-inflicted (suicide, self-harm)""","""Self-inflicted (suicide, self-harm)""",...,,-0.495,-3.77,N/A,N/A,p <0.01,N/A,↓ beneficial,No ,N/A,,,,,,,,,,
,,,,,,,,,,,,,,,,,,,,,Retail Practice—restrictive,Retail Practice—restrictive,,,,,,,Difference-in Difference; County FE and No Controls ,...,...,Firearm suicide mortality,...,firearm mortality,firearm mortality,"""Self-inflicted (suicide, self-harm)""","""Self-inflicted (suicide, self-harm)""",...,,-0.525,-5.77,N/A,N/A,p <0.01,N/A,↓ beneficial,Yes,"Largest reduction in large metropolitan counties, counties with low social capital, states with fewer gun laws and states without handgun waiting periods from 1994-2005 ",,,,,,,,,,
,,,,,,,,,,,,,,,,,,,,,Retail Practice—restrictive,Retail Practice—restrictive,,,,,,,Difference-in Difference; County FE and Controls ,...,...,Firearm suicide mortality,...,firearm mortality,firearm mortality,"""Self-inflicted (suicide, self-harm)""","""Self-inflicted (suicide, self-harm)""",...,,-0.224,-2.73,N/A,N/A,p <0.01,"425 lives saved in these counties annually, or more than 5,200 lives saved cumulatively for the 12 year estimated time period",↓ beneficial,Yes,...,,,,,,,,,,
,,,,,,,,,,,,,,,,,,,,,Retail Practice—restrictive,Retail Practice—restrictive,,,,,,,Non-Firearms Suicide Rate; County FE and Controls,...,...,non-firearm suicide mortality,...,nonfirearm mortality,nonfirearm mortality,"""Self-inflicted (suicide, self-harm)""","""Self-inflicted (suicide, self-harm)""",...,,0.104,-1.27,N/A,N/A,p <0.01,N/A,↓ beneficial,No ,N/A,,,,,,,,,,
,,,,,,,,,,,,,,,,,,,,,Retail Practice—restrictive,Retail Practice—restrictive,,,,,,Effect of 2006 Walmart Long gun Sales Ban on Firearm Suicide Rates; Lost Walmart FFL ,"Difference-in Difference; No County FE, No Controls ",Firearm Suicide Rate ,Table 4 ,Firearm suicide mortality,"Suicide Deaths by firearm/100,000 ",firearm mortality,firearm mortality,"""Self-inflicted (suicide, self-harm)""","""Self-inflicted (suicide, self-harm)""","Annual; Baseline: 1996-2005, Post Policy: 2007-2010",,-0.547,-5.19,N/A,N/A,p < 0.01,N/A,↓ beneficial,No ,N/A,,,,,,,,,,
,,,,,,,,,,,,,,,,,,,,,Retail Practice—restrictive,Retail Practice—restrictive,,,,,,,"Difference-in Difference; No County FE, Controls)",...,...,Firearm suicide mortality,...,firearm mortality,firearm mortality,"""Self-inflicted (suicide, self-harm)""","""Self-inflicted (suicide, self-harm)""",...,,-0.172,-1.64,N/A,N/A,p > 0.1,N/A,↔ null,No ,N/A,,,,,,,,,,
,,,,,,,,,,,,,,,,,,,,,Retail Practice—restrictive,Retail Practice—restrictive,,,,,,,Difference-in Difference; County FE and No Controls ,...,...,Firearm suicide mortality,...,firearm mortality,firearm mortality,"""Self-inflicted (suicide, self-harm)""","""Self-inflicted (suicide, self-harm)""",...,,-0.547,-5.19,N/A,N/A,p < 0.01,N/A,↓ beneficial,No ,N/A,,,,,,,,,,
,,,,,,,,,,,,,,,,,,,,,Retail Practice—restrictive,Retail Practice—restrictive,,,,,,,Difference-in Difference; County FE and Controls ,...,...,Firearm suicide mortality,...,firearm mortality,firearm mortality,"""Self-inflicted (suicide, self-harm)""","""Self-inflicted (suicide, self-harm)""",...,,-0.0722,-0.82,N/A,N/A,p > 0.1,N/A,↔ null,No ,N/A,,,,,,,,,,
,,,,,,,,,,,,,,,,,,,,,Retail Practice—restrictive,Retail Practice—restrictive,,,,,,,Non-Firearms Suicide Rate; County FE and Controls,...,...,non-firearm suicide mortality,...,nonfirearm mortality,nonfirearm mortality,"""Self-inflicted (suicide, self-harm)""","""Self-inflicted (suicide, self-harm)""",...,,-0.121,-1.48,N/A,N/A,p > 0.1,N/A,↔ null,No ,N/A,,,,,,,,,,
,,,,,,,,,,,,,,,,,,,,,Retail Practice—restrictive,Retail Practice—restrictive,,,,,,"Intensity of Treatment Estimates, # of years a county had fewer Walmart FFLs than in 2006 - Continuous Years ","Difference-in Difference; No County FE, No Controls ",Firearm Suicide Rate ,Table 5 ,Firearm suicide mortality,"Suicide Deaths by firearm/100,000 ",firearm mortality,firearm mortality,"""Self-inflicted (suicide, self-harm)""","""Self-inflicted (suicide, self-harm)""",2007-2016,,-0.0856,-7.27,N/A,N/A,p < 0.01,N/A,↓ beneficial,No ,N/A,,,,,,,,,,
,,,,,,,,,,,,,,,,,,,,,Retail Practice—restrictive,Retail Practice—restrictive,,,,,,,"Difference-in Difference; No County FE, Controls)",...,...,Firearm suicide mortality,...,firearm mortality,firearm mortality,"""Self-inflicted (suicide, self-harm)""","""Self-inflicted (suicide, self-harm)""",...,,-0.0385,-3.28,N/A,N/A,p < 0.01,N/A,↓ beneficial,No ,N/A,,,,,,,,,,
,,,,,,,,,,,,,,,,,,,,,Retail Practice—restrictive,Retail Practice—restrictive,,,,,,,Difference-in Difference; County FE and No Controls ,...,...,Firearm suicide mortality,...,firearm mortality,firearm mortality,"""Self-inflicted (suicide, self-harm)""","""Self-inflicted (suicide, self-harm)""",...,,-0.0856,-7.27,N/A,N/A,p < 0.01,N/A,↓ beneficial,No ,N/A,,,,,,,,,,
,,,,,,,,,,,,,,,,,,,,,Retail Practice—restrictive,Retail Practice—restrictive,,,,,,,Difference-in Difference; County FE and Controls ,...,...,Firearm suicide mortality,...,firearm mortality,firearm mortality,"""Self-inflicted (suicide, self-harm)""","""Self-inflicted (suicide, self-harm)""",...,,-0.022,-2.42,N/A,N/A,p < 0.01,N/A,↓ beneficial,No ,N/A,,,,,,,,,,
,,,,,,,,,,,,,,,,,,,,,Retail Practice—restrictive,Retail Practice—restrictive,,,,,,,Non-Firearms Suicide Rate; County FE and Controls,...,...,non-firearm suicide mortality,...,nonfirearm mortality,nonfirearm mortality,"""Self-inflicted (suicide, self-harm)""","""Self-inflicted (suicide, self-harm)""",...,,-0.0287,-3.2,N/A,N/A,p < 0.01,N/A,↓ beneficial,No ,N/A,,,,,,,,,,
,,,,,,,,,,,,,,,,,,,,,,,,,,,,,,,,,,,,,,,,,,,,,,,,,,,,,,,,,,
,,https://pubmed.ncbi.nlm.nih.gov/32119063/,13,Azad2020,"Azad, H. A. et al. ",2020,United States - National,N/A,Journal Article,"State-level, cross-sectional ecological panel study using negative-binomial mixed models",State-year ,1991-2016,N/A,N/A,Mixed,"State-level fatality rates in children 0–14 from WISQARS (1991–2007) and CDC Compressed Mortality File (2008–2016); All pediatric (0–14 y) firearm fatalities (n = 13 697) across 50 states 
",Reference = states without CAP laws (or with recklessness laws when comparing negligence),26 × 50 = 1300 state-year observations; 13697 fatalities total,Legislation ,legislation,Legislation—restrictive,Legislation—restrictive,Child Access Prevention (CAP) laws. Five CAP law types by state-year: Recklessness (providing firearm to child); Negligence–child uses (child must use); Negligence–child accesses (child only needs to access); Negligence–child could access (potential access); Any negligence (types 2–4 combined) ,Liability for adult owners based on storage/outreach criteria; varying stringency across the four negligence subtypes,"Yes; Categorical indicator of CAP law presence/type, lagged 1 y",No ,CAP law data from State Firearm Laws Database; lagged so law passage year ‘t’ affects outcomes in year ‘t + 1’,no CAP,Negative binomial mixed model ,All-intent firearm fatalities - States with Recklessness laws ,Table IRRs,Firearm mortality,State fatality rate per 100 000 children,firearm mortality,firearm mortality,"unintentional, ""Self-inflicted (suicide, self-harm)"", Legal intervention, unknown/other, ""Interpersonal (homicide, assault)"", mass shooting","unintentional, ""Self-inflicted (suicide, self-harm)"", Legal intervention, unknown/other, ""Interpersonal (homicide, assault)"", mass shooting",1991–2016,,1.06,N/A,0.97,1.16,N/A,N/A,↔ null,No ,N/A,"Models adjusted for three other firearm laws (universal background checks, permit-to-purchase, waiting periods), proxy firearm ownership rate, year, and state‐level covariates (law-enforcement officers per capita, population density, incarceration, violent & nonviolent crime rates) ",N/A,Recklessness laws not associated with reductions in any intent,,"I think the comparator is just ""no CAP""? unclear from this extraction. We could backcalculate a p-value but I don't think we need to",flag,Firearm policy / legal change,Child access prevention / safe storage mandates,System: policy change (access-restricting/regulatory),
,,,,,,,,,,,,,,,,,,,,,Legislation—restrictive,Legislation—restrictive,,,,,,,...,All-intent firearm fatalities - States with Negligence laws ,...,Firearm mortality,...,firearm mortality,firearm mortality,"unintentional, ""Self-inflicted (suicide, self-harm)"", Legal intervention, unknown/other, ""Interpersonal (homicide, assault)"", mass shooting","unintentional, ""Self-inflicted (suicide, self-harm)"", Legal intervention, unknown/other, ""Interpersonal (homicide, assault)"", mass shooting",...,,0.87,N/A,0.82,0.93,< .001,...,↓ beneficial,...,...,,,,,,,,,,
,,,,,,,,,,,,,,,,,,,,,Legislation—restrictive,Legislation—restrictive,,,,,,,...,Homocide - States with Recklessness laws ,...,firearm homicide mortality,...,firearm mortality,firearm mortality,"""Interpersonal (homicide, assault)""","""Interpersonal (homicide, assault)""",...,,1.05,N/A,0.95,1.15,N/A,...,↔ null,...,...,,,,,,,,,,
,,,,,,,,,,,,,,,,,,,,,Legislation—restrictive,Legislation—restrictive,,,,,,,...,Homocide - States with Negligence laws ,...,firearm homicide mortality,...,firearm mortality,firearm mortality,"""Interpersonal (homicide, assault)""","""Interpersonal (homicide, assault)""",...,,0.85,N/A,0.78,0.93,< .001,...,↓ beneficial,...,...,,,,,,,,,,
,,,,,,,,,,,,,,,,,,,,,Legislation—restrictive,Legislation—restrictive,,,,,,,...,Suicide - States with Recklessness laws ,...,firearm suicide mortality,...,firearm mortality,firearm mortality,"""Self-inflicted (suicide, self-harm)""","""Self-inflicted (suicide, self-harm)""",...,,1.06,N/A,0.91,1.24,N/A,...,↔ null,...,...,,,,,,,,,,
,,,,,,,,,,,,,,,,,,,,,Legislation—restrictive,Legislation—restrictive,,,,,,,...,Suicide - States with Negligence laws ,...,firearm suicide mortality,...,firearm mortality,firearm mortality,"""Self-inflicted (suicide, self-harm)""","""Self-inflicted (suicide, self-harm)""",...,,0.88,N/A,0.8,0.98,0.02,...,↓ beneficial,...,...,,,,,,,,,,
,,,,,,,,,,,,,,,,,,,,,Legislation—restrictive,Legislation—restrictive,,,,,,,...,Unintentional - States with Recklessness laws ,...,firearm unintentional mortality,...,firearm mortality,firearm mortality,unintentional,unintentional,...,,1.15,N/A,0.98,1.34,N/A,...,↔ null,...,...,,,,,,,,,,
,,,,,,,,,,,,,,,,,,,,,Legislation—restrictive,Legislation—restrictive,,,,,,,...,Unintentional  - States with Negligence laws ,...,firearm unintentional mortality,...,firearm mortality,firearm mortality,unintentional,unintentional,...,,0.87,N/A,0.76,0.99,0.04,...,↓ beneficial,...,...,,,,,,,,,,
,,,,,,,,,,,,,,,,,,,,,,,,,,,,,,,,,,,,,,,,,,,,,,,,,,,,,,,,,,
,,https://pubmed.ncbi.nlm.nih.gov/30149247/,14,Balestra2018 ,Simone Balestra ,2018,Switzerland – 26 cantons,N/A,Journal Article,Natural-experiment panel with IV,Canton-year ,1995–2014,N/A,N/A,Mixed,Annual canton-level suicide counts and military-issued gun stocks. All residents; male and female suicide rates per 100000. ,Pre-reform mean gun suicide rate = 5.30 /100000,26 cantons × 20 years = 520 observations,Legislation ,legislation,Legislation—restrictive,Legislation—restrictive,"Indirect Legislation via military reform. Army XXI (May 2003): discharge age lowered from 43 to 33, meaning a reduction of 1300 guns/100000 population",Forced discharge of older soldiers; new license fee for keeping service weapon,"Yes, Discrete reform indicator",No ,Federal reform; no canton-level variation in adoption timing,Pre- vs post-2003 reform ,Reduced form (Equation 2),Gun suicide rate reform - Full sample - Model 1,Table 2 ,firearm suicide mortality,Gun suicides per 100000 population per Canton,firearm mortality,firearm mortality,"""Self-inflicted (suicide, self-harm)""","""Self-inflicted (suicide, self-harm)""",2003,,0.687,0.146,N/A,N/A,p < 0.01,N/A,↓ beneficial,"Yes - by gender, and age range ",N/A,N/A,Measurement error in canton‐level gun stocks addressed via IV; low canton‐level migration,Restricting household access to military firearms causally reduces gun suicides and overall suicide without method substitution.,,"is the outcome just gun suicide rate? why is it labelled ""gun suicide rate reform - Model 1"" are there multiple models? Estimation method ""Reduced form"" doesn't make sense",flag,Firearm policy / legal change,Other firearm policy/legal,System: policy change (access-restricting/regulatory),
,,,,,,,,,,,,,,,,,,,,,Legislation—restrictive,Legislation—restrictive,,,,,,,...,Gun suicide rate pre reform - Full sample - Model 1,...,firearm suicide mortality,...,firearm mortality,firearm mortality,"""Self-inflicted (suicide, self-harm)""","""Self-inflicted (suicide, self-harm)""",...,,5.3,N/A,N/A,N/A,N/A,...,↓ beneficial,...,...,,,Effects concentrated among men and those most likely to own service weapons (age 30–44).,,,,,,,
,,,,,,,,,,,,,,,,,,,,,Legislation—restrictive,Legislation—restrictive,,,,,,,...,Gun suicide rate reform - Male Sample - Model 1,...,firearm suicide mortality,...,firearm mortality,firearm mortality,"""Self-inflicted (suicide, self-harm)""","""Self-inflicted (suicide, self-harm)""",...,,-1.428,0.338,N/A,N/A,p < 0.01,...,↔ null,...,...,,,,,,,,,,
,,,,,,,,,,,,,,,,,,,,,Legislation—restrictive,Legislation—restrictive,,,,,,,...,Gun suicide rate pre reform - Male sample - Model 1,...,firearm suicide mortality,...,firearm mortality,firearm mortality,"""Self-inflicted (suicide, self-harm)""","""Self-inflicted (suicide, self-harm)""",...,,10.26,N/A,N/A,N/A,N/A,...,↓ beneficial,...,...,,,,,,,,,,
,,,,,,,,,,,,,,,,,,,,,Legislation—restrictive,Legislation—restrictive,,,,,,,...,Gun suicide rate reform - Female Sample - Model 1,...,firearm suicide mortality,...,firearm mortality,firearm mortality,"""Self-inflicted (suicide, self-harm)""","""Self-inflicted (suicide, self-harm)""",...,,0.013,0.115,N/A,N/A,N/A,...,↑ harmful,...,...,,,,,,,,,,
,,,,,,,,,,,,,,,,,,,,,Legislation—restrictive,Legislation—restrictive,,,,,,,...,Gun suicide rate pre reform - Female sample - Model 1,...,firearm suicide mortality,...,firearm mortality,firearm mortality,"""Self-inflicted (suicide, self-harm)""","""Self-inflicted (suicide, self-harm)""",...,,0.48,N/A,N/A,N/A,N/A,...,↑ harmful,...,...,,,,,,,,,,
,,,,,,,,,,,,,,,,,,,,,,,,,,,,,,,,,,,,,,,,,,,,,,,,,,,,,,,,,,
exclude,,https://pubmed.ncbi.nlm.nih.gov/18595960/,15,Barkin2008,"Barkin, S.L. et al. ",2008,United States ,"Grants from NICHD, AHRQ, HRSA, RWJ Generalist Faculty Scholars, AAP Friends of Children Fund ",Journal Article,Cluster-randomized controlled trial (GEE analysis),Pediatric practice (N = 137 randomized; 124 completed),"2002-2006. Measurements taken: Baseline, 1 mo, 6 mo post–well-child visit",N/A,N/A,Mixed,"PROS network practices, 2002–2006; trained in MI and tool distribution. 4890 caregiver–child dyads (ages 2–11 y; ~90 % mothers). ",Mean media use <120 min/d= 34.4% (891/2288); Use of timeouts (children 2-5 y)= 37.7% (526/1138); Use of firearm cable lock= 57.8% (346/590). ,4890 families. 1146 of these families self-reported gun ownership,Community-based ,community-based,"Community-based/Place-based, Counseling/Behavioral","Community-based/Place-based, Counseling/Behavioral","Behavioral counseling - Safety Check (SC): Previsit screening; brief MI–style counseling on media, discipline, firearm storage; distribution of minute timers and cable locks; local referrals. The control group recieved a literacy‐promotion handout",Motivational interviewing; previsit assessment; tangible tools,"Yes, Single ~3–4 min provider session and unlimited locks supplied",Yes ,Stratified randomization by urban/rural and minority service; intent-to-treat GEE adjusting for clustering and stratifiers,Control Group: Attention-control literacy handout,generalized estimating equation (GEE) approach,Media use < 120 min/day,Table 2 ,behaviors and attitudes,% limiting media to <2 h/day,n/a,,n/a,,1 month post visit ,,1.1,N/A,N/A,N/A,0.12,N/A,↔ null,No ,N/A,N/A,Self-report and social desirability; tool supply quantities depleted over time. ,,,probably don't need to include non-firearm outcomes,flag,Clinical counseling / screening,Child access prevention / safe storage mandates,Program: promote safe storage (devices/practices),
exclude,,,,,,,,,,,,,,,,,,,,,"Community-based/Place-based, Counseling/Behavioral","Community-based/Place-based, Counseling/Behavioral",,,,,,,...,...,...,behaviors and attitudes,... ,,,,,6 month post visit ,,1.2,N/A,N/A,N/A,0.03,...,↑ beneficial,...,...,,,,,,,,,,
exclude,,,,,,,,,,,,,,,,,,,,,"Community-based/Place-based, Counseling/Behavioral","Community-based/Place-based, Counseling/Behavioral",,,,,,,...,Use of timeouts (children 2-5 y),...,behaviors and attitudes,% reporting timeout use,,,,,1 month post visit ,,1,N/A,N/A,N/A,0.66,...,↔ null,...,...,,,,,,,,,,
exclude,,,,,,,,,,,,,,,,,,,,,"Community-based/Place-based, Counseling/Behavioral","Community-based/Place-based, Counseling/Behavioral",,,,,,,...,...,...,behaviors and attitudes,... ,,,,,6 month post visit ,,1.1,N/A,N/A,N/A,0.29,...,↔ null,...,...,,,,,,,,,,
include,,,,,,,,,,,,,,,,,,,,,"Community-based/Place-based, Counseling/Behavioral","Community-based/Place-based, Counseling/Behavioral",,,,,,,...,Use of firearm cable lock,...,firearm behaviors and attitudes,% storing all guns with cable lock,firearm behaviors (anti-firearm),firearm behaviors (anti-firearm),,n/a,1 month post visit ,,1.7,N/A,N/A,N/A,0.003,...,↑ beneficial,...,...,,,,,,,,,,
include,,,,,,,,,,,,,,,,,,,,,"Community-based/Place-based, Counseling/Behavioral","Community-based/Place-based, Counseling/Behavioral",,,,,,,...,...,...,firearm behaviors and attitudes,... ,firearm behaviors (anti-firearm),firearm behaviors (anti-firearm),,n/a,6 month post visit ,,2,N/A,N/A,N/A,<.001,...,↑ beneficial,...,...,,,,,,,,,,
,,,,,,,,,,,,,,,,,,,,,,,,,,,,,,,,,,,,,,,,,,,,,,,,,,,,,,,,,,
,,https://www.sciencedirect.com/science/article/abs/pii/S0165176522002294,15,Barros 2022,"Barros Jr., F. et al., ",2022,Brazil – state of Pernambuco (treated) versus 12 comparison states,Grants from CAPES (Brazil) and CNPq (Brazil),Journal Article,Synthetic control quasi-experiment,State–month,Jan 2015–Apr 2017 (pre); May 2017–Dec 2019 (post),N/A,N/A,Mixed,"Monthly data on government spending, demographics, wages, and police performance for Pernambuco and a weighted combination of 12 comparison states. All police-recorded non-compliant firearms seizures and crime-victim counts in each state-month","3- and 6-month moving-average pre-intervention MSPEs = 0.0239 (seizures), 1.064 (victims) ","60 treated–state months pre, 32 treated–state months post; donor pool = 12 states × 92 months ",Policing,policing,Policing,Policing,Incentive pay for police. May 2017 introduction of a cash bonus (R$700–2000) per non-compliant firearm seized under Pernambuco’s “Pact for Life” program ,Direct per-seizure monetary reward; no change in base salary,"Yes, Discrete “on/off” policy in treated state as of May 2017; no bonus in controls",Yes,"State-wide rollout funded by budget line-item; synthetic control matched on pre-policy trends and covariates 
","Synthetic Pernambuco constructed from São Paulo, Amapá, Rio Grande do Norte, Sergipe, Tocantins, Rio de Janeiro, Mato Grosso do Sul, Rio Grande do Sul, Santa Catarina, Minas Gerais, Paraná, Distrito Federal",Synthetic control (SC),Firearms seizures,Figure 1 ,Policing output,Monthly non-compliant firearm seizures,policing output,policing output,,n/a,Pre-treatment t = 3.00; Post-treatment t = 15.80,,N/A,N/A,N/A,N/A,N/A,Weights: Amapá 0.006; Rio Grande do Norte 0.592; Rio de Janeiro 0.019; Sergipe 0.229; São Paulo 0.154; Tocantins 0.00,↑ beneficial,No ,Effect grows over time,N/A,High-quality FOIA data,"The bonus caused a large, sustained increase in firearms seizures but no detectable effect on overall crime-victim counts",,not clear what the units of the time points are. I can't view the full article but I don't understand why there isn't an effect size,flag,Firearm policy / legal change,Other firearm policy/legal,System: policy change (access-restricting/regulatory),
,,,,,,,,,,,,,,,,,,,,,Policing,Policing,,,,,,,...,...,...,Policing output,...,policing output,policing output,,n/a,Pre-treatment t = 2.00; Post-treatment t = 12.95,,N/A,N/A,N/A,N/A,N/A,Weights: Rio Grande do Norte 0.637; Rio de Janeiro 0.024; Sergipe 0.180; São Paulo 0.159,↑ beneficial,...,...,,,,,,,,,,
,,,,,,,,,,,,,,,,,,,,,Policing,Policing,,,,,,,...,Victims of crimes,Figure 2 ,Crime,"Monthly count of homicide, fatal robbery, fatal assault victims",overall mortality,overall mortality,,"""Interpersonal (homicide, assault)""",Pre-treatment t = 3.10; Post-treatment t = 0.95,,N/A,N/A,N/A,N/A,N/A,Weights: Minas Gerais 0.107; Rio Grande do Norte 0.215; Rio de Janeiro 0.678,↔ null,...,...,,,,,,,,,,
,,,,,,,,,,,,,,,,,,,,,Policing,Policing,,,,,,,...,...,...,Crime,...,overall mortality,overall mortality,,"""Interpersonal (homicide, assault)""",Pre-treatment t = 2.55; Post-treatment t = −1.15,,N/A,N/A,N/A,N/A,N/A,Weights: Rio Grande do Norte 0.226; Rio de Janeiro 0.774,↔ null,... ,... ,,,,,,,,,,
,,,,,,,,,,,,,,,,,,,,,,,,,,,,,,,,,,,,,,,,,,,,,,,,,,,,,,,,,,
,,https://pubmed.ncbi.nlm.nih.gov/31679128/,16,Bartos2020,"Bartos, B.J. et al. ",2020,Australia - National,N/A,Journal Article ,Quasi-Experimental (synthetic control group),National (Australia),10 years post intervention (1997-2007),N/A,N/A,Mixed ,Entire population across all jursidictions exposed to the 1996 Australian Gun Buyback program.  Age-adjusted annual fatality rates reported,N/A (1967-1996 pre-intervention root mean square prediction error (RMSPE) =0.0239 ?),Annual observations for Australia and a donor pool of 28 nations,Legistlation  ,legislation,Legislation—restrictive,Legislation—restrictive,"1996 National Firearms Agreement banned the sale and possession of specific firearms, mandated buyback of semi-automatic rifles, national registration, stricter storage, and destroyed more than 640,000 weapons. ","Firearm purchase restrictrations, firearm registration, destruction of surrendered guns, storage regulations ","Yes, more than 640,000 firearms surrendered and destroyed",Yes ,National-level mandate applied uniformly across all states in Australia. Following the Port Arthur massacre there was sudden universal implementation. ,Synethic control group (28 other countries - weighted average )  ,Synthetic Control Group,Homicide rate ,Table 2 ,overall homicide mortality,"Age-adjusted homocide deaths/100,000",overall mortality,overall mortality,,"""Interpersonal (homicide, assault)""",Annual; 1997-2007 (post-intervention),,Mean post-intervention gap (Δ) = 0.5081,N/A,N/A,N/A,N/A,"Yes, annual effects of the 1996 Buyback
intervention on homicides only for the 10 pot intervention years (1997-2007)",↓ beneficial,No ,No ,"A program focused strictly on handguns was implemented in 2003, which may have influenced suicide trends. ",Widespread national political unity following the Port-Arthur massacre that helped enable widespread program implementation. ,"""While the post-intervention gap remains modest between 1997 and 2001,3 from 2002 on, Australia’s homicide rate declined much more quickly than its synthetic control. The mean difference between Australia and Synthetic""","""Australia following the 1996 buyback intervention is ~ 26 times greater than the pre-intervention prediction error. By 2007, Australia’s homicide rate was less than half the rate of its synthetic control. During 2002–2007, Australia reported the lowest homicide rate in its history for five consecutive years.""",Mean post-intervention gap (Δ) should go in outcome definition,flag,Firearm policy / legal change,Other firearm policy/legal,System: policy change (access-restricting/regulatory),
,,,,,,,,,,,,,,,,,,,,,,,,,,,,,,,,,,,,,,,,,,,,,,,,,,,,,,,,,,
,,https://pubmed.ncbi.nlm.nih.gov/16476153/,17,Beautrias2006,Beautrais A. L. et al. ,2006,New Zealand – National ,Canterbury Suicide Project (Health Research Council NZ) & NZ Police support,Journal Article ,Before–after ecological time-series (Poisson regression with robust SE),Year (suicide rates per 100000),"1985–2002 = (8 years pre-legislation (1985–1992), 4 years implementation (1993–1996), 6 years post-implementation (1997–2002)",N/A,N/A,Mixed ,National suicide registry data (NZHIS) by method and age group. All suicides ages 15+; subgrouped into youth (15–24 y) and adults (≥ 25 y),Pre-legislation (1985–1992) mean firearm-suicide rates: Youth: 3.8/100000,18 years of national data,Legislation,legislation,Legislation—restrictive,Legislation—restrictive,"1992 Arms Act Amendment requiring photo-ID license with testing, fit-and-proper checks, and secure storage for all firearms.  Came into force Nov 1, 1992",Mandatory licensing test; referee interviews; home storage inspection; locked cabinets/strongrooms; separate ammo storage; effective 8–12 wk application delay,Population-wide from Nov 1992; substantial compliance by end of 1996,Yes,Phased relicensing of ~225000 gun owners; full implementation assumed by 1996,Pre-legislation period (1985–1992),"Poisson regression (robust SE), adjusted for non-firearm suicides",Firearm-suicide rate: Implementation vs pre-legislation (Youth 15-24y),Table 1 ,Firearm suicide mortality,"Change in log rate, implementation (1993–1996) vs pre (1985–1992)",firearm mortality,firearm mortality,,"""Self-inflicted (suicide, self-harm)""",1985-1996,,-0.5,0.23,N/A,N/A,< 0.05,N/A,↓ beneficial,No,39 % reduction in youth firearm suicides (p<.05),N/A,"Police resource constraints initially slowed relicensing efforts, but by 1996 they were fully rolled out. No data on SSRIs or mental-health service expansion; potential confounders were unmeasured",Firearm suicides fell sharply post-legislation: –46 % total; –66 % youth; –39 % adults,,looks good to me!,,Firearm policy / legal change,Other firearm policy/legal,System: policy change (access-restricting/regulatory),
,,,,,,,,,,,,,,,,,,,,,Legislation—restrictive,Legislation—restrictive,,,,,,,...,... (Adults ≥25),...,Firearm suicide mortality,...,firearm mortality,firearm mortality,,"""Self-inflicted (suicide, self-harm)""",...,,-0.29,0.13,N/A,N/A,< 0.05,...,↓ beneficial,...,25 % reduction in adult firearm suicides (p<.05),,,,,,,,,,
,,,,,,,,,,,,,,,,,,,,,Legislation—restrictive,Legislation—restrictive,,,,,,,...,... (Total Population 15+),...,Firearm suicide mortality,...,firearm mortality,firearm mortality,,"""Self-inflicted (suicide, self-harm)""",...,,-0.35,0.15,N/A,N/A,< 0.05,...,↓ beneficial,...,30 % reduction in total firearm suicides (p<.05),,,,,,,,,,
,,,,,,,,,,,,,,,,,,,,,Legislation—restrictive,Legislation—restrictive,,,,,,,...,Firearm-suicide rate: Post-Implementation vs pre-legislation,...,Firearm suicide mortality,"Change in log rate, post (1997–2002) vs pre (1985–1992)",firearm mortality,firearm mortality,,"""Self-inflicted (suicide, self-harm)""",...,,-1.09,0.24,N/A,N/A,< 0.0001,...,↓ beneficial,...,66 % reduction in youth firearm suicides (p<.001),,,,,,,,,,
,,,,,,,,,,,,,,,,,,,,,Legislation—restrictive,Legislation—restrictive,,,,,,,...,... (Adults ≥25),...,Firearm suicide mortality,...,firearm mortality,firearm mortality,,"""Self-inflicted (suicide, self-harm)""",...,,-0.49,0.08,N/A,N/A,< 0.0001,...,↓ beneficial,...,39 % reduction in adult firearm suicides (p<.001),,,,,,,,,,
,,,,,,,,,,,,,,,,,,,,,Legislation—restrictive,Legislation—restrictive,,,,,,,...,... (Total Population 15+),...,Firearm suicide mortality,...,firearm mortality,firearm mortality,,"""Self-inflicted (suicide, self-harm)""",...,,-0.62,0.09,N/A,N/A,< 0.0001,...,↓ beneficial,...,46 % reduction in total firearm suicides (p<.0001),,,,,,,,,,
,,,,,,,,,,,,,,,,,,,,,Legislation—restrictive,Legislation—restrictive,,,,,,,...,Overall suicide rate: Implementation vs pre-legislation,Table 2 ,Firearm suicide mortality,"Change in log rate, implementation vs pre",overall mortality,overall mortality,,"""Self-inflicted (suicide, self-harm)""",...,,0.26,0.08,N/A,N/A,< 0.01,...,↑ harmful,...,30 % increase in youth overall suicides during implementation,,,,,,,,,,
,,,,,,,,,,,,,,,,,,,,,Legislation—restrictive,Legislation—restrictive,,,,,,,...,... (Adults ≥25),...,Firearm suicide mortality,...,overall mortality,overall mortality,,"""Self-inflicted (suicide, self-harm)""",...,,0.01,0.04,N/A,N/A,0.86,...,↔ null,...,No change in adult overall suicides,,,,,,,,,,
,,,,,,,,,,,,,,,,,,,,,Legislation—restrictive,Legislation—restrictive,,,,,,,...,... (Total Population 15+),...,Firearm suicide mortality,...,overall mortality,overall mortality,,"""Self-inflicted (suicide, self-harm)""",...,,0.07,0.05,N/A,N/A,0.16,...,↔ null,...,No change in adult overall suicides,,,,,,,,,,
,,,,,,,,,,,,,,,,,,,,,Legislation—restrictive,Legislation—restrictive,,,,,,,...,Overall suicide rate: Post-Implementation vs pre-legislation,...,Firearm suicide mortality,"Change in log rate, post vs pre",overall mortality,overall mortality,,"""Self-inflicted (suicide, self-harm)""",...,,0.08,0.1,N/A,N/A,0.39,...,↔ null,...,No significant change post-implementation,,,,,,,,,,
,,,,,,,,,,,,,,,,,,,,,Legislation—restrictive,Legislation—restrictive,,,,,,,...,... (Adults ≥25),...,Firearm suicide mortality,...,overall mortality,overall mortality,,"""Self-inflicted (suicide, self-harm)""",...,,-0.03,0.04,N/A,N/A,0.46,...,↔ null,...,...,,,,,,,,,,
,,,,,,,,,,,,,,,,,,,,,Legislation—restrictive,Legislation—restrictive,,,,,,,...,... (Total Population 15+),...,Firearm suicide mortality,...,overall mortality,overall mortality,,"""Self-inflicted (suicide, self-harm)""",...,,-0.01,0.05,N/A,N/A,0.79,...,↔ null,...,...,,,,,,,,,,
,,,,,,,,,,,,,,,,,,,,,,,,,,,,,,,,,,,,,,,,,,,,,,,,,,,,,,,,,,
,,https://www.sciencedirect.com/science/article/pii/0022346893902227,18,Beaver1993,"Beaver, B. L. et al. ",1993,United States – Maryland,N/A,Journal Article ,Before–after ecological time‐series comparison,Calendar year ,Pre‐law: 1979–1987 (9 yr); Post‐law: 1988–1991 (4 yr),N/A,N/A,Mixed ,Maryland Mortality File & Chief Medical Examiner records for all pediatric firearm deaths. Children ages 0–16 y who died of firearm injury. ,Mean pre‐law pediatric firearm deaths = 14 per year,Pre: 9 years; Post: 4 years; Total post‐law deaths = 92 (Table 2),Legislation,legislation,Legislation—restrictive,Legislation—restrictive,1987 “Saturday night special” sales ban via Maryland Handgun Roster Board limiting inexpensive handguns,Restriction on sale of small–cheap (“Saturday night special”) handguns; roster‐board licensing,Single‐point law change effective November 1987,N/A,"Statewide, uniform enforcement beginning late 1987","Same state, 1979–1987 pre‐law period",Wilcoxon rank‐sum test,Mean pediatric firearm deaths / year,Table 4 ,Firearm mortality,Annual count of firearm fatalities in 0–16 y olds,firearm mortality,firearm mortality,"unintentional, ""Self-inflicted (suicide, self-harm)"", ""Interpersonal (homicide, assault)"", unknown/other, mass shooting","unintentional, ""Self-inflicted (suicide, self-harm)"", ""Interpersonal (homicide, assault)"", Legal intervention, unknown/other, mass shooting",Pre (1979–1987) vs Post (1988–1991),,14 → 22 deaths/yr,N/A,N/A,N/A,N/A,Pre: 14; Post: 22,↑ harmful,N/A,N/A,Public‐education campaigns may have contributed to declines in accidental home deaths,N/A,Overall pediatric firearm deaths increased post-law (14 → 22 yr⁻¹).,,recode effect size to be more useful,flag,Firearm policy / legal change,Assault weapon / magazine / handgun model bans,System: policy change (access-restricting/regulatory),
,,,,,,,,,,,,,,,,,,,,,Legislation—restrictive,Legislation—restrictive,,,,,,,...,Accidental deaths (% of pediatric firearm),...,Firearm unintentional mortality,% accidental among pediatric firearm fatalities,firearm mortality,firearm mortality,unintentional,unintentional,...,,24 % → 8 %,N/A,N/A,N/A,N/A,Pre: 31/128; Post: 7/92,↓ beneficial,...,...,,,"Homicides rose, accidental home deaths fell, unsecured‐weapon incidents declined modestly.",,,,,,,
,,,,,,,,,,,,,,,,,,,,,Legislation—restrictive,Legislation—restrictive,,,,,,,...,Homicides (% of pediatric firearm),...,firearm homicide mortality,% homicide among pediatric firearm fatalities,firearm mortality,firearm mortality,"""Interpersonal (homicide, assault)""","""Interpersonal (homicide, assault)""",...,,48 % → 67 %,N/A,N/A,N/A,N/A,Pre: 61/128; Post: 62/92,↑ harmful,...,...,,,,,,,,,,
,,,,,,,,,,,,,,,,,,,,,Legislation—restrictive,Legislation—restrictive,,,,,,,...,Suicides (% of pediatric firearm),...,firearm suicide mortality,% suicide among pediatric firearm fatalities,firearm mortality,firearm mortality,"""Self-inflicted (suicide, self-harm)""","""Self-inflicted (suicide, self-harm)""",...,,21 % → 16 %,N/A,N/A,N/A,N/A,Pre: 27/128; Post: 15/92,↓ beneficial,...,...,,,,,,,,,,
revisit,,,,,,,,,,,,,,,,,,,,,Legislation—restrictive,Legislation—restrictive,,,,,,,...,Home‐location deaths (% of pediatric firearm),...,firearm mortality,% occurring in victim’s home,firearm mortality,,unknown/other,,...,,60 % → 40 %,N/A,N/A,N/A,N/A,Pre: 77/128; Post: 37/92,↓ beneficial,...,...,,,,,,,,,,
revisit,,,,,,,,,,,,,,,,,,,,,Legislation—restrictive,Legislation—restrictive,,,,,,,...,Street‐location deaths (% of pediatric firearm),...,firearm mortality,% occurring on victim’s street,firearm mortality,,unknown/other,,...,,9 % → 32 %,N/A,N/A,N/A,N/A,Pre: 12/128; Post: 29/92,↑ harmful,...,...,,,,,,,,,,
,,,,,,,,,,,,,,,,,,,,,Legislation—restrictive,Legislation—restrictive,,,,,,,...,Handgun use (% of pediatric firearm deaths),...,firearm behaviors and attitudes,% fatal injuries involving handguns,firearm mortality,firearm mortality,unknown/other,"unintentional, ""Self-inflicted (suicide, self-harm)"", ""Interpersonal (homicide, assault)"", Legal intervention, unknown/other, mass shooting",...,,48 % → 60 %,N/A,N/A,N/A,N/A,Pre: 61/128; Post: 55/92,↑ harmful,...,...,,,,,,,,,,
,,,,,,,,,,,,,,,,,,,,,Legislation—restrictive,Legislation—restrictive,,,,,,,...,Unsecured weapons known (% of cases),...,firearm behaviors and attitudes,% cases with unsecured firearm at incident,firearm behaviors (anti-firearm),firearm behaviors (anti-firearm),unknown/other,n/a,...,,93 % → 73 %,N/A,N/A,N/A,N/A,Pre: 67/72; Post: 27/37,↓ beneficial,...,...,,,,,,,,,,
,,,,,,,,,,,,,,,,,,,,,Legislation—restrictive,Legislation—restrictive,,,,,,,...,Drug‐related violence (% of pediatric firearm),...,crime,% with drug traffic/violence context,,drug involvement,,"unintentional, ""Self-inflicted (suicide, self-harm)"", ""Interpersonal (homicide, assault)"", officer-involved / law enforcement, unknown/other, mass shooting",...,,14 % → 25 %,N/A,N/A,N/A,N/A,Pre: 18/128; Post: 23/92,↑ harmful,...,...,,,,,,,,,,
,,,,,,,,,,,,,,,,,,,,,,,,,,,,,,,,,,,,,,,,,,,,,,,,,,,,,,,,,,
exclude,,https://www.tandfonline.com/doi/full/10.1080/19331681.2023.2197449,19,Becker2024,"Becker, A. B.",2024,United States - National ,$1.50 Amazon MTurk incentive,Journal Article ,Three-arm randomized experiment (2 personalized-comedy arms vs. neutral control,Individual viewer,Immediate post-exposure (no longitudinal follow-up),N/A,N/A,Online (Qualtrics powered),"Participants recruited via MTurk (≥ 500 HITs, ≥ 95 % approval), watched embedded YouTube clips. N = 265 U.S. adults (47.9 % female; M age = 36.06 ± 11.51 y; 71.7 % with bachelor’s; 54.7 % Democrats, 34.7 % Republicans)",Control mean message-discounting score = 3.45 ± 0.73,265 randomized (Stimuli only n = 83; Stimuli + clips n = 92; Control n = 90),Media-based behavioral intervention,behavioral,Counseling/Behavioral,Counseling/Behavioral,Personalized monologue (Stimuli only): Jimmy Kimmel’s 6 min Uvalde reaction (no clips). Enhanced monologue (Stimuli + clips): Same monologue + 2½ min news clips + Everytown logo,Emotional personal narrative; calls for gun-control action; televised via YouTube embed,Single exposure (~6–9 min video),Yes ,Stratified random assignment in Qualtrics; forced completion of video; immediate post-test,"Standard Kimmel monologue (6 min, no Uvalde content)",One-way ANOVA,Message discounting,Table 1 ,firearm behaviors and attitudes,"F(2,262) on 4-item discount scale (1 = low discounting … 5 = high discounting)",,,,,Immediate post intervention,,11.03,N/A,N/A,N/A,p < .001,N/A,↓ beneficial,N/A,N/A,N/A,High retention (N final = 265 after 14 exclusions); Self-selection of MTurk sample; self-report measures. ,,Personalized political comedy significantly ↓ message discounting and ↑ perceived informativeness & elaboration,I feel like some comparison groups are missing here-- I would expect there to be outcomes for the different components in intervention description? but it seems like the comparison is pre-post? no need to include beta in the effect size extraction,flag,Firearm policy / legal change,Other firearm policy/legal,System: policy change (access-restricting/regulatory),
exclude,,,,,,,,,,,,,,,,,,,,,Counseling/Behavioral,Counseling/Behavioral,,,,,,,...,Perceived informativeness,...,firearm behaviors and attitudes,"F(2,203) on 5-item informativeness scale (1 = low … 7 = high)",,,,,...,,6.57,N/A,N/A,N/A,p < .01,...,↑ beneficial,...,...,,,,Strongest gains among viewers with low affinity for entertaining news.,,,,,,
exclude,,,,,,,,,,,,,,,,,,,,,Counseling/Behavioral,Counseling/Behavioral,,,,,,,...,Message elaboration,...,firearm behaviors and attitudes,"F(2,262) on 3-item elaboration scale (1 = low … 5 = high)",,,,,...,,10.83,N/A,N/A,N/A,p < .001,...,↑ beneficial,...,...,,,,,,,,,,
exclude,,,,,,,,,,,,,,,,,,,,,Counseling/Behavioral,Counseling/Behavioral,,,,,,,Hierarchical OLS,Message discounting (β),...,firearm behaviors and attitudes,Standardized β for “video stimuli” predictor in final model,,,,,...,,β = –0.30,N/A,N/A,N/A,< .001,...,↓ beneficial,...,...,,,,,,,,,,
exclude,,,,,,,,,,,,,,,,,,,,,Counseling/Behavioral,Counseling/Behavioral,,,,,,,...,Perceived informativeness (β),...,firearm behaviors and attitudes,Standardized β for “video stimuli” predictor in final model,,,,,...,,β = +0.20,N/A,N/A,N/A,< .001,...,↑ beneficial,...,...,,,,,,,,,,
exclude,,,,,,,,,,,,,,,,,,,,,Counseling/Behavioral,Counseling/Behavioral,,,,,,,...,Message elaboration (β),...,firearm behaviors and attitudes,Standardized β for “video stimuli” predictor in final model,,,,,...,,β = +0.28,N/A,N/A,N/A,< .001,...,↑ beneficial,...,...,,,,,,,,,,
,,,,,,,,,,,,,,,,,,,,,,,,,,,,,,,,,,,,,,,,,,,,,,,,,,,,,,,,,,
,,https://jamanetwork.com/journals/jamapediatrics/fullarticle/2822858,20,Beidas2024,"Beidas, R. S. et al.. ",2024,United States – 30 pediatric primary-care clinics in Michigan & Colorado,NIH grant ,Journal Article,"Parallel, cluster-randomized, unblinded effectiveness-implementation trial",Clinic (30 clusters),12 mo (Mar 2022–Mar 2023),N/A,N/A,Mixed,30 clinics in two integrated health systems; well-visit volumes median 1 212 (nudge+) vs. 1 008 (nudge). 47307 well-child visits (ages 5–17 y; 51.2 % male) by 368 clinicians,Pretrial clinician-reported counseling + lock delivery ≈ 2 %,"30 clinics (15 nudge+, 15 nudge); 22 318 visits (nudge+), 24 989 visits (nudge)",Community-based ,community-based,"Community-based/Place-based, Counseling/Behavioral","Community-based/Place-based, Counseling/Behavioral","Nudge: EHR SmartList prompts requiring “yes/no” for “secure firearm storage discussed” and “cable lock offered” embedded in well-visit note. Nudge+: Nudge plus clinic-level facilitation (goal setting, data feedback, action planning, troubleshooting; avg 8.7 h/cl­inic). ",Brief (< 1 min) clinician counseling; free cable-lock offer; EHR documentation; facilitation activities,"Single well-visit implementation per encounter, facilitated over 12 mo",Yes ,"Covariate-constrained randomization, SmartList deployment, facilitation delivered via in-person/email/chat",Nudge alone,"GEE, binomial logit link, small-cluster correction",Reach: counseling + lock documented; Nudge+,Table 3 ,firearm behaviors and attitudes,"Visit-level indicator of both counseling & lock offered, per EHR SmartList",firearm behaviors (anti-firearm),firearm behaviors (anti-firearm),unknown/other,,Mar 2022–Mar 2023,,0.49 (0.37-0.61),N/A,0.37,0.61,N/A,N/A,↑ beneficial,N/A,N/A,N/A,EHR skip rates treated as nondelivery; self-reporting limitations; imbalance in Hispanic & Black visit proportions adjusted in models,,,looks good to me!,,Firearm policy / legal change,Child access prevention / safe storage mandates,System: policy change (access-restricting/regulatory),
,,,,,,,,,,,,,,,,,,,,,"Community-based/Place-based, Counseling/Behavioral","Community-based/Place-based, Counseling/Behavioral",,,,,,,...,... Nudge ,...,firearm behaviors and attitudes,...,firearm behaviors (anti-firearm),firearm behaviors (anti-firearm),unknown/other,,...,,0.22 (0.13-0.31),...,0.13,0.31,...,...,↑ beneficial,...,...,,,,,,,,,,
,,,,,,,,,,,,,,,,,,,,,"Community-based/Place-based, Counseling/Behavioral","Community-based/Place-based, Counseling/Behavioral",,,,,,,...,... Nudge+ − nudge,...,firearm behaviors and attitudes,...,firearm behaviors (anti-firearm),firearm behaviors (anti-firearm),unknown/other,,...,,0.27 (0.14-0.41),...,0.14,0.41,...,...,↑ beneficial,...,...,,,,,,,,,,
,,,,,,,,,,,,,,,,,,,,,"Community-based/Place-based, Counseling/Behavioral","Community-based/Place-based, Counseling/Behavioral",,,,,,,...,Counseling documented,...,firearm behaviors and attitudes,"Visit-level indicator of counseling component delivered, per EHR SmartList",firearm behaviors (anti-firearm),firearm behaviors (anti-firearm),unknown/other,,...,,0.61 (0.49-0.73),...,0.49,0.73,...,...,↑ beneficial,...,...,,,,,,,,,,
,,,,,,,,,,,,,,,,,,,,,"Community-based/Place-based, Counseling/Behavioral","Community-based/Place-based, Counseling/Behavioral",,,,,,,...,... Nudge ,...,firearm behaviors and attitudes,...,firearm behaviors (anti-firearm),firearm behaviors (anti-firearm),unknown/other,,...,,0.41 (0.28-0.53) ,...,0.28,0.53,...,...,↑ beneficial,...,...,,,,,,,,,,
,,,,,,,,,,,,,,,,,,,,,"Community-based/Place-based, Counseling/Behavioral","Community-based/Place-based, Counseling/Behavioral",,,,,,,...,... Nudge+ − nudge,...,firearm behaviors and attitudes,...,firearm behaviors (anti-firearm),firearm behaviors (anti-firearm),unknown/other,,...,,0.21 (0.06-0.36),...,0.06,0.36,...,...,↑ beneficial,...,...,,,,,,,,,,
,,,,,,,,,,,,,,,,,,,,,"Community-based/Place-based, Counseling/Behavioral","Community-based/Place-based, Counseling/Behavioral",,,,,,,...,Lock offered,...,firearm behaviors and attitudes,"Visit-level indicator of cable-lock offer delivered, per EHR SmartList",firearm behaviors (anti-firearm),firearm behaviors (anti-firearm),unknown/other,,...,,0.49 (0.36-0.63),...,0.36,0.63,...,...,↑ beneficial,...,...,,,,,,,,,,
,,,,,,,,,,,,,,,,,,,,,"Community-based/Place-based, Counseling/Behavioral","Community-based/Place-based, Counseling/Behavioral",,,,,,,...,... Nudge ,...,firearm behaviors and attitudes,...,firearm behaviors (anti-firearm),firearm behaviors (anti-firearm),unknown/other,,...,,0.22 (0.12-0.32),...,0.12,0.32,...,...,↑ beneficial,...,...,,,,,,,,,,
,,,,,,,,,,,,,,,,,,,,,"Community-based/Place-based, Counseling/Behavioral","Community-based/Place-based, Counseling/Behavioral",,,,,,,...,... Nudge+ − nudge,...,firearm behaviors and attitudes,...,firearm behaviors (anti-firearm),firearm behaviors (anti-firearm),unknown/other,,...,,0.27 (0.12-0.43),...,0.12,0.43,...,...,↑ beneficial,...,...,,,,,,,,,,
,,,,,,,,,,,,,,,,,,,,,,,,,,,,,,,,,,,,,,,,,,,,,,,,,,,,,,,,,,
,,https://arxiv.org/abs/2110.07006,21,Ben-Michael 2023,"Ben-Michael, E. et al. ",2022,USA – California vs. other 49 states,Hellman Family Fund (UC Berkeley) & IES Grant,Journal preprint ,Synthetic control / Multitask Gaussian Process quasi-experiment,"State–year (treated = California, T₀ = 2006)",1997–2006 (pre) and 2007–2016 (post),N/A,N/A,Mixed,Annual homicide rates from FBI UCR; synthetic control matched on pre-2006 trends. ,Pre-2006 mean homicide rate gap vs. rest of US = +1.1 per 100000,50 states × 20 years = 1000 observations,Community based ,community-baed,"Community-based/Place-based, Policing","Community-based/Place-based, Policing","Armed and Prohibited Persons System (APPS): daily identification & confiscation of firearms from prohibited individuals, launched Dec 2006","Data linkage across DROS, mental-health, warrants; BOF field enforcement",Universal state-level roll-out in 2006,No,"2007–2017, BOF retrieved ~32 000 firearms; declines to prohibited-person database as guns removed","Synthetic California—a weighted blend of OH (0.65), HI (0.10), MS (0.09), LA (0.06), AR (0.06), AK (0.03), ID (0.01)",Joint Poisson Model (MTGP),Overall Homicide rate ,Figure 5,overall homicide mortality,Annual homicides / 100000,overall mortality,overall mortality,"""Interpersonal (homicide, assault)""","""Interpersonal (homicide, assault)""",2007–2016 (each yr),,Posterior mean Δ ≈ –1.5,N/A,-2.9,-0.32,0.996,CA: 6.8→6.2; Synth: 6.8→7.7 (2004–2016 trends),↓ beneficial,N/A,N/A,"Post-2006: bans on carrying unloaded handguns (2012), microstamping (2013), enhanced safety tests (2014), ammo checks (2016), age/conviction restrictions (2019). ",High‐quality FOIA data; reliance on local LE for initial relinquishments; rising APPS coverage over time,APPS induced a growing “gap” lower than synthetic control: average post-2006 drop ≈ –1.41 per 100 000 (≈ –21 %) by 2016,,why are some effect sizes missing? may need to extract from figure,,Clinical counseling / screening,Clinical counseling / screening / decision support,Service: clinical counseling/screening (behavior change),
,,,,,,,,,,,,,,,,,,,,,"Community-based/Place-based, Policing","Community-based/Place-based, Policing",,,,,,,...,Gun related Homocide rate ,Figure 7 ,firearm homicide mortality,Annual gun homicides / 100000,firearm mortality,firearm mortality,"""Interpersonal (homicide, assault)""","""Interpersonal (homicide, assault)""",...,,N/A,N/A,N/A,N/A,N/A,Red vs. black lines across 2000–2016 in Figure 7,↓ beneficial,...,...,,,,,,,,,,
,,,,,,,,,,,,,,,,,,,,,"Community-based/Place-based, Policing","Community-based/Place-based, Policing",,,,,,,...,Non gun Homicide rate,...,non-firearm homicide mortality,Annual non-gun homicides / 100000,nonfirearm mortality,nonfirearm mortality,"""Interpersonal (homicide, assault)""","""Interpersonal (homicide, assault)""",...,,Δ ≈ 0,N/A,N/A,N/A,N/A,CA and Synth almost overlap post-2006,↔ null,...,...,,,,,,,,,,
,,,,,,,,,,,,,,,,,,,,,,,,,,,,,,,,,,,,,,,,,,,,,,,,,,,,,,,,,,
,,"https://pubmed.ncbi.nlm.nih.gov/35386036/#:~:text=The%20mean%20overall%20annualized%20rate,observed%20over%20the%20study%20period.",22,Bennett 2022,"Bennett, N. et al. ",2022,Canada – Nova Scotia,Dalhousie University Faculty of Medicine studentship,Journal Article,Pre–post ecological time-series (ARIMA),Year (provincial population),6 years pre-law (2002–2007); 11 years post-law (2009–2019); 1-year washout (2008),N/A,N/A,Mixed,"Major trauma patients identified via Nova Scotia Trauma Registry (ISS ≥ 9/12, team activations, prehospital deaths) plus Medical Examiner data for out of hospital deaths",Mean annual firearm-injury rate pre-law = 4.61 per 100000 population,722 total injuries (259 pre-period; 463 post-period),Legislation,legislation,Legislation—restrictive,Legislation—restrictive,2008 Gunshot Wounds Reporting Act (Bill 10): requires health-care facilities to report all gunshot wounds to law enforcement,Timely (within 24 hours) electronic or telephone report from ED/trauma centre to police; no patient consent exemption,"Province-wide, continuous from Jan 1 2009 onward",No,Single legislative enactment with regulatory guidance for hospitals; assumed full compliance by 2009,Pre-law years (2002–2007),Descriptive pre–post rates,Overall firearm-injury rate,Figure 1 ,firearm injury,Annual firearm injuries/100000 pop,firearm morbidity,firearm morbidity,"unintentional, ""Self-inflicted (suicide, self-harm)"", ""Interpersonal (homicide, assault)"", unknown/other, mass shooting","unintentional, ""Self-inflicted (suicide, self-harm)"", ""Interpersonal (homicide, assault)"", Legal intervention, unknown/other, mass shooting",2002–2007 vs 2009–2019,,4.61 → 4.45 (–3.4 %),N/A,N/A,N/A,N/A,259 injuries over 6 y → 463 over 11 y,↓ beneficial,N/A,N/A,N/A,N/A,,,recode pre-post rates?,flag,Firearm policy / legal change,Other firearm policy/legal,System: policy change (access-restricting/regulatory),
,,,,,,,,,,,,,,,,,,,,,Legislation—restrictive,Legislation—restrictive,,,,,,,...,Assault/homicide rate,...,firearm injury,Annual assault-related firearm injuries/100000 pop,firearm morbidity,firearm morbidity,"""Interpersonal (homicide, assault)""","""Interpersonal (homicide, assault)""",...,,1.14 → 1.36 (+19.9 %),N/A,N/A,N/A,N/A,N/A,↑ harmful,...,...,,,,,,,,,,
,,,,,,,,,,,,,,,,,,,,,Legislation—restrictive,Legislation—restrictive,,,,,,,...,Intentional self-harm rate,...,firearm injury,Annual self-harm firearm injuries/100000 pop,firearm morbidity,firearm morbidity,"""Self-inflicted (suicide, self-harm)""","""Self-inflicted (suicide, self-harm)""",...,,3.13 → 2.77 (–11.6 %),N/A,N/A,N/A,N/A,N/A,↓ beneficial,...,...,,,,,,,,,,
,,,,,,,,,,,,,,,,,,,,,,,,,,,,,,,,,,,,,,,,,,,,,,,,,,,,,,,,,,
,,https://pmc.ncbi.nlm.nih.gov/articles/PMC9177199/,23,Bennett 2022,"Bennett, N. et al. ",2022,Canada - National ,Dalhousie University Research in Medicine (RIM) Program,Systematic Review,Systematic review,Population (national or provincial),6–20+ years post-legislation (varied by study),Newcastle–Ottawa Scale,Mixed,Mixed,"National (majority of studies) and provincial (Quebec, Ontario) settings. General population; some subgroup analyses by age and sex",N/A,18 studies included in total,Legislation,legislation,Legislation—restrictive,Legislation—restrictive,"Federal Canadian firearms laws—Bill C-51 (1977), Bill C-17 (1991), and Bill C-68 (1995)","Licensing (FAC, POL, PAL), registration, waiting periods, mandatory safety training, restricted/prohibited weapons, storage rules, enhanced penalties",Yes – national implementation of successive firearm control laws,No,Implementation dates varied across provisions; some effects lagged (registration requirements not enforced until 2003),Pre-legislation periods; some studies used U.S. or provincial comparisons,N/A ,N/A ,N/A ,N/A ,N/A ,,,,,N/A ,,N/A ,N/A ,N/A ,N/A ,N/A ,N/A ,N/A ,N/A ,N/A ,,,,,meta-review without any sort of metaregression effect size. Not sure how to extract ahwaz@email.gwu.edu,flag,Firearm policy / legal change,Other firearm policy/legal,System: policy change (access-restricting/regulatory),
,,,,,,,,,,,,,,,,,,,,,,,,,,,,,,,,,,,,,,,,,,,,,,,,,,,,,,,,,,
,,https://pubmed.ncbi.nlm.nih.gov/36652770/,24,Bernardin 2023,"Bernardin, M. E.",2023,"United States – single urban Level-I pediatric trauma center (St. Louis, MO)",N/A,Journal Article,Cross-sectional observational study,Individual pediatric firearm injury case,Jan 2014–Aug 2017,N/A,N/A,Urban ,"St. Louis Children’s Hospital trauma registry linked to medical-record review for circumstances. Children aged 6–17 y presenting with firearm injury (N = 156; 87.8% male, 98.1% Black)",N/A,156 injured youths (149 with known circumstances; 136 included in TR code comparison),Hospital-based Violence Intervention Program (VIP),hospital-based,"Hospital-Based, Counseling/Behavioral","Hospital-Based, Counseling/Behavioral","Voluntary enrollment into an ED-based VIP offering mentoring, counseling, family support",Social-work outreach; enrollment at bedside; linkage to community resources,Single opportunity at index visit; 40 enrolled vs. 116 not enrolled,No ,Eligible patients offered VIP; enrollment status abstracted from social-work notes,Those who did not enroll,Unadjusted logistic regression,Age (per 1-year decrease),Table 4,Demographic,Odds of VIP enrollment per 1 y younger,,,,,2014–2017,,1.21,N/A,1.04,1.42,0.0153,Enrolled mean 14.2 y (SD 2.6) vs. non-enrolled 15.2 y (SD 2.0),↑ beneficial,N/A,N/A,N/A,Missing circumstance data for 7 cases (4.5%),72% of shootings occurred outdoors by unknown assailants; 30.9% were drive-bys; only 13% confirmed assaults by victim report,,looks good to me! outcome is not super meaningful though-- not sure I care about VIP enrollment if we don't know if VIP is successful?,,Clinical counseling / screening,Clinical counseling / screening / decision support,Service: clinical counseling/screening (behavior change),
,,,,,,,,,,,,,,,,,,,,,"Hospital-Based, Counseling/Behavioral","Hospital-Based, Counseling/Behavioral",,,,,,,...,Male sex (vs. female),...,Demographic,Odds of VIP enrollment if male,,,,,...,,0.96,...,0.33,2.86,0.9427,35/40 (87.5 %) vs. 102/116 (87.9 %),↔ null,...,...,,,,,,,,,,
,,,,,,,,,,,,,,,,,,,,,"Hospital-Based, Counseling/Behavioral","Hospital-Based, Counseling/Behavioral",,,,,,,...,Moderate-risk zip (5–10 GSW victims vs. <5),...,Demographic,Odds of VIP enrollment if moderate-risk area,,,,,...,,1.57,...,0.61,4.01,0.3458,14/40 (35 %) vs. 33/116 (28.4 %),↔ null,...,...,,,,,,,,,,
,,,,,,,,,,,,,,,,,,,,,"Hospital-Based, Counseling/Behavioral","Hospital-Based, Counseling/Behavioral",,,,,,,...,High-risk zip (>10 GSW victims vs. <5),...,Demographic,Odds of VIP enrollment if high-risk area,,,,,...,,1.35,...,0.55,3.32,0.5195,16/40 (40 %) vs. 44/116 (37.9 %),↔ null,...,...,,,,,,,,,,
,,,,,,,,,,,,,,,,,,,,,"Hospital-Based, Counseling/Behavioral","Hospital-Based, Counseling/Behavioral",,,,,,,...,Admission from ED (vs. discharge),...,Demographic,Odds of VIP enrollment if admitted,,,,,...,,2.39,...,1.13,5.05,0.0228,26/40 (65.0 %) vs. 49/116 (42.2 %),↑ beneficial,...,...,,,,,,,,,,
,,,,,,,,,,,,,,,,,,,,,"Hospital-Based, Counseling/Behavioral","Hospital-Based, Counseling/Behavioral",,,,,,,...,Shooting outdoors (vs. indoors),...,shooting,Odds of VIP enrollment if shooting outdoors,,,,,...,,0.82,...,0.29,2.31,0.7057,33/40 (82.5 %) vs. 94/116 (81.0 %),↔ null,...,...,,,,,,,,,,
,,,,,,,,,,,,,,,,,,,,,"Hospital-Based, Counseling/Behavioral","Hospital-Based, Counseling/Behavioral",,,,,,,...,Known shooter (yes vs. no),...,shooting,Odds of VIP enrollment if shooter known,,,,,...,,1.42,...,0.62,3.27,0.4044,11/35 (31.4 %) vs. 24/111 (21.6 %),↔ null,...,...,,,,,,,,,,
,,,,,,,,,,,,,,,,,,,,,"Hospital-Based, Counseling/Behavioral","Hospital-Based, Counseling/Behavioral",,,,,,,...,Drive-by shooting (yes vs. no),...,shooting,Odds of VIP enrollment if drive-by,,,,,...,,1.86,...,0.86,3.98,0.1128,16/46 (34.8 %) vs. 30/110 (27.3 %),↔ null,...,...,,,,,,,,,,
,,,,,,,,,,,,,,,,,,,,,"Hospital-Based, Counseling/Behavioral","Hospital-Based, Counseling/Behavioral",,,,,,,...,Self-inflicted (yes vs. no),...,firearm injury,Odds of VIP enrollment if self-inflicted injury,,,,,...,,0.14,...,0.01,2.43,0.1764,0/0 (0 %) vs. 9/116 (7.8 %),↔ null,...,...,,,,,,,,,,
,,,,,,,,,,,,,,,,,,,,,"Hospital-Based, Counseling/Behavioral","Hospital-Based, Counseling/Behavioral",,,,,,,...,Accidental (yes vs. no),...,firearm injury,Odds of VIP enrollment if accidental injury,,,,,...,,0.87,...,0.27,2.85,0.8202,4/17 (23.5 %) vs. 13/115 (11.3 %),↔ null,...,...,,,,,,,,,,
,,,,,,,,,,,,,,,,,,,,,"Hospital-Based, Counseling/Behavioral","Hospital-Based, Counseling/Behavioral",,,,,,,...,Assault (yes vs. no),...,firearm injury,Odds of VIP enrollment if assault,,,,,...,,3.53,...,1.35,9.28,0.0104,10/20 (50 %) vs. 10/46 (21.7 %),↑ beneficial,...,...,,,,,,,,,,
,,,,,,,,,,,,,,,,,,,,,"Hospital-Based, Counseling/Behavioral","Hospital-Based, Counseling/Behavioral",,,,,,,...,Legal intervention (yes vs. no),...,firearm injury,Odds of VIP enrollment if legal-intervention injury,,,,,...,,0.4,...,0.02,7.92,0.5478,0/0 (0 %) vs. 3/116 (2.6 %),↔ null,...,...,,,,,,,,,,
,,,,,,,,,,,,,,,,,,,,,,,,,,,,,,,,,,,,,,,,,,,,,,,,,,,,,,,,,,
,,10.2196/16253,26,Betz 2020,"Betz, M.E. et al. ",2020,United States - Colorado ,NIH/NIMH and NIH/NCRR grant ,Journal Article,Randomized Controlled Trial (RCT pilot),Person,1–9 weeks (mean ≈ 2.4 weeks),N/A,N/A,Urban,"Four emergency departments in Colorado with high regional firearm ownership. Suicidal adults (≥18 y), English-speaking, community-dwelling, ED patients with access to firearms and/or medications",67% had firearms at home; 94% had medications; 24% had unlocked and loaded firearms,N = 49 (n = 33 intervention; n = 16 control),Digital tool for lethal means counseling,behavioral,Counseling/Behavioral,Counseling/Behavioral,"“Lock to Live” (L2L), a web-based decision aid guiding suicidal patients in choosing safer firearm and medication storage options","Education on risk, value clarification, in-home and out-of-home storage options, patient-centered planning","Yes – 1-time tablet-based delivery in ED, ≈6 minutes median use",Yes ,Patients used L2L independently on a tablet; no provider involvement; 73% requested a printout of chosen plan,Website with general suicide prevention information,N/A ,N/A ,N/A ,N/A ,N/A ,,,,,N/A ,,N/A ,N/A ,N/A ,N/A ,N/A ,N/A ,N/A ,N/A ,N/A ,,,,,pilot RCT for feasibility/acceptability-- not clear what to extract,flag,Clinical counseling / screening,Child access prevention / safe storage mandates,Program: promote safe storage (devices/practices),
,,,,,,,,,,,,,,,,,,,,,,,,,,,,,,,,,,,,,,,,,,,,,,,,,,,,,,,,,,
,,10.1001/jamanetworkopen.2020.24303,27,Bhatt 2020,"Bhatt, A. et al. ",2020,United States – Missouri,University of Missouri Department of Psychiatry,Journal Article,Quasi-experimental; synthetic control,State,4–5 years post-policy (varies by exposure),N/A,N/A,Mixed,"Missouri, using state-level suicide mortality data for youth and young adults. Adolescents (14–18 y) and young adults (19–24 y) in Missouri","Not explicitly given; 2007 pre-repeal firearm suicide rate for young adults ≈ 6.4/100,000","Population-based; state-level suicide mortality data from CDC WISQARS, 1999–2018",Legislation,legislation,Legislation—permissive,Legislation—permissive,Repeal of Missouri’s permit-to-purchase (PTP) law in 2007 and reductions in minimum age for concealed carry in 2011 (to 21) and 2014 (to 19),Repeal of licensing and background check requirements for handgun purchases; expansion of legal concealed carry,Yes – multiple legislative changes over time,Yes ,Legal changes tracked using statutory references; pre-post periods defined for each policy,Synthetic control states with stable laws (13 for PTP; 42 for concealed carry),Synthetic control,Firearm suicide rate – young adults - Post-PTP Repeal,Table ,firearm suicide mortality,"Deaths / 100,000 pop.",firearm mortality,firearm mortality,"""Self-inflicted (suicide, self-harm)""","""Self-inflicted (suicide, self-harm)""",2007–2010 (post-PTP repeal),,21.8% increase,N/A ,N/A ,N/A ,N/A ,"MO = 7.8/100,000; synthetic MO = 6.4/100,000",↑ harmful,"Yes – by age group (14–18, 19–24) and firearm vs. nonfirearm suicide",Firearm suicide ↑ in young adults post-PTP; both firearm and nonfirearm ↑ in adolescents post-2014 carry law,National trends in firearm availability and mental health,N/A,,,reextract effect size as just the number?,flag,Firearm policy / legal change,Background checks / permits to purchase / sales regulation,System: policy change (access-expanding/permissive),
,,,,,,,,,,,,,,,,,,,,,Legislation—permissive,Legislation—permissive,,,,,,,...,Firearm suicide rate – adolescents - Post-PTP Repeal,...,firearm suicide mortality,...,firearm mortality,firearm mortality,"""Self-inflicted (suicide, self-harm)""","""Self-inflicted (suicide, self-harm)""",...,,−5.2% (no increase),N/A ,N/A ,N/A ,N/A ,"MO = 3.6/100,000; synthetic MO = 3.8/100,000",↔ null,...,...,,,,,,,,,,
,,,,,,,,,,,,,,,,,,,,,Legislation—permissive,Legislation—permissive,,,,,,,...,Firearm suicide rate – adolescents - Post-2014 Concealed Carry Law,...,firearm suicide mortality,...,firearm mortality,firearm mortality,"""Self-inflicted (suicide, self-harm)""","""Self-inflicted (suicide, self-harm)""",2014–2018,,32.0% increase,N/A ,N/A ,N/A ,N/A ,"MO = 6.6/100,000; synthetic MO = 5.0/100,000",↑ harmful,...,...,,,,,,,,,,
,,,,,,,,,,,,,,,,,,,,,Legislation—permissive,Legislation—permissive,,,,,,,...,Firearm suicide rate – young adults - Post-2014 Concealed Carry Law,...,firearm suicide mortality,...,firearm mortality,firearm mortality,"""Self-inflicted (suicide, self-harm)""","""Self-inflicted (suicide, self-harm)""",...,,7.2% increase,N/A ,N/A ,N/A ,N/A ,"MO = 11.8/100,000; synthetic MO = 11.0/100,000",↑ harmful,...,...,,,,,,,,,,
,,,,,,,,,,,,,,,,,,,,,,,,,,,,,,,,,,,,,,,,,,,,,,,,,,,,,,,,,,
,,10.1177/00031348241244644,28,Bhullar 2024,"Bhullar, A. et al. ",2024,United States – Washington State,N/A,Journal Article,Retrospective before–after ecological time‐series,State‐month,Pre‐law Jan 2016–Dec 2018; post‐law Jan 2019–Dec 2021,STROBE guidance for observational studies,"Moderate (ecological design, potential unmeasured confounding)",Mixed ,"Monthly firearm violence (FV) events from the Gun Violence Archive, weighted per 100000 using annual state population estimates. ","Pre‐law = 54.02 % of all 6 069 events; AW events = 2.3 % pre‐law 
",36 months pre‐law; 36 months post‐law,Legislation,legislation,Legislation—restrictive,Legislation—restrictive,"Washington Initiative 1639 (Jan 2019) raised AW purchase age <21 years, added universal background checks, mandatory waiting period, and training for semiautomatic AWs",Age cutoff; expanded checks; waiting‐period; training requirements,Discrete statewide law effective January 2019,N/A,"Immediate, uniform rollout for all AW purchases in WA",Pre‐law period (2016–2018),Poisson regression,All FV incidents,Table 2,firearm injury,Monthly count per 100 000 pop.,shootings,shootings,"unintentional, ""Self-inflicted (suicide, self-harm)"", ""Interpersonal (homicide, assault)"", unknown/other, mass shooting","unintentional, ""Self-inflicted (suicide, self-harm)"", ""Interpersonal (homicide, assault)"", Legal intervention, unknown/other, mass shooting",Pre vs post,,1.23,N/A,1.1,1.38,< .001,N/A,↓ beneficial,N/A,N/A,N/A,Reliance on open‐source GVA data (possible underreporting/misclassification); inability to adjust for other social determinants,"Post-law there were significant declines in total FV incidents, AW‐specific incidents, and AW incidents by <21 y; no significant change in injuries or deaths for most categories",,"is AW ""automatic weapon""? Clarify",flag,Firearm policy / legal change,Background checks / permits to purchase / sales regulation,System: policy change (access-restricting/regulatory),
,,,,,,,,,,,,,,,,,,,,,Legislation—restrictive,Legislation—restrictive,,,,,,,...,All FV injuries,...,firearm injury,...,firearm morbidity,firearm morbidity,"unintentional, ""Self-inflicted (suicide, self-harm)"", ""Interpersonal (homicide, assault)"", unknown/other, mass shooting","unintentional, ""Self-inflicted (suicide, self-harm)"", ""Interpersonal (homicide, assault)"", Legal intervention, unknown/other, mass shooting",...,,0.91,...,0.78,1.06,0.22,...,↔ null,...,...,,,,,,,,,,
,,,,,,,,,,,,,,,,,,,,,Legislation—restrictive,Legislation—restrictive,,,,,,,...,All FV deaths,...,firearm mortality,...,firearm mortality,firearm mortality,"unintentional, ""Self-inflicted (suicide, self-harm)"", ""Interpersonal (homicide, assault)"", unknown/other, mass shooting","unintentional, ""Self-inflicted (suicide, self-harm)"", ""Interpersonal (homicide, assault)"", Legal intervention, unknown/other, mass shooting",...,,0.87,...,0.75,1,0.048,...,↓ beneficial,...,...,,,,,,,,,,
,,,,,,,,,,,,,,,,,,,,,Legislation—restrictive,Legislation—restrictive,,,,,,,...,AW FV incidents,...,firearm injury,Monthly assault‐weapon incidents per 100 000 pop.,shootings,shootings,"unintentional, ""Self-inflicted (suicide, self-harm)"", ""Interpersonal (homicide, assault)"", unknown/other, mass shooting","unintentional, ""Self-inflicted (suicide, self-harm)"", ""Interpersonal (homicide, assault)"", Legal intervention, unknown/other, mass shooting",...,,3.42,...,1.7,6.89,0.001,...,↓ beneficial,...,...,,,,,,,,,,
,,,,,,,,,,,,,,,,,,,,,Legislation—restrictive,Legislation—restrictive,,,,,,,...,AW FV injuries,...,firearm injury,...,firearm morbidity,firearm morbidity,"unintentional, ""Self-inflicted (suicide, self-harm)"", ""Interpersonal (homicide, assault)"", unknown/other, mass shooting","unintentional, ""Self-inflicted (suicide, self-harm)"", ""Interpersonal (homicide, assault)"", Legal intervention, unknown/other, mass shooting",...,,1.67,...,1.27,10.27,0.58,...,↔ null,...,...,,,,,,,,,,
,,,,,,,,,,,,,,,,,,,,,Legislation—restrictive,Legislation—restrictive,,,,,,,...,AW FV deaths,...,firearm mortality,...,firearm mortality,firearm mortality,"unintentional, ""Self-inflicted (suicide, self-harm)"", ""Interpersonal (homicide, assault)"", unknown/other, mass shooting","unintentional, ""Self-inflicted (suicide, self-harm)"", ""Interpersonal (homicide, assault)"", Legal intervention, unknown/other, mass shooting",...,,1.05,...,0.22,4.9,0.95,...,↔ null,...,...,,,,,,,,,,
,,,,,,,,,,,,,,,,,,,,,Legislation—restrictive,Legislation—restrictive,,,,,,,...,AW FV by < 21 y subjects,...,firearm injury,AW incidents by shooters < 21 y per 100 000 pop.,shootings,shootings,"unintentional, ""Self-inflicted (suicide, self-harm)"", ""Interpersonal (homicide, assault)"", unknown/other, mass shooting","unintentional, ""Self-inflicted (suicide, self-harm)"", ""Interpersonal (homicide, assault)"", Legal intervention, unknown/other, mass shooting",...,,11.53,...,1.52,87.26,0.02,...,↓ beneficial,...,...,,,,,,,,,,
,,,,,,,,,,,,,,,,,,,,,Legislation—restrictive,Legislation—restrictive,,,,,,,...,Illegal AW FV by < 21 y subjects,...,firearm injury,AW events by illegally obtained weapons by < 21 y,shootings,shootings,"unintentional, ""Self-inflicted (suicide, self-harm)"", ""Interpersonal (homicide, assault)"", unknown/other, mass shooting","unintentional, ""Self-inflicted (suicide, self-harm)"", ""Interpersonal (homicide, assault)"", Legal intervention, unknown/other, mass shooting",...,,1.96,...,0.88,4.36,0.1,...,↔ null,...,...,,,,,,,,,,
,,,,,,,,,,,,,,,,,,,,,,,,,,,,,,,,,,,,,,,,,,,,,,,,,,,,,,,,,,
,,,29,Black 1994,"Black, M. M.; Ricardo, I. B",1994,"United States - Baltimore, MD","NIMH, NIH grant ",Journal Article ,Mixed‐methods cross-sectional study (quantitative survey + qualitative interviews),Individual youth,Single assessment (quantitative); one 60–90 min interview (qualitative),N/A,N/A,Urban,10 recreation centers in low-income African-American neighborhoods; Macintosh‐computer self-administered surveys & private interviews. 192 boys aged 9–15 y (quantitative); 12 aged 12–19 y (qualitative). ,27 % reported any drug use; 15 % drug trafficking; 10 % weapon carrying,N_quant = 192; N_qual = 12,Observational,no intervention,descriptive/no intervention,descriptive/no intervention,N/A,N/A,N/A,N/A,N/A,N/A,N/A,N/A,N/A,N/A,N/A,,,,,N/A,,N/A,N/A,N/A,N/A,N/A,N/A,N/A,N/A,N/A,N/A,N/A,"73 % not involved in drug or weapon activities; involvement clustered with other risk behaviors (cigarettes, alcohol, school failure)",,"missing DOI, intervention, any sort of effect?",flag,,,,
,,,,,,,,,,,,,,,,,,,,,,,,,,,,,,,,,,,,,,,,,,,,,,,,,,,,,,,,,,
,,10.1080/00036846.2016.1164821,30,Blau 2016,"Blau, B.M.",2016,United States - National ,N/A,Journal Article ,"Panel and cross-sectional analyses (probit, negative binomial)",State (panel) and Event (cross-section),33 years (1982–2014),N/A,N/A,Mixed ,"National dataset of 184 public shootings across 51 jurisdictions. General public; includes characteristics of gunmen, state gun laws, event venue","9% of state-year observations had a shooting; mean = 8.82 victims, 4.23 fatalities",1683 state-years (panel); 184 shootings (cross-sectional),Legislation,legislation,Legislation—restrictive,Legislation—restrictive,Examined effects of 10 state and federal gun law categories on event occurrence and outcomes,"Assault weapons bans, purchase permits, registration, licensing, concealed/open carry, NFA restrictions, stand your ground",Yes – binary indicators for law presence by state and year,No,Presence of law ,States/years without a given law; events with vs. without certain weapon types,Probit regression and linear probability model with fixed effects,Occurrence of active shooter event = State Assault Weapons Law,Table 3,shootings,Binary indicator (1 = shooting occurred),shootings,shootings,"unintentional, ""Self-inflicted (suicide, self-harm)"", ""Interpersonal (homicide, assault)"", unknown/other, mass shooting","unintentional, ""Self-inflicted (suicide, self-harm)"", ""Interpersonal (homicide, assault)"", Legal intervention, unknown/other, mass shooting",1982–2014,,-0.045,0.018,N/A,N/A,0.05,1683 state-years; 9% with events,↓ beneficial,"Yes - gun type, venue, mental illness",School/workplace events had fewer victims; mentally ill shooters caused more harm; gun laws varied in effect across models,N/A,N/A,,,looks good to me!,,Firearm policy (index/strength measure),Policy environment index / composite score,System: measurement/index (policy strength),
,,,,,,,,,,,,,,,,,,,,,Legislation—permissive,Legislation—permissive,,,,,,,...,Occurrence of active shooter event = Stand Your Ground,...,shootings,...,shootings,shootings,"unintentional, ""Self-inflicted (suicide, self-harm)"", ""Interpersonal (homicide, assault)"", unknown/other, mass shooting","unintentional, ""Self-inflicted (suicide, self-harm)"", ""Interpersonal (homicide, assault)"", Legal intervention, unknown/other, mass shooting",...,,–0.181,0.044,...,...,p < 0.01,...,↑ harmful,...,...,,,,,,,,,,
,,,,,,,,,,,,,,,,,,,,,Legislation—restrictive,Legislation—restrictive,,,,,,,...,Assault weapon used: Assualt Law,Table 4,shootings,Binary indicator of whether assault weapon used,firearm-related crime,,"unintentional, ""Self-inflicted (suicide, self-harm)"", ""Interpersonal (homicide, assault)"", unknown/other, mass shooting",,...,,0.218,0.246,...,...,N/A,Assault weapon used in 31% of events,↔ null,...,...,,,,,,,,,,
,,,,,,,,,,,,,,,,,,,,,Legislation—permissive,Legislation—permissive,,,,,,,...,Assault weapon used: AR-Ban,...,shootings,...,firearm-related crime,,"unintentional, ""Self-inflicted (suicide, self-harm)"", ""Interpersonal (homicide, assault)"", unknown/other, mass shooting",,...,,–0.233,0.182,...,...,N/A,...,↔ null,...,...,,,,,,,,,,
,,,,,,,,,,,,,,,,,,,,,descriptive/no intervention,descriptive/no intervention,,,,,,,Negative binomial regression,Victim count = D_Handguns IRR,Table 5 ,firearm injury,Total number of individuals injured (non-fatal or fatal),"firearm morbidity, firearm mortality","firearm morbidity, firearm mortality","unintentional, ""Self-inflicted (suicide, self-harm)"", ""Interpersonal (homicide, assault)"", unknown/other, mass shooting","unintentional, ""Self-inflicted (suicide, self-harm)"", ""Interpersonal (homicide, assault)"", Legal intervention, unknown/other, mass shooting",...,,1.47,0.141,...,...,p < 0.01,Mean = 8.82 victims per event,↑ harmful,...,...,,,,,,,,,,
,,,,,,,,,,,,,,,,,,,,,descriptive/no intervention,descriptive/no intervention,,,,,,,...,Victim count = D_Shotguns IRR,...,firearm injury,...,"firearm morbidity, firearm mortality","firearm morbidity, firearm mortality","unintentional, ""Self-inflicted (suicide, self-harm)"", ""Interpersonal (homicide, assault)"", unknown/other, mass shooting","unintentional, ""Self-inflicted (suicide, self-harm)"", ""Interpersonal (homicide, assault)"", Legal intervention, unknown/other, mass shooting",...,,1.86,0.132,...,...,p < 0.01,...,↑ harmful,...,...,,,,,,,,,,
,,,,,,,,,,,,,,,,,,,,,descriptive/no intervention,descriptive/no intervention,,,,,,,...,Victim count = High-Capacity Mag IRR,...,firearm injury,...,"firearm morbidity, firearm mortality","firearm morbidity, firearm mortality","unintentional, ""Self-inflicted (suicide, self-harm)"", ""Interpersonal (homicide, assault)"", unknown/other, mass shooting","unintentional, ""Self-inflicted (suicide, self-harm)"", ""Interpersonal (homicide, assault)"", Legal intervention, unknown/other, mass shooting",...,,1.61,0.147,...,...,p < 0.01,...,↑ harmful,...,...,,,,,,,,,,
,,,,,,,,,,,,,,,,,,,,,descriptive/no intervention,descriptive/no intervention,,,,,,,...,Fatality Count = D_Handguns IRR,Table 5 ,firearm mortality,Number of fatalities per shooting,firearm mortality,firearm mortality,"unintentional, ""Self-inflicted (suicide, self-harm)"", ""Interpersonal (homicide, assault)"", unknown/other, mass shooting","unintentional, ""Self-inflicted (suicide, self-harm)"", ""Interpersonal (homicide, assault)"", Legal intervention, unknown/other, mass shooting",...,,1.55,0.168,...,...,p < 0.01,Mean = 4.23 fatalities per event,↑ harmful,...,...,,,,,,,,,,
,,,,,,,,,,,,,,,,,,,,,descriptive/no intervention,descriptive/no intervention,,,,,,,...,Fatality Count = D_Shotguns IRR,...,firearm mortality,...,firearm mortality,firearm mortality,"unintentional, ""Self-inflicted (suicide, self-harm)"", ""Interpersonal (homicide, assault)"", unknown/other, mass shooting","unintentional, ""Self-inflicted (suicide, self-harm)"", ""Interpersonal (homicide, assault)"", Legal intervention, unknown/other, mass shooting",...,,1.83,0.161,...,...,p < 0.01,...,↑ harmful,...,...,,,,,,,,,,
,,,,,,,,,,,,,,,,,,,,,descriptive/no intervention,descriptive/no intervention,,,,,,,...,Fatality Count = High-Capacity Mag IRR,...,firearm mortality,...,firearm mortality,firearm mortality,"unintentional, ""Self-inflicted (suicide, self-harm)"", ""Interpersonal (homicide, assault)"", unknown/other, mass shooting","unintentional, ""Self-inflicted (suicide, self-harm)"", ""Interpersonal (homicide, assault)"", Legal intervention, unknown/other, mass shooting",...,,1.47,0.164,...,...,p < 0.01,...,↑ harmful,...,...,,,,,,,,,,
,,,,,,,,,,,,,,,,,,,,,descriptive/no intervention,descriptive/no intervention,,,,,,,...,Victim count = Mental Illness IRR,Table 7 ,firearm injury,Total victims per event,"firearm morbidity, firearm mortality","firearm morbidity, firearm mortality","unintentional, ""Self-inflicted (suicide, self-harm)"", ""Interpersonal (homicide, assault)"", unknown/other, mass shooting","unintentional, ""Self-inflicted (suicide, self-harm)"", ""Interpersonal (homicide, assault)"", Legal intervention, unknown/other, mass shooting",...,,1.49,0.138,...,...,p < 0.05,46% of gunmen had signs of mental illness,↑ harmful,...,...,,,,,,,,,,
,,,,,,,,,,,,,,,,,,,,,descriptive/no intervention,descriptive/no intervention,,,,,,,...,Victim count = On Depression Meds IRR,...,firearm injury,...,"firearm morbidity, firearm mortality","firearm morbidity, firearm mortality","unintentional, ""Self-inflicted (suicide, self-harm)"", ""Interpersonal (homicide, assault)"", unknown/other, mass shooting","unintentional, ""Self-inflicted (suicide, self-harm)"", ""Interpersonal (homicide, assault)"", Legal intervention, unknown/other, mass shooting",...,,1.46,0.162,...,...,p < 0.05,...,↑ harmful,...,...,,,,,,,,,,
,,,,,,,,,,,,,,,,,,,,,descriptive/no intervention,descriptive/no intervention,,,,,,,...,Fatality Count = On Depression Meds IRR,Table 7 ,firearm mortality,Number of fatalities per event,firearm mortality,firearm mortality,"unintentional, ""Self-inflicted (suicide, self-harm)"", ""Interpersonal (homicide, assault)"", unknown/other, mass shooting","unintentional, ""Self-inflicted (suicide, self-harm)"", ""Interpersonal (homicide, assault)"", Legal intervention, unknown/other, mass shooting",...,,1.67,0.163,...,...,p < 0.01,14% on meds,↑ harmful,...,...,,,,,,,,,,
,,,,,,,,,,,,,,,,,,,,,descriptive/no intervention,descriptive/no intervention,,,,,,,...,Fatality Count = Off Depression Meds IRR,...,firearm mortality,...,firearm mortality,firearm mortality,"unintentional, ""Self-inflicted (suicide, self-harm)"", ""Interpersonal (homicide, assault)"", unknown/other, mass shooting","unintentional, ""Self-inflicted (suicide, self-harm)"", ""Interpersonal (homicide, assault)"", Legal intervention, unknown/other, mass shooting",...,,0.64,0.18,...,...,p < 0.01,14% on meds,↓ beneficial,...,...,,,,,,,,,,
,,,,,,,,,,,,,,,,,,,,,,,,,,,,,,,,,,,,,,,,,,,,,,,,,,,,,,,,,,
,,10.1016/j.jnma.2023.09.003,31,Bleyer 2023,"Bleyer, A. et al. ",2023,United States - National ,N/A,Journal Article ,Interrupted time series with Joinpoint regression,National age cohort (0–14 years),40 years (1981–2020),N/A,N/A,Mixed ,"National trends across all four U.S. Census regions. U.S. children ages 0–14; analyses stratified by sex, race/ethnicity, and region",AAPC firearm death rate before FAWB = +3.2% annually,"23,075 firearm deaths in 0–14 y.o. across 1981–2020",Legislation,legislation,Legislation—restrictive,Legislation—restrictive,1994–2004 ban on manufacture and sale of semi-automatic firearms with military-style features and high-capacity magazines,Assault weapon and large-capacity magazine restrictions,Yes – full federal 10-year implementation (1994–2004),No,"Law was enforced nationally, then expired in 2004",Pre-FAWB and post-FAWB trend segments (before: 1981–1993; during: 1994–2004; after: 2005–2020).,Joinpoint regression,Firearm death rate (overall) - AAPC pre-FAWB,Figure 2,firearm mortality,"Age-adjusted firearm deaths per 100,000",firearm mortality,firearm mortality,"unintentional, ""Self-inflicted (suicide, self-harm)"", ""Interpersonal (homicide, assault)"", unknown/other, mass shooting",,"Annual, 1981–2020",,3.20%,N/A,N/A,N/A,p << 0.001,"23,075 total deaths",↓ beneficial,"Yes - sex, race/ethnicity, region","Strongest declines in non-Hispanic Black children, South and West regions; weakest in Northeast (already low baseline)",N/A,"Ecological study, no enforcement fidelity data. ",,,looks good to me!,,Firearm policy / legal change,Assault weapon / magazine / handgun model bans,System: policy change (access-restricting/regulatory),
,,,,,,,,,,,,,,,,,,,,,Legislation—restrictive,Legislation—restrictive,,,,,,,...,Firearm death rate (overall) - FAWB,...,firearm mortality,...,firearm mortality,firearm mortality,"unintentional, ""Self-inflicted (suicide, self-harm)"", ""Interpersonal (homicide, assault)"", unknown/other, mass shooting",,...,,–10.6%,...,...,...,p << 0.001,...,↓ beneficial,...,...,,,,,,,,,,
,,,,,,,,,,,,,,,,,,,,,Legislation—permissive,Legislation—permissive,,,,,,,...,Firearm death rate (overall) - post FAWB,...,firearm mortality,...,firearm mortality,,"unintentional, ""Self-inflicted (suicide, self-harm)"", ""Interpersonal (homicide, assault)"", unknown/other, mass shooting",,...,,3.00%,...,...,...,p << 0.001,...,↓ beneficial,...,...,,,,,,,,,,
,,,,,,,,,,,,,,,,,,,,,Legislation—restrictive,Legislation—restrictive,,,,,,,...,Cause-specific firearm death rates = During FAWB: Suicide ,Figure 6 & 7,firearm suicide mortality,"AAPC by cause: suicide, homicide, unintentional",firearm mortality,,"""Self-inflicted (suicide, self-harm)""",,...,,–11.9%,N/A,N/A,N/A,p < 0.001,N/A,↓ beneficial,...,...,,,,,,,,,,
,,,,,,,,,,,,,,,,,,,,,Legislation—restrictive,Legislation—restrictive,,,,,,,...,Cause-specific firearm death rates = During FAWB: Homocide,...,firearm homicide mortality,...,firearm mortality,,"""Interpersonal (homicide, assault)""",,...,,–8.1%,...,...,...,p < 0.001,...,↓ beneficial,...,...,,,,,,,,,,
,,,,,,,,,,,,,,,,,,,,,Legislation—restrictive,Legislation—restrictive,,,,,,,...,Cause-specific firearm death rates = During FAWB: Unintentional,...,firearm unintentional mortality,...,firearm mortality,,unintentional,,...,,–13.5%,...,...,...,p < 0.001,...,↓ beneficial,...,...,,,,,,,,,,
,,,,,,,,,,,,,,,,,,,,,,,,,,,,,,,,,,,,,,,,,,,,,,,,,,,,,,,,,,
,,10.3389/fdgth.2022.974153,32,Boggs 2022,"Boggs, J.M. et al. ",2022,United States - Colorado ,Kaiser Permanente’s Office of Community Health,Journal Article ,Mixed methods (feasibility/acceptability study),Person,4–6 weeks (post-invitation survey),N/A,N/A,Urban,Kaiser Permanente Colorado outpatient behavioral health settings. Adults with recent suicidal ideation identified via PHQ-9 screening,18% reported unsecured firearm access; 73% reported unrestricted medication access,"2,931 patients (2,729 in population outreach; 14 in provider-referral pilot)",Intervention Tool ,,Counseling/Behavioral,Counseling/Behavioral,Digital health tool – firearm & medication safety counseling. Web-based decision aid (“Lock to Live”) offering anonymous education and storage options for lethal means (firearms and meds),"Lethal means education, storage options, behavioral nudges","Yes – multiple message combinations tested (email, text, EHR)",Yes ,Outreach methods tracked via unique URLs; provider referral tracked via EHR and qualitative follow-up,Outreach method (population-based vs. provider-referral),logistic regression,EHR message with 1 mail reminder (Batch 1),Table 2 ,firearm behaviors and attitudes,% of patients who visited the L2L website after invitation,firearm behaviors (anti-firearm),firearm behaviors (anti-firearm),,n/a,4–6 weeks post-invitation,,7.2,N/A,2.5,20.7,p < 0.0001,468 total patients ,↔ null,Yes – firearm owners; medication access; outreach method,Highest uptake in EHR + email method; lower firearm safety acceptability among those with low perceived risk,N/A,"Lack of provider time, stigma, unclear policy, absence of EHR reminders",,,to be clear-- comparison is population-based and intervention is provider-referred?,flag,Clinical counseling / screening,Child access prevention / safe storage mandates,Program: promote safe storage (devices/practices),
,,,,,,,,,,,,,,,,,,,,,Counseling/Behavioral,Counseling/Behavioral,,,,,,,...,"EHR message with 1 text reminder (Batch 2
and 5)",...,firearm behaviors and attitudes,...,firearm behaviors (anti-firearm),firearm behaviors (anti-firearm),,n/a,...,,9,...,3.3,25,p < 0.0001,904 total patients ,↔ null,...,...,,,,,,,,,,
,,,,,,,,,,,,,,,,,,,,,Counseling/Behavioral,Counseling/Behavioral,,,,,,,...,Email with 1 mail reminder (Batch 4),...,firearm behaviors and attitudes,...,firearm behaviors (anti-firearm),firearm behaviors (anti-firearm),,n/a,...,,1.1,...,0.3,4.3,p < 0.0001,429 total patients ,↔ null,...,...,,,,,,,,,,
,,,,,,,,,,,,,,,,,,,,,Counseling/Behavioral,Counseling/Behavioral,,,,,,,...,EHR message with 2 email reminders (Batch 6),...,firearm behaviors and attitudes,...,firearm behaviors (anti-firearm),firearm behaviors (anti-firearm),,n/a,...,,13.7,...,4.9,38.2,p < 0.0001,472 total patients ,↔ null,...,...,,,,,,,,,,
,,,,,,,,,,,,,,,,,,,,,,,,,,,,,,,,,,,,,,,,,,,,,,,,,,,,,,,,,,
,,10.1007/s11121-024-01641-6,33,Boggs 2024,"Boggs, J.M. et al. ",2024,United States - Colorado ,Kaiser Permanente’s Office of Community Health,Journal Article ,"Randomized controlled trial (parallel-group, 1:1 allocation)",Person,Person,N/A,N/A,Urban,"Kaiser Permanente Colorado, a salaried physician-model integrated health system. Adults (18+) in 75–99.5th percentile of suicide risk model; recent mental health visit",44% reported firearm access; 81% of those used no secure storage,"N = 20,131 randomized; N = 4,601 completed survey (1,598 intervention; 3,003 control)",Intervention Tool ,,Counseling/Behavioral,Counseling/Behavioral,Digital health tool – suicide prevention. Lock to Live (L2L): anonymous web-based decision aid offering firearm and medication storage guidance,"Storage preferences, nudges, decision support, values-based planning",Yes – 3 EHR messages + 3 survey invitations over 6–8 weeks,Yes,Outreach monitored via EHR tracking; patients blind to arm; no provider interaction,Control received survey invitations only (no L2L exposure),Cumulative logistic regression,Stage of change (firearm storage),Table 3 ,firearm behaviors and attitudes,"5-level transtheoretical stage model: pre-contemplative, contemplative, thinking, planning, action",firearm behaviors (anti-firearm),firearm behaviors (anti-firearm),,n/a,6–8 weeks post-randomization,,1.21,N/A,1.01,1.45,0.039,"N = 1,821 with firearm access; 44% of 4,601 survey respondents",↓ beneficial,"Yes – firearm access, medication access, response stage",More impact among those in pre-action stages; no heterogeneity by demographics,N/A,"Low survey response rate (27%), lack of provider contact, no locking devices",,,"for binary logistic regression, define which stages are later stages of change",flag,Clinical counseling / screening,Child access prevention / safe storage mandates,Program: promote safe storage (devices/practices),
,,,,,,,,,,,,,,,,,,,,,Counseling/Behavioral,Counseling/Behavioral,,,,,,,Binary logistic regression,"“Secure, planning, or thinking” vs. “Contemplative or pre-contemplative”",...,firearm behaviors and attitudes,Proportion of respondents in later stages of change,firearm behaviors (anti-firearm),firearm behaviors (anti-firearm),,n/a,...,,1.3,N/A,1.07,1.58,0.001,8.4% more in intervention group were thinking/planning,↓ beneficial,...,...,,,,,,,,,,
,,,,,,,,,,,,,,,,,,,,,Counseling/Behavioral,Counseling/Behavioral,,,,,,,Cumulative logistic regression,Stage of change (medication),Table 5,firearm behaviors and attitudes,Transtheoretical model 5-level stages,firearm behaviors (anti-firearm),firearm behaviors (anti-firearm),,n/a,...,,1.043,N/A,0.927,1.174,0.485,N/A,↔ null,...,...,,,,,,,,,,
,,,,,,,,,,,,,,,,,,,,,,,,,,,,,,,,,,,,,,,,,,,,,,,,,,,,,,,,,,
Exclude,,10.5055/jem.0639,34,Bott 2022,"Bott, R. et al. ",2022,"USA – Simulation based on Columbine HS, Colorado",N/A,Journal Article ,Agent-based modeling simulation,Agent-based modeling simulation,Agent-based modeling simulation,N/A,N/A,Urban,"Modeled on Columbine High School library (site of 1999 shooting). Simulated civilians (students and staff), shooters, SROs, and CCW holders",Historical baseline: 22 casualties / 34 survivors (39% casualty rate),100 simulation runs per scenario; each with 56 civilians and 2 shooters,"Simulation of armed intervention: SROs, CCWs",,"Counseling/Behavioral, Policing","Counseling/Behavioral, Policing",Added armed School Resource Officer (SRO) and/or Concealed Carry Weapon (CCW) holders to the scenario,"Agent-based modeling of SROs, CCWs, and civilians (RUN, HIDE, FIGHT)","Yes – scenarios compared 0, 1, or both armed agents; with specific delay times",Yes,"SRO entered after 60s delay; CCW after 5s, from predefined positions","Baseline ""all-run"", ""all-hide"", and ""all-fight"" scenarios with no armed agents",Simulated scenario repetition (100x),Victim survival rate in “all-run” condition : Baseline,Pages 102-104,mortality,% of civilians surviving,,,,,End of each run (420s),,91.10%,N/A,N/A,N/A,N/A,N/A,↓ beneficial,"Yes – scenario types: RUN, HIDE, FIGHT; presence/absence of SRO/CCW",Largest gain from armed responders in “hide” scenarios; least in “fight” scenarios,N/A,N/A,,,ahwaz@email.gwu.edu not totally sure we even want this if it's simulation data? no actual mortality outcomes,flag,Clinical counseling / screening,Carry laws (concealed/open/issue),Service: clinical counseling/screening (behavior change),
Exclude,,,,,,,,,,,,,,,,,,,,,"Counseling/Behavioral, Policing","Counseling/Behavioral, Policing",,,,,,,...,... with 1 SRO,...,mortality,...,,,,,...,,91.10%,...,...,...,...,N/A,↓ beneficial,...,...,,,,,,,,,,
Exclude,,,,,,,,,,,,,,,,,,,,,"Counseling/Behavioral, Policing","Counseling/Behavioral, Policing",,,,,,,...,... with 1 CCW,...,mortality,...,,,,,...,,96.40%,...,...,...,...,Baseline: 51/56 survived; With CCW: 54/56 survived,↓ beneficial,...,...,,,,,,,,,,
Exclude,,,,,,,,,,,,,,,,,,,,,"Counseling/Behavioral, Policing","Counseling/Behavioral, Policing",,,,,,,...,... with both,...,mortality,...,,,,,...,,96.40%,...,...,...,...,N/A,↓ beneficial,...,...,,,,,,,,,,
Exclude,,,,,,,,,,,,,,,,,,,,,"Counseling/Behavioral, Policing","Counseling/Behavioral, Policing",,,,,,,...,Victim survival rate in “all-fight” condition : Baseline ,Pages 105-106,mortality,% of civilians surviving,,,,,End of each simulation,,98.20%,...,...,...,...,...,↔ null,...,...,,,,,,,,,,
Exclude,,,,,,,,,,,,,,,,,,,,,"Counseling/Behavioral, Policing","Counseling/Behavioral, Policing",,,,,,,...,... with 1 SRO,...,mortality,...,,,,,...,,98.20%,...,...,...,...,...,↔ null,...,...,,,,,,,,,,
Exclude,,,,,,,,,,,,,,,,,,,,,"Counseling/Behavioral, Policing","Counseling/Behavioral, Policing",,,,,,,...,... with 1 CCW,...,mortality,...,,,,,...,,98.20%,...,...,...,...,...,↔ null,...,...,,,,,,,,,,
Exclude,,,,,,,,,,,,,,,,,,,,,"Counseling/Behavioral, Policing","Counseling/Behavioral, Policing",,,,,,,...,... with both,...,mortality,...,,,,,...,,98.20%,...,...,...,...,...,↔ null,...,...,,,,,,,,,,
,,,,,,,,,,,,,,,,,,,,,,,,,,,,,,,,,,,,,,,,,,,,,,,,,,,,,,,,,,
,,https://pubmed.ncbi.nlm.nih.gov/32888157/,,Braga2021,"Braga, A. et al. ",2021,United States - New York City (Specifically the Bronx and Brooklyn),Research grant from the New York City Mayor's Office of Criminal Justice ,Journal article,Mixed methods (quantitative firearms trace analysis and qualitative interviews),Firearm (trace data) and Individual (qualitative interviews),Trace Data: 5 years (2010-2025); Interviews: 1 year (2015-2016),N/A,N/A,Urban ,"NYPD recovered 24,027 crime guns across all NYC precincts, focusing on those traced to the Bronx and Brooklyn. Trace sample: 14,774 in Bronx/Brooklyn, 9,253 elsewhere. Interview sample: 108 individuals at high risk in four identified Bronx and Brooklyn neighborhoods (Morrisania, East Flatbush, Crown Heights, Bedford-Stuyvesant). For the 56 Brooklyn subjects, the average age was around 29, nearly
95% were black, and almost 88% were male. For the 52 Bronx subjects, the average age was around 30, slightly more than 80% were black, and slightly more than 84% were male.",N=12982 observations for the Multivariate Logistic regression,"Trace data: N=24,027 recovered guns (15,093 traced to their first retail sale); Interviews: N=108 respondents. ",Policing (firearm recovery and tracing) ,policing,Policing,Policing,"Routine NYPD crime-gun recovery operations (2010-2015) paired with ATF tracing of recovered firearms to pinpoint the point source, types of sellers, and trafficking pathways into the Bronx and Brooklyn.  ",Dedicated Gun Analysis Unit in NYPD and ATF tracing,Total recoveries: 24027 firearms; Traced firearms: 15093 (62.9% of recoveries) ,Yes,"Every recovered firearm was submitted to get ATF traced soon after recovery, tracing protocol applied to all guns, data was logged into the NYPD database. ",NYC vs. the Bronx and Brooklyn recovery locations,Multivariate logistic regression,Illegal gun flow-- Handgun,Table 5 ,policing output,OR - Odds gun recovered in Bronx/Brooklyn if handgun ,policing output,policing output,,n/a,2010-2015 ,,1.417,0.11,N/A,N/A,p < 0.001,N/A,↑ harmful,Yes,Table 1: Characteristics of the study participants; Table 2: Selected characteristics of study settings; Table 3: Characteristics of firearms recovered; Table 4: Selected gun trafficking indicators for traced firearms recovered,"Study model controls included gun caliber, recovery crime type, time-to-crime, purchaser and posessor match, alongisde some other FFL source states surrounding NYC. ",N/A,,,harmful/beneficial aren't helpful designations here; unclear if this was really an intervention (might want to exclude),flag,Law enforcement / justice strategy,Focused deterrence / policing / enforcement,System/org: deterrence & enforcement,
,,,,,,,,,,,,,,,,,,,,,Policing,Policing,,,,,,,...,illegal gun flow-- Low-quality manufacturer ,...,policing output,OR - Odds of recovery if made by low quality manufacturer,policing output,policing output,,n/a,...,,1.163,0.05,N/A,N/A,p < 0.001,...,↑ harmful,...,...,,,,,,,,,,
,,,,,,,,,,,,,,,,,,,,,Policing,Policing,,,,,,,...,"illegal gun flow-- .380, 9 mm, .40, .45",...,policing output,OR - Odds of recovery if caliber is one of the listed common handgun calibers,policing output,policing output,,n/a,...,,1.028,0.04,N/A,N/A,N/A,...,↔ null,...,...,,,,,,,,,,
,,,,,,,,,,,,,,,,,,,,,Policing,Policing,,,,,,,...,Firearm-related offense ,...,policing output,OR - Odds of recovery if recovered in connection with firearm offense ,policing output,policing output,,n/a,...,,1.258,0.05,N/A,N/A,p < 0.001,...,↑ harmful,...,...,,,,,,,,,,
,,,,,,,,,,,,,,,,,,,,,Policing,Policing,,,,,,,...,Violent crime ,...,policing output,OR - Odds of recovery if recovered in connection with a violent crime ,policing output,policing output,,n/a,...,,0.949,0.07,N/A,N/A,N/A,...,↔ null,...,...,,,,,,,,,,
,,,,,,,,,,,,,,,,,,,,,Policing,Policing,,,,,,,...,3 years or less time-to-crime,...,policing output,OR - Odds of recovery if time from retail sail to recovery ≤ 3 y,policing output,policing output,,n/a,...,,0.948,0.05,N/A,N/A,N/A,...,↔ null,...,...,,,,,,,,,,
,,,,,,,,,,,,,,,,,,,,,Policing,Policing,,,,,,,...,Male purchaser ,...,policing output,OR - Odds of recovery if purchaser=male,policing output,policing output,,n/a,...,,1.027,0.05,N/A,N/A,N/A,...,↔ null,...,...,,,,,,,,,,
,,,,,,,,,,,,,,,,,,,,,Policing,Policing,,,,,,,...,Same purchaser/possessor,...,policing output,OR - Odds of recovery if purchaser=posessor,policing output,policing output,,n/a,...,,0.251,0.02,N/A,N/A,p < 0.001,...,↓ beneficial,...,...,,,,,,,,,,
,,,,,,,,,,,,,,,,,,,,,Policing,Policing,,,,,,,...,New York FFL,...,policing output,OR - Odds of recovery if gun first sold by NY FFL,policing output,policing output,,n/a,...,,0.853,0.06,N/A,N/A,p < 0.05,...,↓ beneficial,...,...,,,,,,,,,,
,,,,,,,,,,,,,,,,,,,,,Policing,Policing,,,,,,,...,I-95 southern state FFL ,...,policing output,OR - Odds of recovery if gun first sold in I-95 Southern State,policing output,policing output,,n/a,...,,1.176,0.05,N/A,N/A,p < 0.001,...,↑ harmful,...,...,,,,,,,,,,
,,,,,,,,,,,,,,,,,,,,,Policing,Policing,,,,,,,...,Pennsylvania FFL,...,policing output,OR - Odds of recovery if gun first sold by PA FFL,policing output,policing output,,n/a,...,,1.42,0.1,N/A,N/A,p < 0.001,...,↑ harmful,...,...,,,,,,,,,,
,,,,,,,,,,,,,,,,,,,,,,,,,,,,,,,,,,,,,,,,,,,,,,,,,,,,,,,,,,
,,10.1007/s10940-013-9198-x,36,Braga 2014,"Braga, A. et al. ",2014,"United States - Boston, MA",Not specified,Journal article,Quasi-experimental,Gang,5 years (2006–2010),N/A,N/A,Urban ,"Boston neighborhoods with chronic gang-related firearm violence. 53 Boston gangs (16 treated with Ceasefire, 37 matched comparisons), tracked quarterly",9.6 total shootings/gang/year in treated group in 2006,"1,060 gang-quarter observations (53 gangs × 20 quarters)",Community-based; policing,"community-based, policing","Community-based/Place-based, Policing","Community-based/Place-based, Policing","Operation Ceasefire – focused deterrence strategy combining direct communication, social services, and coordinated law enforcement actions","Call-ins, service referrals, multi-agency enforcement",Yes – intervention initiated with 19 gangs during 2007–2009; delivered via staggered implementation,Yes,Treatment only coded if full Ceasefire components were implemented; timing and exposure verified per gang,Matched gangs not exposed to Ceasefire and not connected through gang networks,Negative binomial regression (growth curve model),Ceasefire impact (interaction): Total Shootings,Table 2 ,shootings,Count of shootings per gang per quarter (suspect or victim),shootings,shootings,"unintentional, ""Self-inflicted (suicide, self-harm)"", ""Interpersonal (homicide, assault)"", unknown/other, mass shooting","unintentional, ""Self-inflicted (suicide, self-harm)"", ""Interpersonal (homicide, assault)"", unknown/other, mass shooting, Legal intervention","Quarterly, 2006–2010",,0.692,0.108,N/A,N/A,0.05,N/A,↓ beneficial,Yes – suspect vs. victim shootings,Slightly larger reduction in suspect shootings compared to victim shootings,Citywide relaunch of Ceasefire under Commissioner Davis post-2006,Early challenges in 2006 due to lack of coordinated enforcement; improvement after 2007 relaunch with full partner buy-in,,"why weren't p-values extracted? also, based on the table, unclear which values to extract, but these don't line up with the main text results which seem more relevant",flag,,Firearm policy / legal change,Other firearm policy/legal,System: policy change (access-restricting/regulatory),
,,,,,,,,,,,,,,,,,,,,,"Community-based/Place-based, Policing","Community-based/Place-based, Policing",,,,,,,...,Ceasefire gang (1= treated),...,shootings,...,shootings,shootings,"unintentional, ""Self-inflicted (suicide, self-harm)"", ""Interpersonal (homicide, assault)"", unknown/other, mass shooting","unintentional, ""Self-inflicted (suicide, self-harm)"", ""Interpersonal (homicide, assault)"", unknown/other, mass shooting, Legal intervention",...,,1.099,0.109,N/A,N/A,N/A,N/A,↓ beneficial,...,...,,,,,,,,,,
,,,,,,,,,,,,,,,,,,,,,,,,,,,,,,,,,,,,,,,,,,,,,,,,,,,,,,,,,,
,,10.1080/07418820801954613,37,Braga 2008,"Braga, A. et al. ",2008,"USA – Lowell, Massachusetts",US DOJ,Journal article,Interrupted time series with non-randomized quasi-experimental comparison,City,120 months (1996–2005),N/A,N/A,Urban,"Mid-size, low-income city with high gang activity; focus on Asian and Hispanic gang violence. Residents of Lowell, MA; specific focus on gang-involved youth aged ~15–24",Mean monthly gun assaultive violence incidents,8 cities × 120 months = approx. 960 observations,Policing – Focused deterrence,policing,Policing,Policing,Pulling levers strategy targeting gang-related gun violence; integrated enforcement with social services,"Focused deterrence, interagency coordination, direct communication, targeted enforcement, service referrals",Yes – intensive focus on active gang conflicts and “impact players”,Yes,"Strategy triggered by gang violence outbreaks; involved tailored enforcement, outreach, and media campaigns; focused heavily on Asian gang gambling operations as a deterrent",No direct control within Lowell; comparison made to other Massachusetts cities,Poisson regression,Post-intervention gun violence incidents,Table 3 - Lowell ,firearm crime,Monthly count of gun-related violence (homicide + aggravated assault),"firearm-related crime, shootings, firearm mortality, firearm morbidity","firearm mortality, firearm morbidity, firearm-related crime, shootings","""Interpersonal (homicide, assault)""","""Interpersonal (homicide, assault)""","Monthly, pre/post intervention",,β = –0.4126,0.1247,...,...,0.001,N = 120 observations,↓ beneficial,Yes – each city modeled separately,Only Lowell had a statistically significant reduction in post-intervention gun violence; all other cities had null or increased trends,N/A,N/A,,,no need to include beta in effect size. unclear which direction the comparison is going in. Is Lowell the comparator for all the different other cities?,flag,Clinical counseling / screening,Clinical counseling / screening / decision support,Service: clinical counseling/screening (behavior change),
,,,,,,,,,,,,,,,,,,,,,Policing,Policing,,,,,,,Negative Binomial ,...,Table 3 - Brockton,firearm crime,...,"firearm-related crime, shootings, firearm mortality, firearm morbidity","firearm mortality, firearm morbidity, firearm-related crime, shootings","""Interpersonal (homicide, assault)""","""Interpersonal (homicide, assault)""",...,, β = 0.0180,0.1395,...,...,0.897,N/A,↑ harmful,...,...,,,,,,,,,,
,,,,,,,,,,,,,,,,,,,,,Policing,Policing,,,,,,,Poisson regression,...,Table 3 - Fall River ,firearm crime,...,"firearm-related crime, shootings, firearm mortality, firearm morbidity","firearm mortality, firearm morbidity, firearm-related crime, shootings","""Interpersonal (homicide, assault)""","""Interpersonal (homicide, assault)""",...,,β = 0.1954,0.198,...,...,0.324,N/A,↑ harmful,...,...,,,,,,,,,,
,,,,,,,,,,,,,,,,,,,,,Policing,Policing,,,,,,,Negative Binomial ,...,Table 3 - Lynn,firearm crime,...,"firearm-related crime, shootings, firearm mortality, firearm morbidity","firearm mortality, firearm morbidity, firearm-related crime, shootings","""Interpersonal (homicide, assault)""","""Interpersonal (homicide, assault)""",...,,β = 1.217,0.2925,...,...,0,N/A,↑ harmful,...,...,,,,,,,,,,
,,,,,,,,,,,,,,,,,,,,,Policing,Policing,,,,,,,Negative Binomial ,...,Table 3 - New Bedford,firearm crime,...,"firearm-related crime, shootings, firearm mortality, firearm morbidity","firearm mortality, firearm morbidity, firearm-related crime, shootings","""Interpersonal (homicide, assault)""","""Interpersonal (homicide, assault)""",...,,β = 0.9374,0.2258,...,...,0,N/A,↑ harmful,...,...,,,,,,,,,,
,,,,,,,,,,,,,,,,,,,,,Policing,Policing,,,,,,,Negative Binomial ,...,Table 3 - Worcester,firearm crime,...,"firearm-related crime, shootings, firearm mortality, firearm morbidity","firearm mortality, firearm morbidity, firearm-related crime, shootings","""Interpersonal (homicide, assault)""","""Interpersonal (homicide, assault)""",...,,β = 0.1551,0.1354,...,...,0.252,N/A,↑ harmful,...,...,,,,,,,,,,
,,,,,,,,,,,,,,,,,,,,,Policing,Policing,,,,,,,Maximum Likelihood regression,...,Table 3 - Massachusetts (statewide) ,firearm crime,...,"firearm-related crime, shootings, firearm mortality, firearm morbidity","firearm mortality, firearm morbidity, firearm-related crime, shootings","""Interpersonal (homicide, assault)""","""Interpersonal (homicide, assault)""",...,,β = 29.738,14.299,...,...,0.04,N/A,↑ harmful,...,...,,,,,,,,,,
,,,,,,,,,,,,,,,,,,,,,Policing,Policing,,,,,,,Maximum Likelihood regression,...,Table 3 - Boston  ,firearm crime,...,"firearm-related crime, shootings, firearm mortality, firearm morbidity","firearm mortality, firearm morbidity, firearm-related crime, shootings","""Interpersonal (homicide, assault)""","""Interpersonal (homicide, assault)""",...,,β = 0.794,5.332,...,...,0.882,N/A,↑ harmful,...,...,,,,,,,,,,
,,,,,,,,,,,,,,,,,,,,,Policing,Policing,,,,,,,Maximum Likelihood regression,...,Table 3 - Springfield ,firearm crime,...,"firearm-related crime, shootings, firearm mortality, firearm morbidity","firearm mortality, firearm morbidity, firearm-related crime, shootings","""Interpersonal (homicide, assault)""","""Interpersonal (homicide, assault)""",...,,β = 10.692,3.56,...,...,0.003,N/A,↑ harmful,...,...,,,,,,,,,,
,,,,,,,,,,,,,,,,,,,,,,,,,,,,,,,,,,,,,,,,,,,,,,,,,,,,,,,,,,
,,10.1136/tsaco-2023-001199,38,Brandolino 2024,"Brandolino, A. et al. ",2024,"USA – Milwaukee, Wisconsin",N/A,Journal Article ,"Observational, retrospective descriptive analysis",Person,Mean 15.2 days (range 3–30 days),N/A,N/A,Urban,"Level I trauma center in Milwaukee, WI; only such center in the region serving complex gunshot injury cases. Gun violence survivors (GVS) discharged from inpatient trauma surgery service (N=306); predominantly young, Black males",No-show rate in traditional trauma clinic = 38% (pre-intervention),306 patients seen in TQoL Clinic between Nov 2020–Oct 2022,Hospital-based violence intervention / multidisciplinary follow-up clinic,hospital-based,"Hospital-Based, Counseling/Behavioral","Hospital-Based, Counseling/Behavioral","Trauma Quality of Life (TQoL) Clinic—comprehensive outpatient follow-up for gun violence survivors, integrating trauma nurse, psychologist, physical therapist, social worker, and hospital responder","Medical follow-up, trauma-focused mental health screening, physical therapy, violence intervention, social services",Yes – full multidisciplinary visit scheduled 7–14 days post-discharge,Yes,"TQoL appointment scheduled on discharge; all patients saw trauma NP, PT, psychologist, and social worker; responders followed patients into outpatient care","Historical trauma clinic cohorts: pre-HVIP (2018–2019), post-HVIP (2019–2020), but pre-TQoL",Chi-square test across 3 groups,Pre-­ HVIP (N=143) - Clinic no-show rate,Table 3,firearm behaviors and attitudes,Proportion of scheduled appointments not attended,,,,,"May 6, 2018–April 30, 2019. Within 30 days post-discharge",,38%,χ²(2) = 75.52,N/A,N/A,p < 0.001,55 patients ,↓ beneficial,"Yes – time period cohorts: pre-HVIP, post-HVIP, post-TQoL",Significant effect seen only in TQoL group; not in post-HVIP group,Addition of hospital-based violence intervention (414LIFE) in 2019; became outpatient-facing in 2020,"Facilitators included trusted hospital responders and multidisciplinary care; barriers included transportation, distance, and lack of outpatient appointment scheduling at discharge",,,I'm not sure health system engagement is a useful outcome for us,flag,Clinical counseling / screening,Clinical counseling / screening / decision support,Service: clinical counseling/screening (behavior change),
,,,,,,,,,,,,,,,,,,,,,"Hospital-Based, Counseling/Behavioral","Hospital-Based, Counseling/Behavioral",,,,,,,...,HVIP before TQoL Clinic (N=219),...,firearm behaviors and attitudes,...,,,,,"May 1, 2019–November 1/1/2020",,45%,χ²(2) = 75.52,N/A,N/A,p < 0.001,99 patients ,↓ beneficial,...,...,,,,,,,,,,
,,,,,,,,,,,,,,,,,,,,,"Hospital-Based, Counseling/Behavioral","Hospital-Based, Counseling/Behavioral",,,,,,,...,TQoL Clinic (N=306),...,firearm behaviors and attitudes,... ,,,,,"November 11, 2020 - October 19, 2022",,12%,χ²(2) = 75.52,N/A,N/A,p < 0.001,38 patients ,↓ beneficial,...,...,,,,,,,,,,
,,,,,,,,,,,,,,,,,,,,,,,,,,,,,,,,,,,,,,,,,,,,,,,,,,,,,,,,,,
,,10.1093/jeg/lbw016,39,Brauer 2017,No GW access,,,,,,,,,,,,,,,,,,,,,,,,,,,,,,,,,,,,,,,,,,,,,,,,,flag,,,,
,,,,,,,,,,,,,,,,,,,,,,,,,,,,,,,,,,,,,,,,,,,,,,,,,,,,,,,,,,
,,10.1186/s40621-020-00246-1,40,Bray 2020,"Bray, M.J.C. et al. ",2020,"United States - Baltimore, MD",James Wah Fund for Mood Disorders Research,Journal Article ,Cross-sectional,Neighborhood,N/A,N/A,N/A,Urban,"55 neighborhoods in Baltimore, MD, analyzed using Neighborhood Health Profiles. Neighborhood youth <25 y; school-level education data and youth homicide rates by neighborhood","Mean youth homicide rate = 28.2 deaths / 100,000 pop.",55 neighborhoods,Not an intervention study; exposure = educational achievement,no intervention,descriptive/no intervention,descriptive/no intervention,N/A,N/A,N/A,N/A,N/A,N/A,Linear regression,Youth homicide rate - race,Table 3,firearm homicide mortality,"Deaths per 100,000 youth under 25 by neighborhood",firearm mortality,firearm mortality,"""Interpersonal (homicide, assault)""","""Interpersonal (homicide, assault)""",2010–2014,,0.4745,N/A,0.3483,0.6007,< 0.001,t=7.369 ,↓ beneficial,Yes – stratified by tertiles of youth homicide rates,"Stronger educational achievement and lower homicide in lowest tertile neighborhoods; racial composition, poverty, and family structure also vary",N/A,N/A,,,why is there no comparator? and is this overall mortality or homicide mortality or firearm mortality? inconsistent,flag,,,,
,,,,,,,,,,,,,,,,,,,,,descriptive/no intervention,descriptive/no intervention,,,,,,,...,... - familial poverty rate,...,firearm homicide mortality,...,firearm mortality,firearm mortality,"""Interpersonal (homicide, assault)""","""Interpersonal (homicide, assault)""",...,,0.687,...,0.3665,1.0075,< 0.001,t=4.203 ,↓ beneficial,...,...,,,,,,,,,,
,,,,,,,,,,,,,,,,,,,,,descriptive/no intervention,descriptive/no intervention,,,,,,,...,... - Single-Parent Rate,...,firearm homicide mortality,...,firearm mortality,firearm mortality,"""Interpersonal (homicide, assault)""","""Interpersonal (homicide, assault)""",...,,0.648,...,0.4549,0.8411,< 0.001,t=6.578 ,↓ beneficial,...,...,,,,,,,,,,
,,,,,,,,,,,,,,,,,,,,,descriptive/no intervention,descriptive/no intervention,,,,,,,...,"... - Educational Achievement, 3rd Grade",...,firearm homicide mortality,...,firearm mortality,firearm mortality,"""Interpersonal (homicide, assault)""","""Interpersonal (homicide, assault)""",...,,-0.8818,...,−1.2023,-0.5613,< 0.001,t=-5.394 ,↓ beneficial,...,...,,,,,,,,,,
,,,,,,,,,,,,,,,,,,,,,descriptive/no intervention,descriptive/no intervention,,,,,,,...,"... - Educational Achievement, 8th Grade ",...,firearm homicide mortality,...,firearm mortality,firearm mortality,"""Interpersonal (homicide, assault)""","""Interpersonal (homicide, assault)""",...,,-0.9832,...,−1.3497,-0.6167,< 0.001,t=-5.258,↓ beneficial,...,...,,,,,,,,,,
,,,,,,,,,,,,,,,,,,,,,,,,,,,,,,,,,,,,,,,,,,,,,,,,,,,,,,,,,,
,,10.1097/00004583-200010000-00007,41,Brent 2000,"Brent, D.A. et al. ",2000,"United States - Pittsburgh, PA",NIMH grants ,Journal Article ,"RCT (psychotherapy trial), observational component for firearm counseling",Person,2 years,N/A,N/A,Urban,"Specialty mental health clinic (Western Psychiatric Institute, Pittsburgh). Adolescents (13–18 y) with major depressive disorder and their families; N=106",27.4% (29/106) had firearms in the home at intake,N=106 (firearm data at intake); N=99 completed ≥4 follow-ups,Counseling,hospital-based,"Counseling/Behavioral, Hospital-Based","Counseling/Behavioral, Hospital-Based",Clinicians presented evidence of firearm-suicide risk and recommended removing guns from the home; reinforced over 2 years if guns remained,"Firearm risk education, removal recommendation, follow-up reinforcement",Yes – at intake and each follow-up if firearms remained,No direct monitoring; based on repeated reports,Firearm counseling provided by clinicians; content consistent but not formally standardized; effect dependent on parent self-report,No control group; observational tracking of compliance within trial participants,Descriptive statistics,Firearm removal from home,Page 1222,firearm behaviors and attitudes,% of families with firearms at intake who reported removal at end of acute treatment,firearm behaviors (anti-firearm),firearm behaviors (anti-firearm),,n/a,End of acute treatment phase (≈ 3 months),,26.90%,N/A,N/A,N/A,N/A,(7/26),↓ beneficial,Yes – predictors of gun retention and acquisition,"Gun retention associated with paternal psychopathology, urban residence (Allegheny Co.), and marital dissatisfaction; gun acquisition associated with 2-parent household and low marital satisfaction",Psychotherapy treatments (RCT for depression),"Barriers were parental reluctance, security concerns, paternal control of firearm access, and indirect counseling to non-owning parent",,,looks good to me! (weird that there isn't really a comparison group but that's just a problem with the design),,Clinical counseling / screening,Clinical counseling / screening / decision support,Service: clinical counseling/screening (behavior change),
,,,,,,,,,,,,,,,,,,,,,"Counseling/Behavioral, Hospital-Based","Counseling/Behavioral, Hospital-Based",,,,,,,...,Firearm removal from home (long-term),...,firearm behaviors and attitudes,% of families who had guns at intake but no longer had guns at 2 years,firearm behaviors (anti-firearm),firearm behaviors (anti-firearm),,n/a,2-year follow-up,,36%,...,...,...,...,(9/25),↓ beneficial,...,...,,,,,,,,,,
,,,,,,,,,,,,,,,,,,,,,"Counseling/Behavioral, Hospital-Based","Counseling/Behavioral, Hospital-Based",,,,,,,...,Firearm acquisition (3 months),...,firearm behaviors and attitudes,% of families without guns at intake who acquired firearms by follow-up,firearm behaviors (pro-firearm),firearm behaviors (pro-firearm),,,3 months ,,5.50%,...,...,...,...,4/73,↑ harmful,...,...,,,,,,,,,,
,,,,,,,,,,,,,,,,,,,,,"Counseling/Behavioral, Hospital-Based","Counseling/Behavioral, Hospital-Based",,,,,,,...,Firearm acquisition (2 years),...,firearm behaviors and attitudes,...,firearm behaviors (pro-firearm),firearm behaviors (pro-firearm),,,2 years ,,17.10%,...,...,...,...,12/70,↑ harmful,...,...,,,,,,,,,,
,,,,,,,,,,,,,,,,,,,,,,,,,,,,,,,,,,,,,,,,,,,,,,,,,,,,,,,,,,
,,10.1136/eb-2016-102555,42,Brown 2017,"Brown, P. et al. ",2017,Australia – National,Wellcome Trust,Commentary & Evidence Summary ,Interrupted time series,Country,35 years (1979–2013),N/A,N/A,Mixed,Nationwide Australian data across urban and rural regions. General population (entire country); includes suicide and homicide deaths; excludes police shootings,Not specified numerically; pre-reform firearm death rate declining by 3% annually,35 years of annual national death data,Legislation,legislation,Legislation—restrictive,Legislation—restrictive,1996 National Firearms Agreement following the Port Arthur massacre; banned and bought back semiautomatic rifles and shotguns; implemented strict licensing and registration,"Prohibition and buyback of rapid-fire long guns, licensing, registration, storage requirements","Yes – national reform, over 650,000 firearms removed",Yes,Fully enacted across all states and territories in 1996; followed by large-scale buyback and licensing program,Pre-intervention trend (1979–1996),Negative binomial regression (ITS),Total firearm death rate pre reform ,“What does this paper add” section,firearm mortality,"Firearm-related suicides and homicides per 100,000 population",firearm mortality,firearm mortality,"""Self-inflicted (suicide, self-harm)"", ""Interpersonal (homicide, assault)""","""Interpersonal (homicide, assault)"", ""Self-inflicted (suicide, self-harm)""",1979–2013,,3% decline annually,N/A,N/A,N/A,N/A,N/A,↓ beneficial,No,No ,N/A,N/A,,,"move the description in the effect size column to ""outcome description""",flag,Firearm policy / legal change,Assault weapon / magazine / handgun model bans,System: policy change (access-restricting/regulatory),
,,,,,,,,,,,,,,,,,,,,,Legislation—restrictive,Legislation—restrictive,,,,,,,...,Total firearm death rate post reform ,...,firearm mortality,...,firearm mortality,firearm mortality,"""Self-inflicted (suicide, self-harm)"", ""Interpersonal (homicide, assault)""","""Interpersonal (homicide, assault)"", ""Self-inflicted (suicide, self-harm)""",...,,4.9% decline annually,...,...,...,...,...,↓ beneficial,...,...,,,,,,,,,,
,,,,,,,,,,,,,,,,,,,,,Legislation—restrictive,Legislation—restrictive,,,,,,,Interrupted time series with trend ratio,Firearm suicide rate,...,firearm suicide mortality,"Deaths per 100,000 by firearm suicide",firearm mortality,firearm mortality,"""Self-inflicted (suicide, self-harm)"", ""Interpersonal (homicide, assault)""","""Self-inflicted (suicide, self-harm)""",...,,Trend ratio = 0.981,...,0.97,0.933,...,...,↓ beneficial,...,...,,,,,,,,,,
,,,,,,,,,,,,,,,,,,,,,Legislation—restrictive,Legislation—restrictive,,,,,,,...,Firearm homicide rate,...,firearm homicide mortality,...,firearm mortality,firearm mortality,"""Self-inflicted (suicide, self-harm)"", ""Interpersonal (homicide, assault)""","""Interpersonal (homicide, assault)""",...,,Trend ratio = 0.975,,0.949,1.001,...,...,↔ null,...,...,,,,,,,,,,
,,,,,,,,,,,,,,,,,,,,,,,,,,,,,,,,,,,,,,,,,,,,,,,,,,,,,,,,,,
,,PMC1403522,43,Callahan1994,"Callahan, C. M. et al",1994,"United States – Seattle, Washington",CDC ,Journal article,Before and after observational ,Calendar month,12 months before SGBBP intervention (Sept. 1991–Aug. 1992) vs. 6 months post SGBBP intervention (Oct. 1992–Mar. 1993),N/A,N/A,Urban,"All firearm-related crimes, injuries, and deaths among Seattle residents. ",Mean monthly number of firearm events for 12 months pre-intervention,"Total of 1,471 police reports
filed for 1,772 firearms collected; 55% (500) of the first 915 participants completed and returned the survey, Dialing of 3,957 telephone numbers resulted in 1,000
completed interviews (an estimated 77.7% response rate). ",Community-based,community-based,"Community-based/Place-based, Policing","Community-based/Place-based, Policing","Seattle Gun Buy-Back Program (SGBBP): Six-day $50-voucher exchange (Sept. 1–18 1992) at Seattle Police Department facilities resulting in the buyback of 1,772 firearms ",Voucher incentive; police-managed drop-off; centralized disposal area,"1,624 vouchers redeemed over six collection days",Yes (vouchers tracking and police records),SGBBP paused then restarted based on funding; police reports linked to survey and voucher by numeric code,"In Seattle, but 12 months before the SGBBP period",Student's t-test,Total assaults,Table 1 ,overall crime,Police-reported assaults per month,overall crime,overall crime,"""Interpersonal (homicide, assault)""","""Interpersonal (homicide, assault)""",12 months pre SGBBP vs. 6 months post SGBBP,,(Δ = Post – Pre)= –90.2,N/A,N/A,N/A,0.09,"(pre→post) 1,134.7 → 1,044.5",↓ beneficial,N/A,N/A,N/A,N/A,"""No statistically significant changes in any crime, injury, or death metric. Broad public support (>60%) for buy-backs, even among gun-owning households. Buy-back removed <1% of Seattle’s household handguns; unlikely to change population-level violence"". ",,looks good!,,Law enforcement / justice strategy,Focused deterrence / policing / enforcement,System/org: deterrence & enforcement,
,,,,,,,,,,,,,,,,,,,,,"Community-based/Place-based, Policing","Community-based/Place-based, Policing",,,,,,,...,Firearm-related assaults ,...,firearm crime,Firearm assaults per month,firearm-related crime,firearm-related crime,"""Interpersonal (homicide, assault)""","""Interpersonal (homicide, assault)""",...,,1.4,N/A,N/A,N/A,0.8,53.2 → 54.6,↔ null,N/A,N/A,,,,,,,,,,
Exclude,,,,,,,,,,,,,,,,,,,,,"Community-based/Place-based, Policing","Community-based/Place-based, Policing",,,,,,,...,Total robberies,...,overall crime,Robberies per month,,exclude,,exclude,...,,-15.6,N/A,N/A,N/A,0.27,227.9 → 212.3,↓ beneficial,N/A,N/A,,,,,,,,,,
,,,,,,,,,,,,,,,,,,,,,"Community-based/Place-based, Policing","Community-based/Place-based, Policing",,,,,,,...,Firearm-related robberies,...,firearm crime,Firearm robberies per month,firearm-related crime,firearm-related crime,"""Interpersonal (homicide, assault)""","""Interpersonal (homicide, assault)""",...,,7.3,N/A,N/A,N/A,0.33,58.7 → 66.0,↔ null,N/A,N/A,,,,,,,,,,
,,,,,,,,,,,,,,,,,,,,,"Community-based/Place-based, Policing","Community-based/Place-based, Policing",,,,,,,...,Total homicides,...,overall homicide mortality,Homicides per month,overall mortality,overall mortality,"""Interpersonal (homicide, assault)""","""Interpersonal (homicide, assault)""",...,,1.6,N/A,N/A,N/A,0.12,3.7 → 5.3,↔ null,N/A,N/A,,,,,,,,,,
,,,,,,,,,,,,,,,,,,,,,"Community-based/Place-based, Policing","Community-based/Place-based, Policing",,,,,,,...,Firearm-related homicides,...,firearm homicide mortality,Firearm homicides per month,firearm mortality,firearm mortality,"""Interpersonal (homicide, assault)""","""Interpersonal (homicide, assault)""",...,,1.4,N/A,N/A,N/A,0.17,2.1 → 3.5,↔ null,N/A,N/A,,,,,,,,,,
,,,,,,,,,,,,,,,,,,,,,"Community-based/Place-based, Policing","Community-based/Place-based, Policing",,,,,,,...,Total Trauma Injury admissions,...,overall injury,Trauma-center injury admissions per month,overall morbidity,overall morbidity,"unintentional, ""Self-inflicted (suicide, self-harm)"", ""Interpersonal (homicide, assault)"", officer-involved / law enforcement, unknown/other, mass shooting","unintentional, ""Self-inflicted (suicide, self-harm)"", ""Interpersonal (homicide, assault)"", officer-involved / law enforcement, unknown/other, mass shooting",...,,-0.5,N/A,N/A,N/A,0.8,7.5 → 7.0,↔ null,N/A,N/A,,,,,,,,,,
,,,,,,,,,,,,,,,,,,,,,"Community-based/Place-based, Policing","Community-based/Place-based, Policing",,,,,,,...,Assault injuries,...,overall injury,Assault-related injuries per month,overall morbidity,overall morbidity,"""Interpersonal (homicide, assault)""","""Interpersonal (homicide, assault)""",...,,-1.1,N/A,N/A,N/A,0.5,6.1 → 5.0,↓ beneficial,N/A,N/A,,,,,,,,,,
,,,,,,,,,,,,,,,,,,,,,"Community-based/Place-based, Policing","Community-based/Place-based, Policing",,,,,,,...,Self-inflicted injuries ,...,overall injury,Self-inflicted injuries per month,overall morbidity,overall morbidity,"""Self-inflicted (suicide, self-harm)""","""Self-inflicted (suicide, self-harm)""",...,,0.3,N/A,N/A,N/A,0.6,0.9 → 1.2,↔ null,N/A,N/A,,,,,,,,,,
,,,,,,,,,,,,,,,,,,,,,"Community-based/Place-based, Policing","Community-based/Place-based, Policing",,,,,,,...,Other injuries,...,overall injury,Other injuries per month,overall morbidity,overall morbidity,"unintentional, officer-involved / law enforcement, unknown/other, mass shooting","unintentional, officer-involved / law enforcement, unknown/other, mass shooting",...,,0.3,N/A,N/A,N/A,0.6,0.5 → 0.8,↔ null,N/A,N/A,,,,,,,,,,
,,,,,,,,,,,,,,,,,,,,,"Community-based/Place-based, Policing","Community-based/Place-based, Policing",,,,,,,...,Total firearm deaths,...,firearm mortality,All firearm deaths per month,firearm mortality,firearm mortality,"unintentional, ""Self-inflicted (suicide, self-harm)"", ""Interpersonal (homicide, assault)"", officer-involved / law enforcement, unknown/other, mass shooting","unintentional, ""Self-inflicted (suicide, self-harm)"", ""Interpersonal (homicide, assault)"", officer-involved / law enforcement, unknown/other, mass shooting",...,,1.2,N/A,N/A,N/A,0.5,7.1 → 8.3,↔ null,N/A,N/A,,,,,,,,,,
,,,,,,,,,,,,,,,,,,,,,"Community-based/Place-based, Policing","Community-based/Place-based, Policing",,,,,,,...,Homicide deaths,...,overall homicide mortality,Firearm homicide deaths per month,firearm mortality,firearm mortality,"""Interpersonal (homicide, assault)""","""Interpersonal (homicide, assault)""",...,,1.6,N/A,N/A,N/A,0.3,2.6 → 4.2,↔ null,N/A,N/A,,,,,,,,,,
,,,,,,,,,,,,,,,,,,,,,"Community-based/Place-based, Policing","Community-based/Place-based, Policing",,,,,,,...,Suicide deaths,...,overall suicide mortality,Firearm suicides per month,firearm mortality,firearm mortality,"""Self-inflicted (suicide, self-harm)""","""Self-inflicted (suicide, self-harm)""",...,,-0.3,N/A,N/A,N/A,0.7,4.3 → 4.0,↔ null,N/A,N/A,,,,,,,,,,
,,,,,,,,,,,,,,,,,,,,,"Community-based/Place-based, Policing","Community-based/Place-based, Policing",,,,,,,...,Accidental deaths,...,overall unintentional mortality,Unintentional firearm deaths per month,firearm mortality,firearm mortality,unintentional,unintentional,...,,0.09,N/A,N/A,N/A,0.6,0.08 → 0.17,↔ null,N/A,N/A,,,,,,,,,,
exclude,not pre-post eval of intervention?,,,,,,,,,,,,,,,,,,,,"Community-based/Place-based, Policing","Community-based/Place-based, Policing",,,,,,,Chi Square Test (χ² test),Expect SGBBP to remove guns from streets of Seattle,Table 2 ,firearm behaviors and attitudes,% responding yes,,exclude,,exclude,6 weeks post SGBBP,,N/A,N/A,N/A,N/A,0.001,Gun owner vs. Non gun owner: 55.9% vs. 75.3%,↑ beneficial,Yes - handgun ownership status ,Non-owners > owners,,,,,,,,,,
exclude,not pre-post eval of intervention?,,,,,,,,,,,,,,,,,,,,"Community-based/Place-based, Policing","Community-based/Place-based, Policing",,,,,,,...,Expect SGBBP to decrease crimes connected with handguns,...,firearm behaviors and attitudes,...,,exclude,,exclude,...,,N/A,N/A,N/A,N/A,0.001,34.6% vs 50.9%,↑ beneficial,...,...,,,,,,,,,,
exclude,not pre-post eval of intervention?,,,,,,,,,,,,,,,,,,,,"Community-based/Place-based, Policing","Community-based/Place-based, Policing",,,,,,,...,Expect SGBBP to decrease firearm injuries,...,firearm behaviors and attitudes,...,,exclude,,exclude,...,,N/A,N/A,N/A,N/A,0.005,46.0% vs. 60.2%,↑ beneficial,...,...,,,,,,,,,,
exclude,not pre-post eval of intervention?,,,,,,,,,,,,,,,,,,,,"Community-based/Place-based, Policing","Community-based/Place-based, Policing",,,,,,,...,Should public funds like tax dollars or money confiscated in drug crimes be used to support gun buy-back programs?',...,firearm behaviors and attitudes,...,,exclude,,exclude,...,,N/A,N/A,N/A,N/A,0.085,60.7% vs. 69.7%,↑ beneficial,...,...,,,,,,,,,,
,,,,,,,,,,,,,,,,,,,,,,,,,,,,,,,,,,,,,,,,,,,,,,,,,,,,,,,,,,
,,10.1186/s40621-023-00464-3,44,Cannon 2023,"Cannon, A.D. et al. ",2023,United States - National ,N/A,Journal article,Cross-sectional with regression,State-year,7 years (2015–2021),N/A,N/A,Mixed,"National sample covering urban, suburban, and rural areas. Included children ≤ 17 years who unintentionally fired a gun. Victims were any age. ",N/A,"2,448 unintentional shooting incidents, 926 deaths, 1,603 nonfatal gun injuries (from 2015–2021)",Legislation,legislation,Legislation—restrictive,Legislation—restrictive,State-level secure firearm storage laws categorized by strength,"Secure storage (like the laws are triggered if gun not in owner’s control, or if child accesses gun)",Yes – coded 5 levels of legal strength,No,State law status updated annually; some states adopted laws mid-period,States without any secure storage laws,Multivariate negative binomial regression with covariates and fixed effects,Rate of unintentional shootings by children if = No gun storage laws ,Table 2 ,unintentional shootings,Incidents per state-year per 1 million children,shootings,shootings,,unintentional,Annual (2015–2021),,reference ,ref,ref,ref,ref,N/A,N/A,Yes – age groups and detailed characteristics of shooter and shooting incidents ,"Greatest benefit seen among 0–5 year-olds, who saw the largest increase in incidents during COVID-19; analysis not stratified by subgroup in regression","COVID-19 pandemic (increased time at home, gun sales); 6 states adopted new laws mid-period",N/A,,,looks good to me!,,Firearm policy (index/strength measure),Policy environment index / composite score,System: measurement/index (policy strength),
,,,,,,,,,,,,,,,,,,,,,Legislation—restrictive,Legislation—restrictive,,,,,,,...,... = Law if gun owner intentionally or recklessly gives gun access to a child ,...,unintentional shootings,...,shootings,shootings,,unintentional,...,,1.06,N/A,0.85,1.31,0.62,N/A,↓ beneficial,...,...,,,,,,,,,,
,,,,,,,,,,,,,,,,,,,,,Legislation—restrictive,Legislation—restrictive,,,,,,,...,... = Law if child does access an unsecurely stored gun ,...,unintentional shootings,...,shootings,shootings,,unintentional,...,,0.76,N/A,0.61,0.94,0.01,N/A,↓ beneficial,...,...,,,,,,,,,,
,,,,,,,,,,,,,,,,,,,,,Legislation—restrictive,Legislation—restrictive,,,,,,,...,... = Law if child is likely to access an unsecurely stored gun,...,unintentional shootings,...,shootings,shootings,,unintentional,...,,0.59,N/A,0.45,0.78,< .01,N/A,↓ beneficial,...,...,,,,,,,,,,
,,,,,,,,,,,,,,,,,,,,,Legislation—restrictive,Legislation—restrictive,,,,,,,...,... = Law requiring secure storage when not in owner’s possession ,...,unintentional shootings,...,shootings,shootings,,unintentional,...,,0.28,N/A,0.15,0.54,< .01,N/A,↓ beneficial,...,...,,,,,,,,,,
,,,,,,,,,,,,,,,,,,,,,,,,,,,,,,,,,,,,,,,,,,,,,,,,,,,,,,,,,,
,,10.2196/19369,45,Caputi 2020,"Caputi, T.L. et al.",2020,United States - National ,Marshall Scholarship (Caputi) and Everytime affiliated ,Journal article,Interruped time series using the Autoregressive Integrated Moving Average (ARIMA) model (via the Hyndman-Khandakar algorithm),State-week,"34 days post-declaration (March 8 – April 11, 2020); compared with January 1 – March 7, 2020",N/A,N/A,Mixed,All 50 states and D.C. included. General public reached via google searches related to gun preparation. ,"~1000 gun prep searches per 10 million Google searches by March 21, 2020",Around 2.1 million gun preparation-related searches in 34 days,N/A,environment change,Environmental changes (e.g. covid effects),Environmental changes (e.g. covid effects),Not a direct intervention; observational response to COVID-19,Observed increases in Google searches for “buy gun(s)” or “clean gun(s)” ,N/A,No,"Google Trends data compared with ARIMA forecast from 2004–March 7, 2020",Counterfactual trend forecast from ARIMA model using historical data,ARIMA model,Google search volume for gun preparation,Results,firearm behaviors and attitudes,Portion of Google searches containing “buy gun(s)” or “clean gun(s)”,firearm behaviors (pro-firearm),firearm behaviors (pro-firearm),,n/a,"March 8 – April 11, 2020 vs. ARIMA trends from pre-COVID ",,158% increase ,N/A,73%,270%,< 0.05,N/A,↑ harmful,Yes – by state,"High increases in pandemic hotspots (CA, NY); not uniform nationally with trends in the US. ",COVID-19 pandemic and associated media attention and anxiety,N/A,,,recode effect size to be just an extractable number?,,Other / unclear,Other / unclear,Other / unclear,
,,,,,,,,,,,,,,,,,,,,,,,,,,,,,,,,,,,,,,,,,,,,,,,,,,,,,,,,,,
,,10.1080/13811110490476752,46,Caron 2004,"Caron, J.",2004,"Canada – Abitibi-Témiscamingue, Quebec",Foundation of the Université du Québec in Abitibi-Témiscamingue,Journal article,Before-after ecological study,Region,11 years (1986–1996),N/A,N/A,Rural,"Abitibi-Témiscamingue is a northern Quebec region with high firearm ownership due to hunting culture. All residents in the region is ≈156,000. A focus on suicides across sex and age groups completed ","Firearm suicide rate = 12.7 per 100,000 (1986–1991)","426 suicides: 218 pre-law, 211 post-law",Legislation,legislation,Legislation—restrictive,Legislation—restrictive,Bill C-17 (1992): Required safe storage of firearms with locks or separate ammo storage,"Locking mechanisms, storage separate from ammunition",Yes – applied nationwide; local compliance not directly measured,No,N/A,Pre-legislation period (1986–1991),Chi-square tests,Firearm suicide rate,Table 1,firearm suicide mortality,"Age-adjusted firearm suicides per 100,000",firearm mortality,firearm mortality,,"""Self-inflicted (suicide, self-harm)""",1986–1991 vs. 1992–1996,,decrease of 21.3%,N/A,N/A,N/A,p < 0.001,183 pre-law vs. 180 post-law suicides (male); 33 pre vs. 31 post (female). ,↓ beneficial,Yes – by gender and age group,Largest firearm suicide decrease in under-25s and women; suicide rate ↑ for youth despite ↓ firearm use,N/A,N/A,,,looks good to me!,,Firearm policy / legal change,Child access prevention / safe storage mandates,System: policy change (access-restricting/regulatory),
,,,,,,,,,,,,,,,,,,,,,Legislation—restrictive,Legislation—restrictive,,,,,,,...,Suicide rate by other methods,...,non-firearm suicide mortality,Age-adjusted rate of suicide by all non-firearm methods,nonfirearm mortality,nonfirearm mortality,,"""Self-inflicted (suicide, self-harm)""",...,,increase by 5%,N/A,N/A,N/A,p < 0.001,"From 11.8 to 16.8 per 100,000",↑ harmful,...,...,,,,,,,,,,
,,,,,,,,,,,,,,,,,,,,,,,,,,,,,,,,,,,,,,,,,,,,,,,,,,,,,,,,,,
Exclude,about shooting accuracy for sport shooting,10.1136/ip.2008.020768,47,Carr 2009,"Carr, B.G. et al. ",2009,"United States – Philadelphia, PA",University Research Foundation of the University of Pennsylvania,Journal article,"RCT (pilot, double-blind, placebo-controlled)",Person,Single session (within 1 day),N/A,N/A,Urban,"Firearm Use & Safety Experiments (FUSE) lab at University of Pennsylvania. Included male participants aged 21–40, non-habitual drinkers, no professional firearm training (N = 12)",Target shooting accuracy: 98.9% (alcohol) vs. 85% (placebo),"12 participants (6 alcohol, 6 placebo); 160 scenarios completed",Behavioral,behavioral,,Exclude,Alcohol administration to reach target BAC of 0.05–0.10%; compared to placebo beverage,"Alcohol dosing, firearm simulator testing under various scenarios",Yes – individualized alcohol dosing until target BAC reached,Yes ,"Controlled dosing, randomization, and blinding procedures rigorously followed",Placebo group received non-alcoholic tonic disguised as vodka,Descriptive,Target shooting accuracy,Table 2,firearm behaviors and attitudes,% bulls-eye hits and time to complete task (seconds),,Exclude,,Exclude,Pre and post alcohol consumption,,decrease of 6.93%,N/A,N/A,N/A,N/A,Alcohol vs Placebo groups at baseline and post-intervention.,↓ harmful,No,N/A,N/A,Mechanical failure in ~6% of trials and the placebo masking was moderately effective,,,I think we may want to exclude ahwaz@email.gwu.edu-- this feels like sport shooting info,,Clinical counseling / screening,Clinical counseling / screening / decision support,Service: clinical counseling/screening (behavior change),
Exclude,about shooting accuracy for sport shooting,,,,,,,,,,,,,,,,,,,,,Exclude,,,,,,,...,Target shooting speed,...,firearm behaviors and attitudes,...,,Exclude,,Exclude,...,,decrease of 0.59 seconds,N/A,N/A,N/A,N/A,...,↓ harmful,...,...,,,,,,,,,,
Exclude,about shooting accuracy for sport shooting,,,,,,,,,,,,,,,,,,,,,Exclude,,,,,,,...,Reaction Time speed= first shot ,...,firearm behaviors and attitudes,Time to first shot (sec),,Exclude,,Exclude,...,,increase of 1.45 sec,N/A,N/A,N/A,N/A,...,↓ harmful,...,...,,,,,,,,,,
Exclude,about shooting accuracy for sport shooting,,,,,,,,,,,,,,,,,,,,,Exclude,,,,,,,...,Reaction Time speed= first hit ,...,firearm behaviors and attitudes,Time to first hit (sec),,Exclude,,Exclude,...,,increase of 2.44 sec,N/A,N/A,N/A,N/A,...,↓ harmful,...,...,,,,,,,,,,
Exclude,about shooting accuracy for sport shooting,,,,,,,,,,,,,,,,,,,,,Exclude,,,,,,,...,Reaction time Accuracy ,...,firearm behaviors and attitudes,% hit target,,Exclude,,Exclude,...,,0,N/A,N/A,N/A,N/A,...,↓ harmful,...,...,,,,,,,,,,
Exclude,about shooting accuracy for sport shooting,,,,,,,,,,,,,,,,,,,,,Exclude,,,,,,,...,Judgement speed= first shot ,...,firearm behaviors and attitudes,Time to first shot (sec),,Exclude,,Exclude,...,,decrease of 0.86 sec,N/A,N/A,N/A,N/A,...,↑ harmful,...,...,,,,,,,,,,
Exclude,about shooting accuracy for sport shooting,,,,,,,,,,,,,,,,,,,,,Exclude,,,,,,,...,Judgement speed= first hit ,...,firearm behaviors and attitudes,Time to first hit (sec),,Exclude,,Exclude,...,,decrease of 2.9 sec,N/A,N/A,N/A,N/A,...,↑ harmful,...,...,,,,,,,,,,
Exclude,about shooting accuracy for sport shooting,,,,,,,,,,,,,,,,,,,,,Exclude,,,,,,,...,Judgement  Accuracy ,...,firearm behaviors and attitudes,% hit target,,Exclude,,Exclude,...,,decrease of 12.69 sec,N/A,N/A,N/A,N/A,...,↑ harmful,...,...,,,,,,,,,,
,,,,,,,,,,,,,,,,,,,,,,,,,,,,,,,,,,,,,,,,,,,,,,,,,,,,,,,,,,
,,10.1176/ajp.151.4.606,48,Carrington 1994,"Carrington, P.J.; Moyer, S.",1994,Canada – Ontario,Department of Justice Canada and SSHRC,Journal article,Interrupted time series,Province,25 years (1965–1989),N/A,N/A,Mixed,"Study of general population in Ontario, a province with urban and rural regions ","Firearm suicide rate (1979–1989): 3.2 per 100,000","25 years of annual data; N ≈ 13 years pre (1965–1977), 11 years post (1979–1989)",Legislation,legislation,Legislation—restrictive,Legislation—restrictive,"Canadian gun control law (Bill C-51, 1977) including restrictions on firearm access and storage","Licensing, safety regulation, safe storage, transport rules",Yes – implemented nationally in 1978,No,Assumed consistent province-wide implementation,Pre-legislation period (1965–1977),OLS regression,Difference in firearm suicide rate from 1965-1977 to 1979-1989,Table 1,firearm suicide mortality,"Age-standardized firearm suicides per 100,000",firearm mortality,firearm mortality,"""Self-inflicted (suicide, self-harm)""","""Self-inflicted (suicide, self-harm)""",1965–1977 vs. 1979–1989,,-0.13,0.03,N/A,N/A,p < 0.001,N/A,↓ beneficial,No,N/A,N/A,N/A,,,looks great,,Firearm policy / legal change,Other firearm policy/legal,System: policy change (access-restricting/regulatory),
,,,,,,,,,,,,,,,,,,,,,Legislation—restrictive,Legislation—restrictive,,,,,,,...,Difference in non firearm suicide rate from 1965-1977 to 1979-1989,...,non-firearm suicide mortality,...,nonfirearm mortality,nonfirearm mortality,"""Self-inflicted (suicide, self-harm)""","""Self-inflicted (suicide, self-harm)""",...,,-0.33,0.07,N/A,N/A,p < 0.001,N/A,↓ beneficial,...,...,,,,,,,,,,
,,,,,,,,,,,,,,,,,,,,,Legislation—restrictive,Legislation—restrictive,,,,,,,...,"Difference in Nonfirearm suicides, pseudo-generalized least-squares estimates",...,non-firearm suicide mortality,...,nonfirearm mortality,nonfirearm mortality,"""Self-inflicted (suicide, self-harm)""","""Self-inflicted (suicide, self-harm)""",...,,-0.35,0.1,N/A,N/A,0.002,N/A,↓ beneficial,...,...,,,,,,,,,,
,,,,,,,,,,,,,,,,,,,,,Legislation—restrictive,Legislation—restrictive,,,,,,,...,Difference in total suicide rate from 1965-1977 to 1979-1989,...,overall suicide mortality,...,overall mortality,overall mortality,"""Self-inflicted (suicide, self-harm)""","""Self-inflicted (suicide, self-harm)""",...,,-0.47,0.08,N/A,N/A,p < 0.001,N/A,↓ beneficial,...,...,,,,,,,,,,
,,,,,,,,,,,,,,,,,,,,,,,,,,,,,,,,,,,,,,,,,,,,,,,,,,,,,,,,,,
Exclude,not gun violence specific,10.1111/acem.13021,49,Carter 2016,"Carter, P.M. et al. ",2016,"United States – Flint, MI","Grants from CDC, NIH/NIDA, and CDCP",Journal article,Quasi-experimental (non-randomized),Neighborhood,2 months,N/A,N/A,Urban,"Level-1 emergency department in a high-violence community (Flint, MI). Intervention delivered during ED visit. Population consists of youth aged 14–20 living in high-risk neighborhoods, ~60% female, 93% African-American, 79% receiving public assistance",Any aggression: 48.2%; Any victimization: 58.7%; Self-efficacy score ~13.0/20,"N=409, 91% follow-up (n=373)",Hospital-based intervention,hospital-based,"Hospital-Based, Counseling/Behavioral","Hospital-Based, Counseling/Behavioral",30-min therapist-delivered motivational interviewing and cognitive skills BI (Project Sync) in the ED,"Goal review, tailored feedback, decisional balance, role-playing, resource linkage",Yes – delivered individually with fidelity monitoring,Yes ,"Therapist training, supervision, MITI fidelity scores; mean global spirit rating = 4.8",Enhanced usual care (EUC): received only a community resource brochure,Zero-inflated Poisson regression (ZIP),Frequency of baseline violent victimization,Table 3 ,behaviors and attitudes,CTS-2 and CADRI victimization items (range 0–6),,,,,Baseline,,1.02,N/A,1.02,1.03,<0.001,N/A,↔ null,No,N/A,Other youth violence prevention interventions were ongoing but had minimal participant exposure (1.9%),Strong fidelity procedures; resource-intensive therapist delivery noted as a limitation for scalability,Project Sync was adapted from SafERteens for universal youth populations (not just alcohol/violence-positive),,"this outcome is confusing to me-- baseline means it's not any sort of measure of the intervention effectiveness, right? if so we might want to transform to an interpretable outcome",flag,Clinical counseling / screening,Clinical counseling / screening / decision support,Service: clinical counseling/screening (behavior change),Exclude
Exclude,not gun violence specific,,,,,,,,,,,,,,,,,,,,"Hospital-Based, Counseling/Behavioral","Hospital-Based, Counseling/Behavioral",,,,,,,...,Therapist BI violent victimization ,...,behaviors and attitudes,CTS-2 and CADRI victimization items (range 0–6),,,,,2-month follow-up,,1.02,N/A,0.89,1.16,N/A,N/A,↔ null,...,...,,,,,,,,,,
Exclude,not gun violence specific,,,,,,,,,,,,,,,,,,,,"Hospital-Based, Counseling/Behavioral","Hospital-Based, Counseling/Behavioral",,,,,,,...,Frequency of baseline violent aggression ,...,behaviors and attitudes,"Frequency of peer/partner violence (12-item CTS-2 and CADRI), range 0–6",,,,,Baseline,,1.04,N/A,1.03,1.04,<0.001,N/A,↓ beneficial,...,...,,,,,,,,,,
Exclude,not gun violence specific,,,,,,,,,,,,,,,,,,,,"Hospital-Based, Counseling/Behavioral","Hospital-Based, Counseling/Behavioral",,,,,,,...,Therapist BI violent aggression ,...,behaviors and attitudes,"Frequency of peer/partner violence (12-item CTS-2 and CADRI), range 0–6",,,,,2-month follow-up,,0.87,N/A,0.76,0.99,< 0.05,N/A,↓ beneficial,...,...,,,,,,,,,,
Exclude,not gun violence specific,,,,,,,,,,,,,,,,,,,,"Hospital-Based, Counseling/Behavioral","Hospital-Based, Counseling/Behavioral",,,,,,,...,Baseline self-efficacy for avoiding fighting ,...,behaviors and attitudes,5-item self-efficacy scale (range 0–20),,,,,Baseline,,1.05,N/A,1.04,1.05,<0.001,N/A,↑ beneficial,...,...,,,,,,,,,,
Exclude,not gun violence specific,,,,,,,,,,,,,,,,,,,,"Hospital-Based, Counseling/Behavioral","Hospital-Based, Counseling/Behavioral",,,,,,,...,Therapist BI self-efficacy ,...,behaviors and attitudes,5-item self-efficacy scale (range 0–20),,,,,2-month follow-up,,1.09,N/A,1.02,1.15,<0.01,N/A,↑ beneficial,...,...,,,,,,,,,,
,,,,,,,,,,,,,,,,,,,,,,,,,,,,,,,,,,,,,,,,,,,,,,,,,,,,,,,,,,
,,10.1016/j.annepidem.2018.10.001,50,Castillo-Carniglia 2019,"Castillo-Carniglia, A. et al. ",2019,United States - California ,"Joyce Foundation, Heising-Simons Foundation, UC Firearm Violence Research Center, Robertson Fellowship, Becas Chile",Journal article,Quasi-experimental (Interrupted Time Series using Synthetic Control Method),State,"10 years (1991–2000), with sensitivity analyses for 5 and 15 years",N/A,N/A,Mixed,Statewide population-based analysis in California. Surveyed the general population of California (age-adjusted state-level rates),"Firearm suicide rate (1990): ~6.4/100,000; Firearm homicide: ~9.5/100,000",Population-level rates for California and 32 control states (1981–2000),Legislation,legislation,Legislation—restrictive,Legislation—restrictive,1991 laws: (1) CBC – background checks for all firearm purchases; (2) MVP – prohibits firearm purchase/possession for 10 years following conviction of certain violent misdemeanors,Universal background checks; misdemeanor-based prohibitions,Yes – statewide implementation with enforcement intended from 1991 onward,No ,"Concerns over incomplete data in background check systems, variable enforcement, and low rate of denials",Synthetic control group (weighted average of 32 states without similar policies during 1981–2000),Synthetic Control Method,"California's rate per 100,000 = Firearm homicide ",Table  2,firearm homicide mortality,"Annual deaths per 100,000 people (CDC WISQARS data)",firearm mortality,firearm mortality,"""Interpersonal (homicide, assault)""","""Interpersonal (homicide, assault)""",Five years postimplementation: ,,9.5,N/A,N/A,N/A,N/A,N/A,↔ null,No,N/A,Federal Brady Act implemented in 1998; background check infrastructure incomplete during early 1990s,Incomplete criminal/mental health records; weak enforcement; small affected population (<1% of purchasers denied post-law),,,I'm a little confused about these effect sizes. Why are some of them beneficial if they're positive?,flag,Firearm policy / legal change,Background checks / permits to purchase / sales regulation,System: policy change (access-restricting/regulatory),
,,,,,,,,,,,,,,,,,,,,,Legislation—restrictive,Legislation—restrictive,,,,,,,...,"California's rate per 100,000 = Nonfirearm homicide ",...,non-firearm homicide mortality,...,nonfirearm mortality,nonfirearm mortality,"""Interpersonal (homicide, assault)""","""Interpersonal (homicide, assault)""",...,,3.3,N/A,N/A,N/A,N/A,N/A,↔ null,...,...,,,,,,,,,,
,,,,,,,,,,,,,,,,,,,,,Legislation—restrictive,Legislation—restrictive,,,,,,,...,"California's rate per 100,000 = Firearm suicide",...,firearm suicide mortality,...,firearm mortality,firearm mortality,"""Self-inflicted (suicide, self-harm)""","""Self-inflicted (suicide, self-harm)""",...,,6.4,N/A,N/A,N/A,N/A,N/A,↓ beneficial,...,...,,,,,,,,,,
,,,,,,,,,,,,,,,,,,,,,Legislation—restrictive,Legislation—restrictive,,,,,,,...,"California's rate per 100,000 =  Non Firearm suicide",...,non-firearm suicide mortality,...,nonfirearm mortality,nonfirearm mortality,"""Self-inflicted (suicide, self-harm)""","""Self-inflicted (suicide, self-harm)""",...,,5.7,N/A,N/A,N/A,N/A,N/A,↔ null,...,...,,,,,,,,,,
,,,,,,,,,,,,,,,,,,,,,Legislation—restrictive,Legislation—restrictive,,,,,,,...,"California's rate per 100,000 = Firearm homicide ",...,firearm homicide mortality,...,firearm mortality,firearm mortality,"""Interpersonal (homicide, assault)""","""Interpersonal (homicide, assault)""",Ten years postimplementation (main results),,7.3,N/A,N/A,N/A,N/A,N/A,↔ null,...,...,,,,,,,,,,
,,,,,,,,,,,,,,,,,,,,,Legislation—restrictive,Legislation—restrictive,,,,,,,...,"California's rate per 100,000 = Nonfirearm homicide ",...,non-firearm homicide mortality,...,nonfirearm mortality,nonfirearm mortality,"""Interpersonal (homicide, assault)""","""Interpersonal (homicide, assault)""",...,,2.8,N/A,N/A,N/A,N/A,N/A,↔ null,...,...,,,,,,,,,,
,,,,,,,,,,,,,,,,,,,,,Legislation—restrictive,Legislation—restrictive,,,,,,,...,"California's rate per 100,000 = Firearm suicide",...,firearm suicide mortality,...,firearm mortality,firearm mortality,"""Self-inflicted (suicide, self-harm)""","""Self-inflicted (suicide, self-harm)""",...,,5.7,N/A,N/A,N/A,N/A,N/A,↓ beneficial,...,...,,,,,,,,,,
,,,,,,,,,,,,,,,,,,,,,Legislation—restrictive,Legislation—restrictive,,,,,,,...,"California's rate per 100,000 =  Non Firearm suicide",...,non-firearm suicide mortality,...,nonfirearm mortality,nonfirearm mortality,"""Self-inflicted (suicide, self-harm)""","""Self-inflicted (suicide, self-harm)""",...,,5.3,N/A,N/A,N/A,N/A,N/A,↔ null,...,...,,,,,,,,,,
,,,,,,,,,,,,,,,,,,,,,Legislation—restrictive,Legislation—restrictive,,,,,,,...,"California's rate per 100,000 = Firearm homicide ",...,firearm homicide mortality,...,firearm mortality,firearm mortality,"""Interpersonal (homicide, assault)""","""Interpersonal (homicide, assault)""",Fifteen years postimplementation,,6.6,N/A,N/A,N/A,N/A,N/A,↔ null,...,...,,,,,,,,,,
,,,,,,,,,,,,,,,,,,,,,Legislation—restrictive,Legislation—restrictive,,,,,,,...,"California's rate per 100,000 = Nonfirearm homicide ",...,non-firearm homicide mortality,...,nonfirearm mortality,nonfirearm mortality,"""Interpersonal (homicide, assault)""","""Interpersonal (homicide, assault)""",...,,2.5,N/A,N/A,N/A,N/A,N/A,↔ null,...,...,,,,,,,,,,
,,,,,,,,,,,,,,,,,,,,,Legislation—restrictive,Legislation—restrictive,,,,,,,...,"California's rate per 100,000 = Firearm suicide",...,firearm suicide mortality,...,firearm mortality,firearm mortality,"""Self-inflicted (suicide, self-harm)""","""Self-inflicted (suicide, self-harm)""",...,,5.1,N/A,N/A,N/A,N/A,N/A,↓ beneficial,...,...,,,,,,,,,,
,,,,,,,,,,,,,,,,,,,,,Legislation—restrictive,Legislation—restrictive,,,,,,,...,"California's rate per 100,000 =  Non Firearm suicide",...,non-firearm suicide mortality,...,nonfirearm mortality,nonfirearm mortality,"""Self-inflicted (suicide, self-harm)""","""Self-inflicted (suicide, self-harm)""",...,,5.2,N/A,N/A,N/A,N/A,N/A,↔ null,...,...,,,,,,,,,,
,,,,,,,,,,,,,,,,,,,,,,,,,,,,,,,,,,,,,,,,,,,,,,,,,,,,,,,,,,
,,10.1136/injuryprev-2017-042475,51,Castillo-Carniglia 2018,"Castillo-Carniglia, A. et al. ",2018,"United States – DE, CO, WA","Joyce Foundation, Heising-Simons Foundation, Robertson Fellowship, Becas Chile",Journal article,Interrupted time series using Synthetic Control Method,State,17 years (1999–2016),N/A,N/A,Mixed,"Statewide analyses in Delaware, Colorado, and Washington",Varies by state and firearm type,Monthly background check rates (N ≈ 204 months/state); 3 treated states vs. 29 control states,Legislation,legislation,Legislation—restrictive,Legislation—restrictive,"CBC policies implemented in DE and CO (July 2013), WA (Dec 2014); extended background checks to private sales",Mandatory background checks for all firearm transfers,Yes – statewide laws,No ,Not enforced uniformly; compliance issues reported in CO and WA; DE compliance unknown,Synthetic control constructed from 29 donor states with no CBC or PTP policy,Synthetic Control Method,% difference in long handgun background check rate post implementation: Delaware ,Table 2 ,firearm behaviors and attitudes,Percentage difference in background checks rate in reference to BC rate of the synthetic controls after policy implementation.,firearm behaviors (anti-firearm),firearm behaviors (anti-firearm),,n/a,Post-CBC (Jul 2013–Dec 2016),,22.30%,N/A,N/A,N/A,N/A,N/A,↑ beneficial,No,N/A,"“I will not comply” protests in WA, low enforcement in CO, and no data on DE",Strong opposition and non-enforcement in WA and CO,,,"it sounds like mutiple interventions are being studied here, which isn't reflected in the outcomes? also something is wrong with the direction of the effect-- how are they all beneficial if they have different signs",flag,Firearm policy / legal change,Background checks / permits to purchase / sales regulation,System: policy change (access-restricting/regulatory),
,,,,,,,,,,,,,,,,,,,,,Legislation—restrictive,Legislation—restrictive,,,,,,,...,... = Washington ,...,firearm behaviors and attitudes,...,firearm behaviors (anti-firearm),firearm behaviors (anti-firearm),,n/a,...,,-8.0 %,...,...,...,...,...,↔ null,...,...,,,,,,,,,,
,,,,,,,,,,,,,,,,,,,,,Legislation—restrictive,Legislation—restrictive,,,,,,,...,... = Colorado ,...,firearm behaviors and attitudes,...,firearm behaviors (anti-firearm),firearm behaviors (anti-firearm),,n/a,...,,2.4 %,...,...,...,...,...,↔ null,...,...,,,,,,,,,,
,,,,,,,,,,,,,,,,,,,,,Legislation—restrictive,Legislation—restrictive,,,,,,,...,% difference in handgun background check rate post implementation: Delaware ,...,firearm behaviors and attitudes,...,firearm behaviors (anti-firearm),firearm behaviors (anti-firearm),,n/a,...,,24.80%,...,...,...,...,...,↑ beneficial,...,...,,,,,,,,,,
,,,,,,,,,,,,,,,,,,,,,Legislation—restrictive,Legislation—restrictive,,,,,,,...,... = Washington ,...,firearm behaviors and attitudes,...,firearm behaviors (anti-firearm),firearm behaviors (anti-firearm),,n/a,...,,−8.0 %,...,...,...,...,...,↑ beneficial,...,...,,,,,,,,,,
,,,,,,,,,,,,,,,,,,,,,Legislation—restrictive,Legislation—restrictive,,,,,,,...,... = Colorado ,...,firearm behaviors and attitudes,...,firearm behaviors (anti-firearm),firearm behaviors (anti-firearm),,n/a,...,,1.30%,...,...,...,...,...,↔ null,...,...,,,,,,,,,,
,,,,,,,,,,,,,,,,,,,,,Legislation—restrictive,Legislation—restrictive,,,,,,,...,% difference in long gun background check rate post implementation: Delaware ,...,firearm behaviors and attitudes,...,firearm behaviors (anti-firearm),firearm behaviors (anti-firearm),,n/a,...,,33.90%,...,...,...,...,...,↑ beneficial,...,...,,,,,,,,,,
,,,,,,,,,,,,,,,,,,,,,Legislation—restrictive,Legislation—restrictive,,,,,,,...,... = Washington ,...,firearm behaviors and attitudes,...,firearm behaviors (anti-firearm),firearm behaviors (anti-firearm),,n/a,...,,4%,...,...,...,...,...,↑ beneficial,...,...,,,,,,,,,,
,,,,,,,,,,,,,,,,,,,,,Legislation—restrictive,Legislation—restrictive,,,,,,,...,... = Colorado ,...,firearm behaviors and attitudes,...,firearm behaviors (anti-firearm),firearm behaviors (anti-firearm),,n/a,...,,−7.3%,...,...,...,...,...,↑ beneficial,...,...,,,,,,,,,,
,,,,,,,,,,,,,,,,,,,,,,,,,,,,,,,,,,,,,,,,,,,,,,,,,,,,,,,,,,
,,10.1186/s40621-019-0225-8,52,Castillo-Carniglia 2019,"Castillo-Carniglia, A. et al. ",2019,United States – OR and WA,"Joyce Foundation, Heising-Simons Foundation, Robertson Fellowship, Becas Chile",Journal article,Interrupted time series (Synthetic Control Method),State,20 years (1999–2018),N/A,N/A,Mixed,State-level analyses; Washington implemented CBC in Dec 2014; Oregon in Aug 2015,"Handgun BC rate pre-law: ~297.1 (OR); ~228.6 (WA) per 100,000",Monthly data from 1999–2018 (n ≈ 240 months per state),Legislation,legislation,Legislation—restrictive,Legislation—restrictive,"CBC laws requiring background checks on all firearm transfers, including private-party sales",Universal background checks for all transfers,Yes – statewide implementation,No,Partial compliance; private-party checks low in WA (~3.4%) vs. stronger increases in OR,Synthetic control states (n=28) without CBC laws,Synthetic Control Method,Estimated % difference in BC rate following implementation = Oregon,Table 2 ,firearm behaviors and attitudes,"Monthly handgun BCs per 100,000 residents",firearm behaviors (anti-firearm),firearm behaviors (anti-firearm),,n/a,Post-law (Aug 2015–Dec 2018),,18%,N/A,N/A,N/A,p = 0.074,Observed: 349.9; Synthetic: 297.1,↑ beneficial,No,N/A,National upward trend in background checks during study period,WA showed delayed/low adoption; private-party checks remained a small fraction (<5%) of total checks,"Significant ↑ in Oregon, no significant change in Washington",,looks good,,Firearm policy / legal change,Background checks / permits to purchase / sales regulation,System: policy change (access-restricting/regulatory),
,,,,,,,,,,,,,,,,,,,,,Legislation—restrictive,Legislation—restrictive,,,,,,,...,Estimated % difference in BC rate following implementation = Washington,...,firearm behaviors and attitudes,...,firearm behaviors (anti-firearm),firearm behaviors (anti-firearm),,n/a,...,,4%,...,...,...,p = 0.3214,Observed: 237.7; Synthetic: 228.6,↔ null,...,...,,,,,,,,,,
,,,,,,,,,,,,,,,,,,,,,,,,,,,,,,,,,,,,,,,,,,,,,,,,,,,,,,,,,,
,,10.1001/jamanetworkopen.2019.4319,53,Chang 2019,"Chang, J.H.; Bushman, B.J.",2019,"United States – Columbus, OH",N/A,Journal article,RCT,Person (child),Immediate (short-term behavioral observation),N/A,N/A,Urban,Laboratory at The Ohio State University. Composed of children aged 8–12 years; 58.6% male; 74.1% White; 36.8% had firearm in home,Touched handgun: 44.3% (nonviolent); Total trigger pulls: 2.14 (nonviolent),N = 220 children (randomized in pairs),Experimental media exposure,behavioral,Environmental changes (e.g. covid effects),Environmental changes (e.g. covid effects),"Participants were randomized to 20 mins of Minecraft gameplay with gun violence, sword violence, or nonviolent condition, followed by 20 mins in a room with hidden disabled handguns and observed behavior",Media exposure (3 arms); simulated real-world gun access; observation and coding of firearm-related behavior,Yes – single 20-minute session,Yes,Random assignment confirmed; exposure and behavioral coding conducted by blinded raters; trigger pull counters used,Nonviolent video game condition,Negative binomial regression,Total trigger pulls: Nonviolent condition,Table 3 ,firearm behaviors and attitudes,Number of times child pulled trigger on disabled handgun,firearm behaviors (pro-firearm),firearm behaviors (pro-firearm),,n/a,Immediate (within 20 mins post-gameplay),,1.47,N/A,0.37,5.84,N/A,N/A,↑ harmful,"Yes – age, sex, trait aggression, media exposure",Children with higher aggression/media exposure had significantly more trigger pulls; firearm safety training reduced behavior,N/A,Lab environment may have reduced realism; effects may be stronger in natural settings,Study supports social learning theory. Violent media exposure independently associated with increased gun handling even outside experimental conditions,,"I don't think harmful and beneficial are particularly meaningful here, since the effect size isn't inferential/predictive but rather descriptive?",flag,Clinical counseling / screening,Clinical counseling / screening / decision support,Service: clinical counseling/screening (behavior change),
,,,,,,,,,,,,,,,,,,,,,Environmental changes (e.g. covid effects),Environmental changes (e.g. covid effects),,,,,,,...,Total trigger pulls: Gun violence condition  ,...,firearm behaviors and attitudes,...,firearm behaviors (pro-firearm),firearm behaviors (pro-firearm),,n/a,...,,3.39,...,0.8,14.29,...,...,↑ harmful,...,...,,,,,,,,,,
,,,,,,,,,,,,,,,,,,,,,Environmental changes (e.g. covid effects),Environmental changes (e.g. covid effects),,,,,,,...,Total trigger pulls: Sword violence condition ,...,firearm behaviors and attitudes,...,firearm behaviors (pro-firearm),firearm behaviors (pro-firearm),,n/a,...,,1.19,...,0.26,5.39,...,...,↑ harmful,...,...,,,,,,,,,,
,,,,,,,,,,,,,,,,,,,,,Environmental changes (e.g. covid effects),Environmental changes (e.g. covid effects),,,,,,,...,Trigger Pulls at Self or Other = Nonviolent condition ,...,firearm behaviors and attitudes,...,firearm behaviors (pro-firearm),firearm behaviors (pro-firearm),,n/a,...,,0.13,...,0.02,0.96,...,...,↑ harmful,...,...,,,,,,,,,,
,,,,,,,,,,,,,,,,,,,,,Environmental changes (e.g. covid effects),Environmental changes (e.g. covid effects),,,,,,,...,Trigger Pulls at Self or Other = Gun violence condition  ,...,firearm behaviors and attitudes,...,firearm behaviors (pro-firearm),firearm behaviors (pro-firearm),,n/a,...,,18.36,...,2.21,152.51,...,...,↑ harmful,...,...,,,,,,,,,,
,,,,,,,,,,,,,,,,,,,,,Environmental changes (e.g. covid effects),Environmental changes (e.g. covid effects),,,,,,,...,Trigger Pulls at Self or Other = Sword violence condition,...,firearm behaviors and attitudes,...,firearm behaviors (pro-firearm),firearm behaviors (pro-firearm),,n/a,...,,8.01,...,0.89,71.97,...,...,↑ harmful,...,...,,,,,,,,,,
,,,,,,,,,,,,,,,,,,,,,Environmental changes (e.g. covid effects),Environmental changes (e.g. covid effects),,,,,,,...,Time With Handgun = Nonviolent condition,...,firearm behaviors and attitudes,...,firearm behaviors (pro-firearm),firearm behaviors (pro-firearm),,n/a,...,,16.66,...,6.88,40.34,...,...,↑ harmful,...,...,,,,,,,,,,
,,,,,,,,,,,,,,,,,,,,,Environmental changes (e.g. covid effects),Environmental changes (e.g. covid effects),,,,,,,...,Time with Handgun: Gun violence condition  ,...,firearm behaviors and attitudes,...,firearm behaviors (pro-firearm),firearm behaviors (pro-firearm),,n/a,...,,2.53,...,0.9,7.17,...,...,↑ harmful,...,...,,,,,,,,,,
,,,,,,,,,,,,,,,,,,,,,Environmental changes (e.g. covid effects),Environmental changes (e.g. covid effects),,,,,,,...,Time with Handgun : Sword violence condition ,...,firearm behaviors and attitudes,...,firearm behaviors (pro-firearm),firearm behaviors (pro-firearm),,n/a,...,,1.99,...,0.64,6.14,...,...,↑ harmful,...,...,,,,,,,,,,
,,,,,,,,,,,,,,,,,,,,,,,,,,,,,,,,,,,,,,,,,,,,,,,,,,,,,,,,,,
,,10.1097/TA.0000000000002067,54,Chao2019,"Chao, S. D. et al. ",2019,United States - National,None,Journal Article ,"Ecological studies, correlation analysis, and linear regression",State,FFL density in 2014 vs. Average mortality data from 2008-2014 ,N/A,N/A,Mixed ,State level FFL license counts in 2014 linked to NCHS mortality rates (2008-2014).  Associations between the FFL density and firearm-related mortality rates were compared at the state level. Analyses were performed seperately on firearm-related homicides vs. suicides. ,"Correlations were quantified using the Pearson's correlation coefficient (R), as well as Spearman's rank correlation coefficient (ρ). ",50 states ,Policy ,legislation,descriptive/no intervention,descriptive/no intervention,"FFL licensing density: Variations in state-level density per 100,000 population in 2014.","Total FFL density included, across different FFL types (FFL01, FFL02: pawnshops, FFL06, FFL07, FFL08, FFL10). ","FFLs per 100,000 population, Firearm Mortality rate per 100,000 population ",No,ATF 2014 registry of all active FFLs nationwide implemented ,Comparison across states with varying FFL densities ,Multivariate Linear Regression Analysis,Firearm deaths -FFL01,Table 2 ,firearm mortality,"Firearm deaths per 100,000 population",firearm mortality,firearm mortality,"unintentional, ""Self-inflicted (suicide, self-harm)"", ""Interpersonal (homicide, assault)"", officer-involved / law enforcement, unknown/other, mass shooting","unintentional, ""Self-inflicted (suicide, self-harm)"", ""Interpersonal (homicide, assault)"", officer-involved / law enforcement, unknown/other, mass shooting",2014,,0.16,N/A,N/A,N/A,N/A,N/A,↔ null,No ,No ,"Models adjusted for state populations, state size, and # of registered firearms. Bonferroni correction for multiple tests. ",N/A,"""FFL02 (pawnshops) were the only subtype with a statistically significant association after adjustment""","""Moderate correlation between total Federal Firearms Licensee (FFL) density and firearm-related death rates (R = 0.53, ρ = 0.48)""",spell out what the different FFLs are,check,Other / unclear,Other / unclear,Other / unclear,
,,,,,,,,,,,,,,,,,,,,,descriptive/no intervention,descriptive/no intervention,,,,,,,...,Firearm deaths -FFL02 ,...,firearm mortality,...,firearm mortality,firearm mortality,"unintentional, ""Self-inflicted (suicide, self-harm)"", ""Interpersonal (homicide, assault)"", officer-involved / law enforcement, unknown/other, mass shooting","unintentional, ""Self-inflicted (suicide, self-harm)"", ""Interpersonal (homicide, assault)"", officer-involved / law enforcement, unknown/other, mass shooting",...,,2.38,N/A,N/A,N/A,p < 0.01,N/A,↑ harmful,No ,No ,,,"""Strong correlation between total FFL density and firearm-related suicide rates (R = 0.81, ρ = 0.76), but no correlation with firearm-related homicide rates""","""Among FFL types, only FFL02 (firearm-dealing pawnshops) density correlated with firearm-related deaths"" Specifically the data found there was strong correlation with overall firearm-related deaths (R = 0.69, ρ = 0.78); Strong correlation with firearm-related suicides (R = 0.72, ρ = 0.78).",,,,,,
,,,,,,,,,,,,,,,,,,,,,descriptive/no intervention,descriptive/no intervention,,,,,,,...,Firearm deaths -FFL06,...,firearm mortality,...,firearm mortality,firearm mortality,"unintentional, ""Self-inflicted (suicide, self-harm)"", ""Interpersonal (homicide, assault)"", officer-involved / law enforcement, unknown/other, mass shooting","unintentional, ""Self-inflicted (suicide, self-harm)"", ""Interpersonal (homicide, assault)"", officer-involved / law enforcement, unknown/other, mass shooting",...,,1.03,N/A,N/A,N/A,N/A,N/A,↔ null,No ,No ,,,,,,,,,,
,,,,,,,,,,,,,,,,,,,,,descriptive/no intervention,descriptive/no intervention,,,,,,,...,Firearm deaths -FFL07,...,firearm mortality,...,firearm mortality,firearm mortality,"unintentional, ""Self-inflicted (suicide, self-harm)"", ""Interpersonal (homicide, assault)"", officer-involved / law enforcement, unknown/other, mass shooting","unintentional, ""Self-inflicted (suicide, self-harm)"", ""Interpersonal (homicide, assault)"", officer-involved / law enforcement, unknown/other, mass shooting",...,,0.19,N/A,N/A,N/A,N/A,N/A,↔ null,No ,No ,,,,,,,,,,
,,,,,,,,,,,,,,,,,,,,,descriptive/no intervention,descriptive/no intervention,,,,,,,...,Firearm deaths -FFL08,...,firearm mortality,...,firearm mortality,firearm mortality,"unintentional, ""Self-inflicted (suicide, self-harm)"", ""Interpersonal (homicide, assault)"", officer-involved / law enforcement, unknown/other, mass shooting","unintentional, ""Self-inflicted (suicide, self-harm)"", ""Interpersonal (homicide, assault)"", officer-involved / law enforcement, unknown/other, mass shooting",...,,2.09,N/A,N/A,N/A,N/A,N/A,↔ null,No ,No ,,,,,,,,,,
,,,,,,,,,,,,,,,,,,,,,descriptive/no intervention,descriptive/no intervention,,,,,,,...,Firearm deaths -FFL10,...,firearm mortality,...,firearm mortality,firearm mortality,"unintentional, ""Self-inflicted (suicide, self-harm)"", ""Interpersonal (homicide, assault)"", officer-involved / law enforcement, unknown/other, mass shooting","unintentional, ""Self-inflicted (suicide, self-harm)"", ""Interpersonal (homicide, assault)"", officer-involved / law enforcement, unknown/other, mass shooting",...,,3.68,N/A,N/A,N/A,N/A,N/A,↔ null,No ,No ,,,,,,,,,,
,,,,,,,,,,,,,,,,,,,,,descriptive/no intervention,descriptive/no intervention,,,,,,,Multivariate Linear Regression Analysis,Firearm suicides -FFL01,...,firearm suicide mortality,...,firearm mortality,firearm mortality,"""Self-inflicted (suicide, self-harm)""","""Self-inflicted (suicide, self-harm)""",...,,-1.58,N/A,N/A,N/A,N/A,N/A,↔ null,No ,No ,,,,,,,,,,
,,,,,,,,,,,,,,,,,,,,,descriptive/no intervention,descriptive/no intervention,,,,,,,...,Firearm suicides -FFL02 ,...,firearm suicide mortality,...,firearm mortality,firearm mortality,"""Self-inflicted (suicide, self-harm)""","""Self-inflicted (suicide, self-harm)""",...,,4.23,N/A,N/A,N/A,p < 0.01,N/A,↑ harmful,No ,No ,,,,,,,,,,
,,,,,,,,,,,,,,,,,,,,,descriptive/no intervention,descriptive/no intervention,,,,,,,...,Firearm suicides -FFL06,...,firearm suicide mortality,...,firearm mortality,firearm mortality,"""Self-inflicted (suicide, self-harm)""","""Self-inflicted (suicide, self-harm)""",...,,2.47,N/A,N/A,N/A,N/A,N/A,↔ null,No ,No ,,,,,,,,,,
,,,,,,,,,,,,,,,,,,,,,descriptive/no intervention,descriptive/no intervention,,,,,,,...,Firearm suicides -FFL07,...,firearm suicide mortality,...,firearm mortality,firearm mortality,"""Self-inflicted (suicide, self-harm)""","""Self-inflicted (suicide, self-harm)""",...,,-3.79,N/A,N/A,N/A,N/A,N/A,↔ null,No ,No ,,,,,,,,,,
,,,,,,,,,,,,,,,,,,,,,descriptive/no intervention,descriptive/no intervention,,,,,,,...,Firearm suicides -FFL08,...,firearm suicide mortality,...,firearm mortality,firearm mortality,"""Self-inflicted (suicide, self-harm)""","""Self-inflicted (suicide, self-harm)""",...,,9.2,N/A,N/A,N/A,N/A,N/A,↔ null,No ,No ,,,,,,,,,,
,,,,,,,,,,,,,,,,,,,,,descriptive/no intervention,descriptive/no intervention,,,,,,,...,Firearm suicides -FFL10,...,firearm suicide mortality,...,firearm mortality,firearm mortality,"""Self-inflicted (suicide, self-harm)""","""Self-inflicted (suicide, self-harm)""",...,,21.3,N/A,N/A,N/A,N/A,N/A,↔ null,No ,No ,,,,,,,,,,
,,,,,,,,,,,,,,,,,,,,,descriptive/no intervention,descriptive/no intervention,,,,,,,Multivariate Linear Regression Analysis,Firearm homicides -FFL01,...,firearm homicide mortality,...,firearm mortality,firearm mortality,"""Interpersonal (homicide, assault)""","""Interpersonal (homicide, assault)""",...,,-0.27,N/A,N/A,N/A,N/A,N/A,↔ null,No ,No ,,,,,,,,,,
,,,,,,,,,,,,,,,,,,,,,descriptive/no intervention,descriptive/no intervention,,,,,,,...,Firearm homicides -FFL02 ,...,firearm homicide mortality,...,firearm mortality,firearm mortality,"""Interpersonal (homicide, assault)""","""Interpersonal (homicide, assault)""",...,,1.64,N/A,N/A,N/A,N/A,N/A,↔ null,No ,No ,,,,,,,,,,
,,,,,,,,,,,,,,,,,,,,,descriptive/no intervention,descriptive/no intervention,,,,,,,...,Firearm homicides -FFL06,...,firearm homicide mortality,...,firearm mortality,firearm mortality,"""Interpersonal (homicide, assault)""","""Interpersonal (homicide, assault)""",...,,13.6,N/A,N/A,N/A,N/A,N/A,↔ null,No ,No ,,,,,,,,,,
,,,,,,,,,,,,,,,,,,,,,descriptive/no intervention,descriptive/no intervention,,,,,,,...,Firearm homicides -FFL07,...,firearm homicide mortality,...,firearm mortality,firearm mortality,"""Interpersonal (homicide, assault)""","""Interpersonal (homicide, assault)""",...,,-4.05,N/A,N/A,N/A,N/A,N/A,↔ null,No ,No ,,,,,,,,,,
,,,,,,,,,,,,,,,,,,,,,descriptive/no intervention,descriptive/no intervention,,,,,,,...,Firearm homicides -FFL08,...,firearm homicide mortality,...,firearm mortality,firearm mortality,"""Interpersonal (homicide, assault)""","""Interpersonal (homicide, assault)""",...,,-8.23,N/A,N/A,N/A,N/A,N/A,↔ null,No ,No ,,,,,,,,,,
,,,,,,,,,,,,,,,,,,,,,descriptive/no intervention,descriptive/no intervention,,,,,,,...,Firearm homicides -FFL10,...,firearm homicide mortality,...,firearm mortality,firearm mortality,"""Interpersonal (homicide, assault)""","""Interpersonal (homicide, assault)""",...,,51.88,N/A,N/A,N/A,N/A,N/A,↔ null,No ,No ,,,,,,,,,,
,,,,,,,,,,,,,,,,,,,,,,,,,,,,,,,,,,,,,,,,,,,,,,,,,,,,,,,,,,
,,10.1136/ip.2006.013714,55,Chapman 2006,"Chapman, S. et al. ",2006,Australia,N/A,Journal Article ,Interrupted time series,Country,25 years (1979–2003); 18 pre-law years and 7 post-law years,N/A,N/A,Mixed ,Australia (all states and territories). Included all deaths involving firearms; national population-level data,"Firearm death rate (1996): 2.85 per 100,000","13,637 firearm deaths (1979–2003); 11,299 pre-law and 2,328 post-law",Legislation,legislation,Legislation—restrictive,Legislation—restrictive,"National Firearms Agreement (1996): banned semi-automatic and pump-action long guns, implemented buyback, individual registration, licensing","Prohibition of certain firearms, buyback program, registration, dealer-only sales, “genuine reason” requirement","Yes – national, mandatory",Yes,">700,000 guns destroyed; uniform laws adopted by all states; enforcement supported by law enforcement and public opinion",Pre-law trend (1979–1996),Negative binomial regression,Trend before 1997 RR=  Firearm homicide ,Table 3,firearm homicide mortality,"Annual rate per 100,000",firearm mortality,firearm mortality,"""Interpersonal (homicide, assault)"", mass shooting","""Interpersonal (homicide, assault)"", mass shooting",Pre (1979–96),,0.971,N/A,0.958,0.984,p=0.15,N/A,↔ null,Yes – mass shootings as subgroup,Firearm suicides showed largest reductions; unintentional deaths increased slightly,"National media coverage, public support (90–95%), political consensus","Facilitated by broad public support, federal funding, and unified state adoption",Mass shootings dropped from 13 in 18 years pre-law to zero in the decade after. No evidence of method substitution for homicide or suicide,,These effect sizes aren't super helpful; I think we want the difference,check,Firearm policy / legal change,Other firearm policy/legal,System: policy change (access-restricting/regulatory),
,,,,,,,,,,,,,,,,,,,,,Legislation—restrictive,Legislation—restrictive,,,,,,,...,...= Firearm homicide (omitting mass shootings),...,firearm homicide mortality,...,firearm mortality,firearm mortality,"""Interpersonal (homicide, assault)""","""Interpersonal (homicide, assault)""",...,,0.961,...,0.948,0.973,p=0.2,...,↔ null,...,...,,,,,,,,,,
,,,,,,,,,,,,,,,,,,,,,Legislation—restrictive,Legislation—restrictive,,,,,,,...,...= Total non-firearm homicide,...,non-firearm homicide mortality,...,nonfirearm mortality,nonfirearm mortality,"""Interpersonal (homicide, assault)"", mass shooting","""Interpersonal (homicide, assault)"", mass shooting",...,,1.011,...,1.001,1.001,p=0.05,...,↓ beneficial,...,...,,,,,,,,,,
,,,,,,,,,,,,,,,,,,,,,Legislation—restrictive,Legislation—restrictive,,,,,,,...,...= Total homicide (all methods including firearm) ,...,overall homicide mortality,...,overall mortality,overall mortality,"""Interpersonal (homicide, assault)"", mass shooting","""Interpersonal (homicide, assault)"", mass shooting",...,,0.999,...,0.992,1.006,p=0.01,...,↓ beneficial,...,...,,,,,,,,,,
,,,,,,,,,,,,,,,,,,,,,Legislation—restrictive,Legislation—restrictive,,,,,,,...,...= Firearm suicide,...,firearm suicide mortality,...,firearm mortality,firearm mortality,"""Self-inflicted (suicide, self-harm)""","""Self-inflicted (suicide, self-harm)""",...,,0.97,...,0.964,0.977,p=0.007,...,↓ beneficial,...,...,,,,,,,,,,
,,,,,,,,,,,,,,,,,,,,,Legislation—restrictive,Legislation—restrictive,,,,,,,...,...= Total non-firearm suicide ,...,non-firearm suicide mortality,...,nonfirearm mortality,nonfirearm mortality,"""Self-inflicted (suicide, self-harm)""","""Self-inflicted (suicide, self-harm)""",...,,1.023,...,1.018,1.029,p<0.001,...,↓ beneficial,...,...,,,,,,,,,,
,,,,,,,,,,,,,,,,,,,,,Legislation—restrictive,Legislation—restrictive,,,,,,,...,...= Total suicide (all methods including firearm) ,...,overall suicide mortality,...,overall mortality,overall mortality,"""Self-inflicted (suicide, self-harm)""","""Self-inflicted (suicide, self-harm)""",...,,1.01,...,1.005,1.015,p<0.001,...,↓ beneficial,...,...,,,,,,,,,,
,,,,,,,,,,,,,,,,,,,,,Legislation—restrictive,Legislation—restrictive,,,,,,,...,...= Unintentional firearm deaths ,...,firearm unintentional mortality,...,firearm mortality,firearm mortality,unintentional,unintentional,...,,0.924,...,0.907,0.942,p=0.001,...,↑ harmful,...,...,,,,,,,,,,
,,,,,,,,,,,,,,,,,,,,,Legislation—restrictive,Legislation—restrictive,,,,,,,...,...= Total firearm deaths,...,firearm mortality,...,firearm mortality,firearm mortality,"unintentional, ""Self-inflicted (suicide, self-harm)"", ""Interpersonal (homicide, assault)"", unknown/other, officer-involved / law enforcement, mass shooting","unintentional, ""Self-inflicted (suicide, self-harm)"", ""Interpersonal (homicide, assault)"", unknown/other, officer-involved / law enforcement, mass shooting",...,,0.967,...,0.961,0.973,p=0.03,...,↓ beneficial,...,...,,,,,,,,,,
,,,,,,,,,,,,,,,,,,,,,Legislation—restrictive,Legislation—restrictive,,,,,,,...,Trend in 1997 and later RR=  Firearm homicide ,...,firearm homicide,...,firearm mortality,firearm mortality,"""Interpersonal (homicide, assault)"", mass shooting","""Interpersonal (homicide, assault)"", mass shooting",Post (1997–2003),,0.925,...,0.881,0.973,p=0.15,...,↔ null,...,...,,,,,,,,,,
,,,,,,,,,,,,,,,,,,,,,Legislation—restrictive,Legislation—restrictive,,,,,,,...,...= Firearm homicide (omitting mass shootings),...,firearm homicide mortality,...,firearm mortality,firearm mortality,"""Interpersonal (homicide, assault)""","""Interpersonal (homicide, assault)""",...,,0.925,...,0.88,0.973,p=0.2,...,↔ null,...,...,,,,,,,,,,
,,,,,,,,,,,,,,,,,,,,,Legislation—restrictive,Legislation—restrictive,,,,,,,...,...= Total non-firearm homicide,...,non-firearm homicide mortality,...,nonfirearm mortality,nonfirearm mortality,"""Interpersonal (homicide, assault)""","""Interpersonal (homicide, assault)""",...,,0.976,...,0.954,0.999,p=0.05,...,↓ beneficial,...,...,,,,,,,,,,
,,,,,,,,,,,,,,,,,,,,,Legislation—restrictive,Legislation—restrictive,,,,,,,...,...= Total homicide (all methods including firearm) ,...,overall homicide mortality,...,overall mortality,overall mortality,"""Interpersonal (homicide, assault)""","""Interpersonal (homicide, assault)""",...,,0.967,...,0.946,0.988,p=0.01,...,↓ beneficial,...,...,,,,,,,,,,
,,,,,,,,,,,,,,,,,,,,,Legislation—restrictive,Legislation—restrictive,,,,,,,...,...= Firearm suicide,...,firearm suicide mortality,...,firearm mortality,firearm mortality,"""Self-inflicted (suicide, self-harm)""","""Self-inflicted (suicide, self-harm)""",...,,0.926,...,0.892,0.961,p=0.007,...,↓ beneficial,...,...,,,,,,,,,,
,,,,,,,,,,,,,,,,,,,,,Legislation—restrictive,Legislation—restrictive,,,,,,,...,...= Total non-firearm suicide ,...,non-firearm suicide mortality,...,nonfirearm mortality,nonfirearm mortality,"""Self-inflicted (suicide, self-harm)""","""Self-inflicted (suicide, self-harm)""",...,,0.959,...,0.951,0.968,p<0.001,...,↓ beneficial,...,...,,,,,,,,,,
,,,,,,,,,,,,,,,,,,,,,Legislation—restrictive,Legislation—restrictive,,,,,,,...,...= Total suicide (all methods including firearm) ,...,overall suicide mortality,...,overall mortality,overall mortality,"""Self-inflicted (suicide, self-harm)""","""Self-inflicted (suicide, self-harm)""",...,,0.956,...,0.948,0.964,p<0.001,...,↓ beneficial,...,...,,,,,,,,,,
,,,,,,,,,,,,,,,,,,,,,Legislation—restrictive,Legislation—restrictive,,,,,,,...,...= Unintentional firearm deaths ,...,firearm unintentional mortality,...,firearm mortality,firearm mortality,unintentional,unintentional,...,,1.085,...,0.975,1.207,p=0.001,...,↑ harmful,...,...,,,,,,,,,,
,,,,,,,,,,,,,,,,,,,,,Legislation—restrictive,Legislation—restrictive,,,,,,,...,...= Total firearm deaths,...,firearm mortality,...,firearm mortality,firearm mortality,"unintentional, ""Self-inflicted (suicide, self-harm)"", ""Interpersonal (homicide, assault)"", officer-involved / law enforcement, unknown/other, mass shooting","unintentional, ""Self-inflicted (suicide, self-harm)"", ""Interpersonal (homicide, assault)"", officer-involved / law enforcement, unknown/other, mass shooting",...,,0.936,...,0.912,0.961,p=0.03,...,↓ beneficial,...,...,,,,,,,,,,
,,,,,,,,,,,,,,,,,,,,,,,,,,,,,,,,,,,,,,,,,,,,,,,,,,,,,,,,,,
,,10.1001/jama.2016.8752,56,Chapman 2016,"Chapman, S. et al. ",2016,Australia,N/A,Journal Article,Interrupted time series,	Country,"35 years (1979–2013), extended to 2016 for mass shootings",N/A,N/A,Mixed ,"Australia – national mortality data, pre- and post-gun reform comparisons","Mean firearm death rate (1979–1996): 3.6/100,000","35 years of data; N = 12,247 firearm suicides and 2,354 firearm homicides (Table 2)",Legislation,legislation,Legislation—restrictive,Legislation—restrictive,"1996 National Firearms Agreement banned semiautomatic and pump-action rifles/shotguns, implemented buyback and strict licensing","Firearm bans, licensing, registration, buyback of >650,000 firearms",Yes – mandatory nationwide adoption,Yes,Laws uniformly enacted across states; large-scale surrender and destruction of firearms,Pre-law trend (1979–1996),Negative binomial regression,Trend 1979-1996 = Total Firearm deaths ,Table 3 ,firearm mortality,"Annual rate per 100,000",firearm mortality,firearm mortality,"unintentional, ""Self-inflicted (suicide, self-harm)"", ""Interpersonal (homicide, assault)"", officer-involved / law enforcement, unknown/other, mass shooting","unintentional, ""Self-inflicted (suicide, self-harm)"", ""Interpersonal (homicide, assault)"", officer-involved / law enforcement, unknown/other, mass shooting",Pre (1979–96),,0.97,N/A,0.963,0.976,0.003,N/A,↓ beneficial,Yes – mass vs. non-mass shootings,Strongest effects for suicide (both firearm and overall); no evidence of substitution,Economic and social change likely concurrent; no control country available,Strong political support; coordinated federal/state adoption; funded by tax levy,,,These effect sizes aren't super helpful; I think we want the difference,flag,Firearm policy / legal change,Assault weapon / magazine / handgun model bans,System: policy change (access-restricting/regulatory),
,,,,,,,,,,,,,,,,,,,,,Legislation—restrictive,Legislation—restrictive,,,,,,,...,...= Suicide,...,firearm suicide mortality,...,firearm mortality,firearm mortality,"""Self-inflicted (suicide, self-harm)""","""Self-inflicted (suicide, self-harm)""",...,,0.97,...,0.964,0.976,0.001,...,↓ beneficial,...,...,,,,,,,,,,
,,,,,,,,,,,,,,,,,,,,,Legislation—restrictive,Legislation—restrictive,,,,,,,...,...= Homicide,...,firearm homicide mortality,...,firearm mortality,firearm mortality,"""Interpersonal (homicide, assault)"", mass shooting","""Interpersonal (homicide, assault)"", mass shooting",...,,0.969,...,0.955,0.983,0.06,...,↓ beneficial,...,...,,,,,,,,,,
,,,,,,,,,,,,,,,,,,,,,Legislation—restrictive,Legislation—restrictive,,,,,,,...,...= Homicide (nonmass),...,firearm homicide mortality,...,firearm mortality,firearm mortality,"""Interpersonal (homicide, assault)""","""Interpersonal (homicide, assault)""",...,,0.958,...,0.947,0.969,0.2,...,↔ null,...,...,,,,,,,,,,
,,,,,,,,,,,,,,,,,,,,,Legislation—restrictive,Legislation—restrictive,,,,,,,...,Trend 1979-1996 = Total Nonfirearm deaths,...,non-firearm mortality,...,nonfirearm mortality,nonfirearm mortality,"unintentional, ""Self-inflicted (suicide, self-harm)"", ""Interpersonal (homicide, assault)"", officer-involved / law enforcement, unknown/other, mass shooting","unintentional, ""Self-inflicted (suicide, self-harm)"", ""Interpersonal (homicide, assault)"", officer-involved / law enforcement, unknown/other, mass shooting",...,,1.021,...,1.016,1.026,<.001,...,↓ beneficial,...,...,,,,,,,,,,
,,,,,,,,,,,,,,,,,,,,,Legislation—restrictive,Legislation—restrictive,,,,,,,...,...= Suicide,...,non-firearm suicide mortality,...,nonfirearm mortality,nonfirearm mortality,"""Self-inflicted (suicide, self-harm)""","""Self-inflicted (suicide, self-harm)""",...,,1.023,...,1.018,1.028,<.001,...,↓ beneficial,...,...,,,,,,,,,,
,,,,,,,,,,,,,,,,,,,,,Legislation—restrictive,Legislation—restrictive,,,,,,,...,...= Homicide,...,non-firearm homicide mortality,...,nonfirearm mortality,nonfirearm mortality,"""Interpersonal (homicide, assault)""","""Interpersonal (homicide, assault)""",...,,1.009,...,0.998,1.019,<.001,...,↓ beneficial,...,...,,,,,,,,,,
,,,,,,,,,,,,,,,,,,,,,Legislation—restrictive,Legislation—restrictive,,,,,,,...,Trend 1979-1996= Total Suicide ,...,overall suicide mortality,...,overall mortality,overall mortality,"""Self-inflicted (suicide, self-harm)""","""Self-inflicted (suicide, self-harm)""",...,,1.01,...,1.006,1.014,<.001,...,↓ beneficial,...,...,,,,,,,,,,
,,,,,,,,,,,,,,,,,,,,,Legislation—restrictive,Legislation—restrictive,,,,,,,...,Trend 1979-1996= Total Homocide ,...,overall homicide mortality,...,overall mortality,overall mortality,"""Interpersonal (homicide, assault)""","""Interpersonal (homicide, assault)""",...,,0.997,...,0.99,1.003,<.001,...,↓ beneficial,...,...,,,,,,,,,,
,,,,,,,,,,,,,,,,,,,,,Legislation—restrictive,Legislation—restrictive,,,,,,,...,Trend 1997-2003 = Total Firearm deaths ,...,firearm mortality,...,firearm mortality,firearm mortality,"unintentional, ""Self-inflicted (suicide, self-harm)"", ""Interpersonal (homicide, assault)"", officer-involved / law enforcement, unknown/other, mass shooting","unintentional, ""Self-inflicted (suicide, self-harm)"", ""Interpersonal (homicide, assault)"", officer-involved / law enforcement, unknown/other, mass shooting",Post (1997–2013),,0.951,...,0.94,0.962,0.003,...,↓ beneficial,...,...,,,,,,,,,,
,,,,,,,,,,,,,,,,,,,,,Legislation—restrictive,Legislation—restrictive,,,,,,,...,...= Suicide,...,firearm suicide mortality,...,firearm mortality,firearm mortality,"""Self-inflicted (suicide, self-harm)""","""Self-inflicted (suicide, self-harm)""",...,,0.952,...,0.942,0.962,0.001,...,↓ beneficial,...,...,,,,,,,,,,
,,,,,,,,,,,,,,,,,,,,,Legislation—restrictive,Legislation—restrictive,,,,,,,...,...= Homicide,...,firearm homicide mortality,...,firearm mortality,firearm mortality,"""Interpersonal (homicide, assault)"", mass shooting","""Interpersonal (homicide, assault)"", mass shooting",...,,0.945,...,0.922,0.969,0.06,...,↓ beneficial,...,...,,,,,,,,,,
,,,,,,,,,,,,,,,,,,,,,Legislation—restrictive,Legislation—restrictive,,,,,,,...,...= Homicide (nonmass),...,firearm homicide mortality,...,firearm mortality,firearm mortality,"""Interpersonal (homicide, assault)""","""Interpersonal (homicide, assault)""",...,,0.945,...,0.922,0.969,0.2,...,↓ beneficial,...,...,,,,,,,,,,
,,,,,,,,,,,,,,,,,,,,,Legislation—restrictive,Legislation—restrictive,,,,,,,...,Trend 1997-2003 = Total Nonfirearm deaths ,...,non-firearm mortality,...,nonfirearm mortality,nonfirearm mortality,"unintentional, ""Self-inflicted (suicide, self-harm)"", ""Interpersonal (homicide, assault)"", officer-involved / law enforcement, unknown/other","unintentional, ""Self-inflicted (suicide, self-harm)"", ""Interpersonal (homicide, assault)"", officer-involved / law enforcement, unknown/other",...,,0.986,...,0.98,0.993,<.001,...,↔ null,...,...,,,,,,,,,,
,,,,,,,,,,,,,,,,,,,,,Legislation—restrictive,Legislation—restrictive,,,,,,,...,...= Suicide,...,non-firearm suicide mortality,...,nonfirearm mortality,nonfirearm mortality,"""Self-inflicted (suicide, self-harm)""","""Self-inflicted (suicide, self-harm)""",...,,0.988,...,0.982,0.994,<.001,...,↓ beneficial,...,...,,,,,,,,,,
,,,,,,,,,,,,,,,,,,,,,Legislation—restrictive,Legislation—restrictive,,,,,,,...,...= Homicide,...,non-firearm homicide mortality,...,nonfirearm mortality,nonfirearm mortality,"""Interpersonal (homicide, assault)""","""Interpersonal (homicide, assault)""",...,,0.974,...,0.962,0.988,<.001,...,↓ beneficial,...,...,,,,,,,,,,
,,,,,,,,,,,,,,,,,,,,,Legislation—restrictive,Legislation—restrictive,,,,,,,...,Trend 1997-2003= Total Suicide ,...,overall suicide mortality,...,overall mortality,overall mortality,"""Self-inflicted (suicide, self-harm)""","""Self-inflicted (suicide, self-harm)""",...,,0.985,...,0.979,0.991,<.001,...,↓ beneficial,...,...,,,,,,,,,,
,,,,,,,,,,,,,,,,,,,,,Legislation—restrictive,Legislation—restrictive,,,,,,,...,Trend 1997-2003= Total Homicide ,...,overall homicide mortality,...,overall mortality,overall mortality,"""Interpersonal (homicide, assault)""","""Interpersonal (homicide, assault)""",...,,0.969,...,0.956,0.982,<.001,...,↔ null,...,...,,,,,,,,,,
,,,,,,,,,,,,,,,,,,,,,,,,,,,,,,,,,,,,,,,,,,,,,,,,,,,,,,,,,,
,,10.1016/j.puhe.2022.06.015,57,Chien 2022,"Chien, L.-C. et al ",2022,United States - National ,N/A,Journal Article ,Ecological panel study,State,20 years (1999–2018),N/A,N/A,Mixed,Annual panel data from all 50 US states. ,Firearm homicide mortality rate (1999): 33.9 per million,"50 states × 20 years = 1,000 state-years",Legislation,legislation,descriptive/no intervention,,Developed a Gun Law Strength (GLS) Index based on 134 state gun laws; measured annually using weighted quantile sum regression,"Index includes laws on minimum age, permitting, registration, storage, liability, mental health restrictions",Yes – continuous index (range ~0.0–0.8),No,"No specific implementation measures were studied; data reflect legal presence, not enforcement",Annual GLS index and variation across states and years,Weighted quantile sum regression (Poisson model),Firearm homicide mortality = 1999,Table 3 ,firearm homicide mortality,"Annually, 1999–2018",firearm mortality,,"mass shooting, unknown/other, officer-involved / law enforcement, ""Interpersonal (homicide, assault)"", ""Self-inflicted (suicide, self-harm)"", unintentional",,1999,,-20.68,N/A,-25.18,-15.9,N/A,N/A,↓ beneficial,No,"Yes – diminishing effect over time. Some states had GLS increase (Nevada), others decreased (Mississippi)",N/A,Variation in enforcement and adoption across states and limited data on actual implementation,,,looks good,,Firearm policy (index/strength measure),Policy environment index / composite score,System: measurement/index (policy strength),
,,,,,,,,,,,,,,,,,,,,,descriptive/no intervention,,,,,,,,...,...= 2000,...,firearm homicide mortality,...,firearm mortality,,"mass shooting, unknown/other, officer-involved / law enforcement, ""Interpersonal (homicide, assault)"", ""Self-inflicted (suicide, self-harm)"", unintentional",,2000,,-16.54,...,-22.14,-10.54,...,...,↓ beneficial,...,...,,,,,,,,,,
,,,,,,,,,,,,,,,,,,,,,descriptive/no intervention,,,,,,,,...,...= 2001,...,firearm homicide mortality,...,firearm mortality,,"mass shooting, unknown/other, officer-involved / law enforcement, ""Interpersonal (homicide, assault)"", ""Self-inflicted (suicide, self-harm)"", unintentional",,2001,,-15.05,...,-20.16,-9.62,...,...,↓ beneficial,...,...,,,,,,,,,,
,,,,,,,,,,,,,,,,,,,,,descriptive/no intervention,,,,,,,,...,...= 2002,...,firearm homicide mortality,...,firearm mortality,,"mass shooting, unknown/other, officer-involved / law enforcement, ""Interpersonal (homicide, assault)"", ""Self-inflicted (suicide, self-harm)"", unintentional",,2002,,-11.93,...,-18.71,-4.58,...,...,↓ beneficial,...,...,,,,,,,,,,
,,,,,,,,,,,,,,,,,,,,,descriptive/no intervention,,,,,,,,...,...= 2003,...,firearm homicide mortality,...,firearm mortality,,"mass shooting, unknown/other, officer-involved / law enforcement, ""Interpersonal (homicide, assault)"", ""Self-inflicted (suicide, self-harm)"", unintentional",,2003,,-13.45,...,-20.7,-5.53,...,...,↓ beneficial,...,...,,,,,,,,,,
,,,,,,,,,,,,,,,,,,,,,descriptive/no intervention,,,,,,,,...,...= 2004,...,firearm homicide mortality,...,firearm mortality,,"mass shooting, unknown/other, officer-involved / law enforcement, ""Interpersonal (homicide, assault)"", ""Self-inflicted (suicide, self-harm)"", unintentional",,2004,,-16.54,...,-23.63,-8.78,...,...,↓ beneficial,...,...,,,,,,,,,,
,,,,,,,,,,,,,,,,,,,,,descriptive/no intervention,,,,,,,,...,...= 2005,...,firearm homicide mortality,...,firearm mortality,,"mass shooting, unknown/other, officer-involved / law enforcement, ""Interpersonal (homicide, assault)"", ""Self-inflicted (suicide, self-harm)"", unintentional",,2005,,-12.27,...,-21.72,-1.68,...,...,↓ beneficial,...,...,,,,,,,,,,
,,,,,,,,,,,,,,,,,,,,,descriptive/no intervention,,,,,,,,...,...= 2006,...,firearm homicide mortality,...,firearm mortality,,"mass shooting, unknown/other, officer-involved / law enforcement, ""Interpersonal (homicide, assault)"", ""Self-inflicted (suicide, self-harm)"", unintentional",,2006,,-15.9,...,-24.73,-6.03,...,...,↓ beneficial,...,...,,,,,,,,,,
,,,,,,,,,,,,,,,,,,,,,descriptive/no intervention,,,,,,,,...,...= 2007,...,firearm homicide mortality,...,firearm mortality,,"mass shooting, unknown/other, officer-involved / law enforcement, ""Interpersonal (homicide, assault)"", ""Self-inflicted (suicide, self-harm)"", unintentional",,2007,,-16.56,...,-22.07,-10.66,...,...,↓ beneficial,...,...,,,,,,,,,,
,,,,,,,,,,,,,,,,,,,,,descriptive/no intervention,,,,,,,,...,...= 2008,...,firearm homicide mortality,...,firearm mortality,,"mass shooting, unknown/other, officer-involved / law enforcement, ""Interpersonal (homicide, assault)"", ""Self-inflicted (suicide, self-harm)"", unintentional",,2008,,-11.94,...,-16.46,-7.18,...,...,↓ beneficial,...,...,,,,,,,,,,
,,,,,,,,,,,,,,,,,,,,,descriptive/no intervention,,,,,,,,...,...= 2009,...,firearm homicide mortality,...,firearm mortality,,"mass shooting, unknown/other, officer-involved / law enforcement, ""Interpersonal (homicide, assault)"", ""Self-inflicted (suicide, self-harm)"", unintentional",,2009,,-11.68,...,-15.87,-7.27,...,...,↓ beneficial,...,...,,,,,,,,,,
,,,,,,,,,,,,,,,,,,,,,descriptive/no intervention,,,,,,,,...,...= 2010,...,firearm homicide mortality,...,firearm mortality,,"mass shooting, unknown/other, officer-involved / law enforcement, ""Interpersonal (homicide, assault)"", ""Self-inflicted (suicide, self-harm)"", unintentional",,2010,,-10.82,...,-13.7,-7.86,...,...,↓ beneficial,...,...,,,,,,,,,,
,,,,,,,,,,,,,,,,,,,,,descriptive/no intervention,,,,,,,,...,...= 2011,...,firearm homicide mortality,...,firearm mortality,,"mass shooting, unknown/other, officer-involved / law enforcement, ""Interpersonal (homicide, assault)"", ""Self-inflicted (suicide, self-harm)"", unintentional",,2011,,-8.58,...,-11.49,-5.58,...,...,↓ beneficial,...,...,,,,,,,,,,
,,,,,,,,,,,,,,,,,,,,,descriptive/no intervention,,,,,,,,...,...= 2012,...,firearm homicide mortality,...,firearm mortality,,"mass shooting, unknown/other, officer-involved / law enforcement, ""Interpersonal (homicide, assault)"", ""Self-inflicted (suicide, self-harm)"", unintentional",,2012,,-9.8,...,-14.2,-5.16,...,...,↓ beneficial,...,...,,,,,,,,,,
,,,,,,,,,,,,,,,,,,,,,descriptive/no intervention,,,,,,,,...,...= 2013,...,firearm homicide mortality,...,firearm mortality,,"mass shooting, unknown/other, officer-involved / law enforcement, ""Interpersonal (homicide, assault)"", ""Self-inflicted (suicide, self-harm)"", unintentional",,2013,,-15.3,...,-18.18,-12.31,...,...,↓ beneficial,...,...,,,,,,,,,,
,,,,,,,,,,,,,,,,,,,,,descriptive/no intervention,,,,,,,,...,...= 2014,...,firearm homicide mortality,...,firearm mortality,,"mass shooting, unknown/other, officer-involved / law enforcement, ""Interpersonal (homicide, assault)"", ""Self-inflicted (suicide, self-harm)"", unintentional",,2014,,-10.25,...,-12.64,-7.8,...,...,↓ beneficial,...,...,,,,,,,,,,
,,,,,,,,,,,,,,,,,,,,,descriptive/no intervention,,,,,,,,...,...= 2015,...,firearm homicide mortality,...,firearm mortality,,"mass shooting, unknown/other, officer-involved / law enforcement, ""Interpersonal (homicide, assault)"", ""Self-inflicted (suicide, self-harm)"", unintentional",,2015,,-8.45,...,-10.49,-6.37,...,...,↓ beneficial,...,...,,,,,,,,,,
,,,,,,,,,,,,,,,,,,,,,descriptive/no intervention,,,,,,,,...,...= 2016,...,firearm homicide mortality,...,firearm mortality,,"mass shooting, unknown/other, officer-involved / law enforcement, ""Interpersonal (homicide, assault)"", ""Self-inflicted (suicide, self-harm)"", unintentional",,2016,,-10.05,...,-11.91,-8.15,...,...,↓ beneficial,...,...,,,,,,,,,,
,,,,,,,,,,,,,,,,,,,,,descriptive/no intervention,,,,,,,,...,...= 2017,...,firearm homicide mortality,...,firearm mortality,,"mass shooting, unknown/other, officer-involved / law enforcement, ""Interpersonal (homicide, assault)"", ""Self-inflicted (suicide, self-harm)"", unintentional",,2017,,-9,...,-10.82,-7.15,...,...,↓ beneficial,...,...,,,,,,,,,,
,,,,,,,,,,,,,,,,,,,,,descriptive/no intervention,,,,,,,,...,...= 2018,...,firearm homicide mortality,...,firearm mortality,,"mass shooting, unknown/other, officer-involved / law enforcement, ""Interpersonal (homicide, assault)"", ""Self-inflicted (suicide, self-harm)"", unintentional",,2018,,-9.18,...,-10.47,-7.87,...,...,↓ beneficial,...,...,,,,,,,,,,
,,,,,,,,,,,,,,,,,,,,,,,,,,,,,,,,,,,,,,,,,,,,,,,,,,,,,,,,,,
,,10.1007/s11606-019-05613-3,58,Choi 2020,"Choi, K.R. et al. ",2020,United States - National ,UCLA Fielding School of Public Health Gun Violence Prevention Pilot Grant,Journal Article ,Longitudinal ecological study (fixed effects panel regression),State,5 years (2012–2016),N/A,N/A,Mixed - National ,State-level population (firearm suicide and homicide rates),"Mean annual firearm suicide: 7.9/100,000; homicide: 3.7/100,000",242 state-years (N=242 observations after missing data exclusions),Legislation,legislation,,,"Examined state laws on firearm prohibitions (mental illness/substance use; violent crime), Medicaid generosity, alcohol regulation, worker protections","Counts of restrictive firearm laws, Medicaid thresholds, alcohol control index, worker rights index",Yes – annual measurement of laws and indices,No,Laws coded from state-level databases; implementation not directly assessed,Variability across states and years (no formal control group),Fixed effects linear regression,"Firearm-Related Suicide Rate from 2012-2016= Primary care
provider rate",Table 2 ,firearm suicide mortality,"Age-adjusted deaths per 100,000 population",,,,,2012-2016,,0.05,0.07,N/A,N/A,N/A,N/A,↓ beneficial,No,Suicide more sensitive to firearm restriction laws; homicide more sensitive to Medicaid generosity,N/A,Study acknowledges implementation of laws not assessed; cross-state variation may reflect policy adoption but not enforcement,Alcohol regulations were unexpectedly associated with ↑ homicide; authors caution possible omitted variable bias. Medicaid generosity affected suicide in unadjusted models but not in full model; mental illness-related gun prohibition laws had independent protective effects for suicide only,,"unclear on what the intervention is? or maybe what the regression is? what does ""primary care provider rate"" mean here? Also based on the effect sizes and standard errors some of these should be null",flag,Firearm policy / legal change,Other firearm policy/legal,System: policy change (access-restricting/regulatory),
,,,,,,,,,,,,,,,,,,,,,,,,,,,,,...,"...= Psychiatrist
rate",...,firearm suicide mortality,...,,,,,...,,0.01,0.01,...,...,...,N/A,↓ beneficial,...,...,,,,,,,,,,
,,,,,,,,,,,,,,,,,,,,,,,,,,,,,...,...= Poverty rate,...,firearm suicide mortality,...,,,,,...,,0.08,0.04,...,...,...,N/A,↓ beneficial,...,...,,,,,,,,,,
,,,,,,,,,,,,,,,,,,,,,,,,,,,,,...,...= Hunting license rate density,...,firearm suicide mortality,...,,,,,...,,0.01,< 0.01,...,...,...,0.01,↓ beneficial,...,...,,,,,,,,,,
,,,,,,,,,,,,,,,,,,,,,,,,,,,,,...,...= Density ,...,firearm suicide mortality,...,,,,,...,,− 0.14,0.07,...,...,...,0.05,↓ beneficial,...,...,,,,,,,,,,
,,,,,,,,,,,,,,,,,,,,,,,,,,,,,...,"...= Medicaid
generosity",...,firearm suicide mortality,...,,,,,...,,0.13,0.3,...,...,...,N/A,↓ beneficial,...,...,,,,,,,,,,
,,,,,,,,,,,,,,,,,,,,,,,,,,,,,...,...= Workers index,...,firearm suicide mortality,...,,,,,...,,− 0.46,0.16,...,...,...,0.01,↓ beneficial,...,...,,,,,,,,,,
,,,,,,,,,,,,,,,,,,,,,,,,,,,,,...,...= Alcohol restrictions,...,firearm suicide mortality,...,,,,,...,,− 0.43,0.1,...,...,...,0.01,↓ beneficial,...,...,,,,,,,,,,
,,,,,,,,,,,,,,,,,,,,,,,,,,,,,...,"...= Mental illness
prohibition
laws",...,firearm suicide mortality,...,,,,,...,,− 0.50,0.1,...,...,...,0.01,↓ beneficial,...,...,,,,,,,,,,
,,,,,,,,,,,,,,,,,,,,,,,,,,,,,...,"Firearm-Related Homocide Rate from 2012-2016= Primary care
provider rate",...,firearm suicide mortality,...,,,,,...,,-0.05,0.05,...,...,...,N/A,↓ beneficial,...,...,,,,,,,,,,
,,,,,,,,,,,,,,,,,,,,,,,,,,,,,...,"...= Psychiatrist
rate",...,firearm suicide mortality,...,,,,,...,,0.01,0.01,...,...,...,N/A,↓ beneficial,...,...,,,,,,,,,,
,,,,,,,,,,,,,,,,,,,,,,,,,,,,,...,...= Poverty rate,...,firearm suicide mortality,...,,,,,...,,0.07,0.03,...,...,...,0.05,↓ beneficial,...,...,,,,,,,,,,
,,,,,,,,,,,,,,,,,,,,,,,,,,,,,...,...= Hunting license rate,...,firearm suicide mortality,...,,,,,...,,- < 0.01, < 0.01),...,...,...,N/A,↓ beneficial,...,...,,,,,,,,,,
,,,,,,,,,,,,,,,,,,,,,,,,,,,,,...,...= Density ,...,firearm suicide mortality,...,,,,,...,,0.16,0.06,...,...,...,0.01,↓ beneficial,...,...,,,,,,,,,,
,,,,,,,,,,,,,,,,,,,,,,,,,,,,,...,"...= Medicaid
generosity",...,firearm suicide mortality,...,,,,,...,,-0.58,0.23,...,...,...,0.05,↓ beneficial,...,...,,,,,,,,,,
,,,,,,,,,,,,,,,,,,,,,,,,,,,,,...,...= Alcohol restrictions,...,firearm suicide mortality,...,,,,,...,,0.28,0.08,...,...,...,0.01,↓ beneficial,...,...,,,,,,,,,,
,,,,,,,,,,,,,,,,,,,,,,,,,,,,,...,...= Workers index,...,firearm suicide mortality,...,,,,,...,,0.18,0.13,...,...,...,N/A,↓ beneficial,...,...,,,,,,,,,,
,,,,,,,,,,,,,,,,,,,,,,,,,,,,,...,...= Violent crime prohibition law,...,firearm suicide mortality,...,,,,,...,,-0.04,0.18,...,...,...,N/A,↓ beneficial,...,...,,,,,,,,,,
,,,,,,,,,,,,,,,,,,,,,,,,,,,,,,,,,,,,,,,,,,,,,,,,,,,,,,,,,,
,,10.1007/s12061-020-09362-3,59,Circo 2021,"Circo, G.M.; Wheeler, A.P.",2021,"United States - Philadelphia, PA",N/A,Journal Article,Cross-sectional (logistic regression on observational data),Person,Immediate (fatal vs. nonfatal outcome at incident),N/A,N/A,Urban,Philadelphia city-level data on shooting victims. All criminal gunshot wound victims from 1/1/2015 to 6/20/2019,10.5 min avg. drive time to trauma center; 28.7 y mean age; 14% shot in head,"N = 5,580 shooting victims",Emergency medical access,no intervention,,,Proximity (drive time) to Level 1 trauma centers as a predictor of fatality risk,"Estimated drive time, street network distance, and Euclidean distance to closest trauma center",Yes – continuous measurement (minutes/km),No,Drive time estimated using Google Distance Matrix API; no ambulance response time data available,Closer vs. farther drive-time distance; model includes multiple covariates,Logistic regression (Model 1),firearm mortality Network Time (min),Table 2 ,firearm mortality,Binary (1 = died; 0 = survived),,,,,Incident-level,,0.022,0.01,N/A,N/A,N/A,0.05,↑ harmful,"Yes – wound location (head, torso, extremities, multiple). ",Stronger effects for fatality risk when shot in head or torso,N/A,No data on EMS response time or hospital type; drive time is a proxy,"Study highlights urban “trauma deserts”; drive time model had best fit (AIC, BIC, CVE) compared to network or Euclidean distance",,"I'm a bit confused about the outcomes, but I think we maybe only want network time? and then list the covariates as sub-groups analyzed? and i'm confused about the directions",flag,Other / unclear,Other / unclear,Other / unclear,
,,,,,,,,,,,,,,,,,,,,,,,,,,,,,...,Injury Location= Torso,...,firearm mortality,...,,,,,...,,-1.238,0.101,...,...,...,p < .001,↑ harmful,...,...,,,,,,,,,,
,,,,,,,,,,,,,,,,,,,,,,,,,,,,,...,Injury Location= Multiple,...,firearm mortality,...,,,,,...,,-1.195,0.097,...,...,...,p < .001,↑ harmful,...,...,,,,,,,,,,
,,,,,,,,,,,,,,,,,,,,,,,,,,,,,...,Injury Location= Extremities,...,firearm mortality,...,,,,,...,,-4.876,0.262,...,...,...,p < .001,↑ harmful,...,...,,,,,,,,,,
,,,,,,,,,,,,,,,,,,,,,,,,,,,,,...,Victim & Situational= Outdoors,...,firearm mortality,...,,,,,...,,-0.551,0.143,...,...,...,p < .001,↑ harmful,...,...,,,,,,,,,,
,,,,,,,,,,,,,,,,,,,,,,,,,,,,,...,...= Clustered Arrivals (15 min),...,firearm mortality,...,,,,,...,,-0.504,0.318,...,...,...,N/A,↑ harmful,...,...,,,,,,,,,,
,,,,,,,,,,,,,,,,,,,,,,,,,,,,,...,...= Race White,...,firearm mortality,...,,,,,...,,-0.123,0.103,...,...,...,N/A,↑ harmful,...,...,,,,,,,,,,
,,,,,,,,,,,,,,,,,,,,,,,,,,,,,...,...= Sex Male ,...,firearm mortality,...,,,,,...,,0.312,0.158,...,...,...,p < .05,↑ harmful,...,...,,,,,,,,,,
,,,,,,,,,,,,,,,,,,,,,,,,,,,,,...,...= Age ,...,firearm mortality,...,,,,,...,,0.015,0.003,...,...,...,p < .001,↑ harmful,...,...,,,,,,,,,,
,,,,,,,,,,,,,,,,,,,,,,,,,,,,,,,,,,,,,,,,,,,,,,,,,,,,,,,,,,
,,10.1007/s11524-018-0251-9,60,Collins 2018,"Collins, T. et al. ",2018,United States - National,Robert Wood Johnson Foundation,Journal Article,Longitudinal panel study with two-way fixed effects,State,11 years (2006–2016),N/A,N/A,Mixed- National,All 50 US states - gun trace data from ATF. Crime guns recovered and traced across the US.,Mean % of crime guns traced to in-state source = 67.4%,50 states × 11 years = 550 state-year observations,Legislation,legislation,,,"Examined 8 types of state firearm laws (permits, background checks, waiting periods) and a summed Gun Law Index","Waiting period, purchase permit, violent misdemeanor prohibition, relinquishment requirement, universal background checks, dealer licensing, registration, straw purchase laws",Yes – continuous index (0–8) based on law presence,No,Laws coded annually via legal review; enforcement not assessed,States without each law or lower index score,Fixed effects linear regression analyses,Gun laws= Handgun dealer licensing,Table 5,policing output,,,,,,"Annual, 2006–2016",,2.31,N/A,-1.23,5.85,N/A,0.2,↓ beneficial,No ,N/A,N/A ,Weak law states may undermine strong law states via cross-border flows; legal movement of firearms is limited,Guns flowed from weak law states (index ≈ 0) to strong law states (index > 4). Effect size greater in states enacting multiple new laws,,"the stuff in ""outcome name"" is more like the intervention, and ""crime"" should be the outcome (though it's not clear what ""crime"" means-- what are the units? what kind of crime? also the direction of effect is pretty suspicious again",flag,Firearm policy (index/strength measure),Policy environment index / composite score,System: measurement/index (policy strength),
,,,,,,,,,,,,,,,,,,,,,,,,,,,,,...,...= Waiting period for handgun purchase,...,policing output,...,,,,,...,,-1.94,...,-3.22,-0.67,...,0.003,↓ beneficial,...,...,,,,,,,,,,
,,,,,,,,,,,,,,,,,,,,,,,,,,,,,...,...= Permit required for firearm purchase,...,policing output,...,,,,,...,,-3.88,...,-6.01,-1.75,...,p < 0.0001,↓ beneficial,...,...,,,,,,,,,,
,,,,,,,,,,,,,,,,,,,,,,,,,,,,,...,"...= Handgun registration or sales
recordkeeping",...,policing output,...,,,,,...,,0.04,...,-1.15,1.23,...,0.95,↓ beneficial,...,...,,,,,,,,,,
,,,,,,,,,,,,,,,,,,,,,,,,,,,,,...,...= Violent misdemeanor prohibition,...,policing output,...,,,,,...,,-4.68,...,-7.82,-1.55,...,0.003,↓ beneficial,...,...,,,,,,,,,,
,,,,,,,,,,,,,,,,,,,,,,,,,,,,,...,"...= Relinquishment required when
disqualified",...,policing output,...,,,,,...,,-3.17,...,-4.95,-1.39,...,p < 0.0001,↓ beneficial,...,...,,,,,,,,,,
,,,,,,,,,,,,,,,,,,,,,,,,,,,,,...,...= Universal background check,...,policing output,...,,,,,...,,-0.38,...,-2.05,-1.29,...,0.66,↔ null,...,...,,,,,,,,,,
,,,,,,,,,,,,,,,,,,,,,,,,,,,,,...,"...= Straw purchase of handguns
criminalized",...,policing output,...,,,,,...,,− 1.66,...,-3.34,0.02,...,0.052,↔ null,...,...,,,,,,,,,,
,,,,,,,,,,,,,,,,,,,,,,,,,,,,,...,...= Gun law index,...,policing output,...,,,,,...,,-1.56,...,-3.06,-0.06,...,0.04,↔ null,...,...,,,,,,,,,,
,,,,,,,,,,,,,,,,,,,,,,,,,,,,,,,,,,,,,,,,,,,,,,,,,,,,,,,,,,
,,10.1007/s11292-024-09617-w,61,"Connealy, 2024","Connealy, Piza, Arietti, Mohler, Carter",2024,Chicago,"National Institute of Justice, grant number 2019-R2-CX-0004",Journal Article,Matched quasi experimental,police districts in the city,2012-2018,N/A,N/A,Urban,Police districts in Chicago,,25 police districts in Chicago,Technology based police intervention,policing,,,gunshot detection technology deployment,"acoustic sensors that detect gunfire, automatic alerts to dispatch, faster police response","staggered deployment across 11 phases, covering ~60% of Chicago",no,N/A,Police districts without GDT,staggered difference-in-difference Dynamic aggregate average treatment effects ,gun recovery,Table 2,policing output,gun recovery monthly counts,,,,,mothly over study period,,ATT = 12.331,3.502,5.468,19.194,p<.05,172.634,↓ beneficial,"Yes, phase specific & timing heterogeneity","Phase: significant increase in fatal shootings in 3 phases (3,5,7), part 1 gun crime decrease significantly in phase 4, gun recoveries significantly increase in 6 phases(2,3,4,5,6,10), significant decrease in phase 9, shots fired calls significantly decrease in 4 phases(3,7,8,11), non-fatal shootings significantly decrease in 3 phases, significantly decrease in 3.",Chicago Police Department standard operations,"Vocal opposition to Shot Spotter, high deployment and maintenance cost(8.8-12.3 million), political factors",,,looks good,,Other / unclear,Other / unclear,Other / unclear,
,,,,,,,,,,,,,,,,,,,,,,,,,,,,,...,fatal shooting,...,firearm mortality,fatal shooting monthly counts,,,,,...,,ATT = 0.91,0.821,-0.699,2.518,...,12.74,↔ null,...,...,,,,,,,,,,
,,,,,,,,,,,,,,,,,,,,,,,,,,,,,...,non-fatal shooting,...,non-firearm mortality,non-fatal shooting monthly counts,,,,,...,,ATT = 2.633,2.533,-2.332,7.597,...,36.862,↔ null,...,...,,,,,,,,,,
,,,,,,,,,,,,,,,,,,,,,,,,,,,,,...,part 1 gun crimes,...,firearm injury,part 1 gun crimes monthly counts,,,,,...,,ATT = 0.689,3.801,-6.76,8.138,...,9.646,↔ null,...,...,,,,,,,,,,
,,,,,,,,,,,,,,,,,,,,,,,,,,,,,...,shots fired CFS,...,shootings,shots fired CFS monthly counts,,,,,...,,ATT = 21.017,56.671,-90.056,132.09,...,294.238,↔ null,...,...,,,,,,,,,,
,,,,,,,,,,,,,,,,,,,,,,,,,,,,,,,,,,,,,,,,,,,,,,,,,,,,,,,,,,
,,10.1177/14732254211020138,62,Corburn 2022,"Corburn, J. et al. ",2021,"United States - California (Richmond, Sacramento, Stockton) and Texas (Fort Worth)",California Violence Intervention and Prevention (CalVIP) Grant Program,Journal Article ,Descriptive participatory case study (qualitative) ,City ,~ 2 years of observation (2017-2019),N/A,N/A,Urban ,"Low-income, high-violence communities in CA and TX. Youth consisted of mainly African American males (13-24 years) with a high risk of gun violence involvement. ","81% had a prior gun arrest, 60% had previous gunshot injury. ",N = 137 program partipcants (2019-2020 intake) ,Community-based violence interruption,community-based,,,"Advance Peace's ""Peacemaker Fellowship"" - a 18-month healing centered street outreach and mentorship model for high-risk youth. ","Street outreach, LifeMAPs, trauma-informed mentorship, conflict mediation, healing circles, milestone incentives, internships, travel, wraparound referrals ",Yes – daily 1-on-1 support and structured program over 18 months,Yes,"Staff tracked hours, referrals, and LifeMAP goals; fidelity supported through consistent NCA check-ins, service accompaniment, and performance milestones",N/A ,N/A,N/A ,N/A,N/A ,N/A,,,,,N/A ,,N/A,N/A,N/A,N/A ,N/A,N/A ,N/A,Yes - demographic breakdown at intake,N/A,"Sacramento & CA state funded AP in part via CalVIP and ""Break the Cycle of Violence Act""","Barriers: community mistrust, unstable housing, criminal records; Facilitators: credible messengers (NCAs), financial incentives, personalized mentoring",,,undecided how to extract qual data,flag-- should discuss qual a bit more at some point,Clinical counseling / screening,Clinical counseling / screening / decision support,Service: clinical counseling/screening (behavior change),
,,,,,,,,,,,,,,,,,,,,,,,,,,,,,,,,,,,,,,,,,,,,,,,,,,,,,,,,,,
,,10.1007/s11524-018-0273-3,63,Crifasi 2018,"Crifasi, C.K. et al. ",2018,United States - 136 large urban counties,The Joyce Foundation,Journal Article,Interrupted time series (quasi-experimental),County,32 years (1984–2015),N/A,N/A,Urban ,"Large U.S. counties classified as ""Large Central Metro"" and ""Large Fringe Metro"" with population > 200,000. ",N/A,"N = 4,352 county-years (136 counties × 32 years)",Legislation,legislation,,,"State-level firearm laws: Permit-to-purchase (PTP), comprehensive background checks (CBC-only), right-to-carry (RTC), stand your ground (SYG), and violent misdemeanor (VM) prohibitions",Law type indicator variables coded annually by implementation date,Yes – coded based on presence per year,No,N/A,Counties in states without the respective law in effect,Mixed effects Poisson regression,Effects of firearm laws on firearm homicide= Permit to purchase,Table 2 ,firearm homicide mortality,"Annual rate per 100,000",,,,,1984–2015,,0.86,N/A,0.82,0.9,<0.001,N/A ,↓ beneficial,N/A,N/A,Firearm ownership proxy included (firearm suicide / total suicide); other county- and state-level covariates controlled,CBC-only laws possibly harder to enforce; PTP more enforceable via direct police interaction,Time lags suggest pre-existing trends for CBC-only and VM laws; PTP showed consistent protective effect,,"outcome is incorrectly extracted-- need to note that it's firearm homicide in outcome definition. IRRs of 1 are null, right?",flag,Firearm policy / legal change,Background checks / permits to purchase / sales regulation,System: policy change (access-restricting/regulatory),
,,,,,,,,,,,,,,,,,,,,,,,,,,,,,...,Comprehensive background check only,...,firearm homicide mortality,...,,,,,...,,1.16,...,1.13,1.18,<0.001,...,↑ harmful,...,...,,,,,,,,,,
,,,,,,,,,,,,,,,,,,,,,,,,,,,,,...,Right to carry,...,firearm homicide mortality,...,,,,,...,,1.04,...,1.02,1.06,<0.001,...,↑ harmful,...,...,,,,,,,,,,
,,,,,,,,,,,,,,,,,,,,,,,,,,,,,...,Stand your ground,...,firearm homicide mortality,...,,,,,...,,1.07,...,1.05,1.1,<0.001,...,↑ harmful,...,...,,,,,,,,,,
,,,,,,,,,,,,,,,,,,,,,,,,,,,,,...,Violent misdemeanor prohibitions,...,firearm homicide mortality,...,,,,,...,,1.14,...,1.12,1.17,<0.001,...,↑ harmful,...,...,,,,,,,,,,
,,,,,,,,,,,,,,,,,,,,,,,,,,,,,...,County-level % population African American male youth. ,...,firearm homicide mortality,...,,,,,...,,1.53,...,1.49,1.57,<0.001,...,↑ harmful,...,...,,,,,,,,,,
,,,,,,,,,,,,,,,,,,,,,,,,,,,,,...,County-level poverty rate,...,firearm homicide mortality,...,,,,,...,,1,...,1,1,<0.001,...,↑ harmful,...,...,,,,,,,,,,
,,,,,,,,,,,,,,,,,,,,,,,,,,,,,...,County-level unemployment rate,...,firearm homicide mortality,...,,,,,...,,1,...,1,1.01,<0.001,...,↑ harmful,...,...,,,,,,,,,,
,,,,,,,,,,,,,,,,,,,,,,,,,,,,,...,State-level incarceration rate,...,firearm homicide mortality,...,,,,,...,,1,...,1,1,<0.001,...,↑ harmful,...,...,,,,,,,,,,
,,,,,,,,,,,,,,,,,,,,,,,,,,,,,...,State-level law enforcement expenditures,...,firearm homicide mortality,...,,,,,...,,0.99,...,0.99,0.99,<0.001,...,↓ beneficial,...,...,,,,,,,,,,
,,,,,,,,,,,,,,,,,,,,,,,,,,,,,,,,,,,,,,,,,,,,,,,,,,,,,,,,,,
,,10.1136/injuryprev-2017-042582,64,Crifasi 2019,"Crifasi, C.K. et al. ",2019,United States – Pennsylvania and Maryland,The Joyce Foundation,Journal Article ,"Before–after (pre-post, descriptive)",State,9 years (PA: 2006–2015); 19 years (MD: 1996–2014),N/A,N/A,Mixed,Statewide prosecution data from Pennsylvania and Maryland. Included criminal defendants prosecuted for firearm law violations,PA Straw Purchase: Mean = 69.1/year; MD CBC violations: Mean = 44.4/year,PA = 10 years; MD = 19 years of prosecution data,Legislation,legislation,,,(1) PA’s Brad Fox Law (Dec 2012): mandatory minimum for multiple straw purchases; (2) MD’s 2006 court ruling narrowed CBC enforcement,"Legal language clarification (PA), judicial reinterpretation (MD)",Yes – legal changes had immediate effect on enforcement environments,No,Examined prosecution trends as proxy for enforcement intensity; law implementation dates used for pre-post comparison,Pre-law periods (2006–2012 in PA; 1996–2005 in MD),Pre-post mean comparison (t-test),Brad Fox Law enactment (straw purchase violations) = Pre-event,Table 1 ,firearm behaviors and attitudes,Annual number of prosecutions under PA straw purchase law,,,,,Pre: 2006–2012,,69.14±32.09,N/A,N/A,N/A,N/A,N/A,N/A,No,N/A,PA had outreach and education programs starting 2009; MD enacted handgun purchaser licensing law in 2013,N/A,Highlights how enforcement is shaped not just by legislation but also court rulings and public/political pressure. The study uses prosecution data but does not report arrest or conviction outcomes,,the +- value in the effect size is the standard error. Also I think all we care about is the pre-post difference?,flag,Firearm policy / legal change,Other firearm policy/legal,System: policy change (access-restricting/regulatory),
,,,,,,,,,,,,,,,,,,,,,,,,,,,,,...,...= Post-event,...,firearm behaviors and attitudes,...,,,,,Post: 2013–2015,,1101±411.81,N/A,N/A,N/A,N/A,N/A,N/A,...,...,,,,,,,,,,
,,,,,,,,,,,,,,,,,,,,,,,,,,,,,...,"...=Post-pre difference in
annual means",...,firearm behaviors and attitudes,...,,,,,2006-2015,,1031.86,N/A,N/A,N/A,0.003,,↑ harmful,...,...,,,,,,,,,,
,,,,,,,,,,,,,,,,,,,,,,,,,,,,,...,Chow v State decision (CBC law violations) = Pre-event,...,firearm behaviors and attitudes,Annual number of prosecutions under MD CBC law,,,,,Pre: 1996–2005,,44.40±21.04,N/A,N/A,N/A,N/A,N/A,N/A,...,...,,,,,,,,,,
,,,,,,,,,,,,,,,,,,,,,,,,,,,,,...,...= Post-event,...,firearm behaviors and attitudes,...,,,,,Post: 2007–2014,,23.88±11.90,N/A,N/A,N/A,N/A,N/A,N/A,...,...,,,,,,,,,,
,,,,,,,,,,,,,,,,,,,,,,,,,,,,,...,"...=Post-pre difference in
annual means",...,firearm behaviors and attitudes,...,,,,,1996-2014,,−20.52,N/A,N/A,N/A,0.026,N/A,↓ beneficial,...,...,,,,,,,,,,
,,,,,,,,,,,,,,,,,,,,,,,,,,,,,,,,,,,,,,,,,,,,,,,,,,,,,,,,,,
,,10.1016/j.ypmed.2015.07.013,65,Crifasi 2015,"Crifasi, C.K. et al.",2015,United States - Conneticut and Missouri,The Joyce Foundation,Journal Article ,Quasi-experimental; synthetic control plus negative-binomial regression,State–year,1981–2012,N/A,N/A,Mixed (all US states),"Annual, state‐level suicide rates from WISQARS (1981–2007) and NAPHSIS (2008–2012). All deaths by suicide, stratified firearm vs non-firearm and by age 20–29 vs total population",Synthetic control pre-law RMSPE for Connecticut (firearm = 0.0239; non-firearm = 1.064),50 states × 32 years = 1 600 state-year observations,Legislation (permit-to-purchase handgun [PTP] law),legislation,,,CT: Mandatory PTP law effective Oct 1995—background check + 8-hr safety course required; MO: Repeal of PTP law effective Aug 2007,"Background checks, safety training, application wait period; repeal removes these requirements","Fractional indicator for year in which law change occurred, then 0/1 thereafter",N/A,Uniform statewide enactment/repeal; synthetic controls weighted to match pre-law trends,Synthetic controls derived from donor pools of states without PTP in 1995 (CT) or with PTP in 2007 (MO),Descriptive Statistics,Firearm Suicide Rate - CT,Table 1 ,firearm suicide mortality,Age-adjusted firearm suicides per 100 000,,,,,1981,,3.68,N/A,N/A,N/A,N/A,N/A,↔ null,Yes (state),N/A,"Adjusted for unemployment, poverty, demographics (race, education, marital, veteran, MSA), ethanol consumption, religious adherence, and other firearm laws (mental-health parity)",N/A,CT’s PTP enactment → 15.4 % ↓ firearm suicides in 1996–2005 vs synthetic control; non-firearm suicides ↓ 11.9 %,,the stuff in notes seems like a more useful effect size to me,flag,Firearm policy / legal change,Background checks / permits to purchase / sales regulation,System: policy change (access-expanding/permissive),
,,,,,,,,,,,,,,,,,,,,,,,,,,,,,...,...,...,firearm suicide mortality,...,,,,,1987,,4.21,...,...,...,...,...,↔ null,...,...,,,MO’s repeal → 16.1 % ↑ firearm suicides in 2008–2012 vs synthetic control; non-firearm suicides showed no unique change,,,,,,,
,,,,,,,,,,,,,,,,,,,,,,,,,,,,,...,...,...,firearm suicide mortality,...,,,,,1994,,4.41,...,...,...,...,...,↔ null,...,...,,,"Negative-binomial regression: CT enactment associated with IRR 0.88 (95 % CI 0.81–0.96, p = 0.004) for all-ages firearm suicides; for age 20–29 IRR 0.70 (0.57–0.84, p < 0.001). MO repeal showed null IRRs (firearm IRR 1.02, 0.96–1.09; age 20–29 IRR 0.97, 0.84–1.11)",,,,,,,
,,,,,,,,,,,,,,,,,,,,,,,,,,,,,...,Non-Firearm Suicide Rate - CT,...,non-firearm suicide mortality,Age-adjusted non-firearm suicides per 100 000,,,,,1981,,4.93,...,...,...,...,...,↔ null,...,...,,,,,,,,,,
,,,,,,,,,,,,,,,,,,,,,,,,,,,,,...,...,...,non-firearm suicide mortality,...,,,,,1987,,5.41,...,...,...,...,...,↔ null,...,...,,,,,,,,,,
,,,,,,,,,,,,,,,,,,,,,,,,,,,,,...,...,...,non-firearm suicide mortality,...,,,,,1994,,5.13,...,...,...,...,...,↔ null,...,...,,,,,,,,,,
,,,,,,,,,,,,,,,,,,,,,,,,,,,,,...,Firearm Suicide Rate - MO,...,firearm suicide mortality,Age-adjusted firearm suicides per 100 000,,,,,1981,,7.48,...,...,...,...,...,↔ null,...,...,,,,,,,,,,
,,,,,,,,,,,,,,,,,,,,,,,,,,,,,...,...,...,firearm suicide mortality,...,,,,,1987,,8.43,...,...,...,...,...,↔ null,...,...,,,,,,,,,,
,,,,,,,,,,,,,,,,,,,,,,,,,,,,,...,...,...,firearm suicide mortality,...,,,,,1994,,7.55,...,...,...,...,...,↔ null,...,...,,,,,,,,,,
,,,,,,,,,,,,,,,,,,,,,,,,,,,,,...,Non-Firearm Suicide Rate - MO,...,non-firearm suicide mortality,Age-adjusted non-firearm suicides per 100 000,,,,,1981,,4.41,...,...,...,...,...,↔ null,...,...,,,,,,,,,,
,,,,,,,,,,,,,,,,,,,,,,,,,,,,,...,...,...,non-firearm suicide mortality,...,,,,,1987,,4.38,...,...,...,...,...,↔ null,...,...,,,,,,,,,,
,,,,,,,,,,,,,,,,,,,,,,,,,,,,,...,...,...,non-firearm suicide mortality,...,,,,,1994,,5.77,...,...,...,...,...,↔ null,...,...,,,,,,,,,,
,,,,,,,,,,,,,,,,,,,,,,,,,,,,,,,,,,,,,,,,,,,,,,,,,,,,,,,,,,
,,10.1136/injuryprev-2015-041825,66,Crifasi 2016,"Crifasi, C.K. et al.",2016,United States - National ,NICHD and NIOSH grant,Journal Article ,Pooled time series and cross-sectional analysis using fixed-effects negative binomial regression,State,30 years for fatal assaults (1984–2013); 16 years for nonfatal assaults (1998–2013),N/A,N/A,Mixed,State-level analysis using national data on officer assaults. Law enforcement officers (LEOs) across all U.S. states,N/A,"Fatal: 862 cases; Nonfatal: 2,022 cases over multiple years",Legislation,legislation,,,"Three law types evaluated: Right-to-Carry (RTC), Three-Strikes, and Permit-to-Purchase (PTP) handgun laws","RTC = permissive carry without discretion; PTP = in-person application, universal background check; Three-Strikes = mandatory sentencing",Yes – binary policy variables modeled for presence each year,N/A,Laws identified via legal review and coded by year; Missouri repeal (2007) and Connecticut law (1995) featured prominently,States without respective policies or before law change,Negative binomial regression (state & year fixed effects),Fatal law enforcement officer (LEO) assualts - Permissive RTC Total ,Table 3 ,firearm legal intervention mortality,Annual state-level number of fatal LEO assaults,,,,,1984–2013,,1.02,...,0.81,1.29,0.873,N/A,↔ null,Yes – by weapon type (handgun vs. non-handgun),N/A,"Controlled for violent crime, gun availability, law enforcement expenditures, and demographic covariates",Underreporting possible in LEOKA dataset; policy effects might lag enactment,First study to assess PTP and nonfatal LEO assaults; three-strikes laws appear to increase risk to officers,,"again, the stuff in ""outcome names"" is probably more accurately intervention",,Firearm policy (index/strength measure),Policy environment index / composite score,System: measurement/index (policy strength),
,,,,,,,,,,,,,,,,,,,,,,,,,,,,,...,... - Permissive RTC Handgun ,...,firearm legal intervention mortality,...,,,,,...,,0.92,...,0.7,1.21,0.569,...,↔ null,...,...,,,,,,,,,,
,,,,,,,,,,,,,,,,,,,,,,,,,,,,,...,... - Permissive RTC Non-Handgun ,...,firearm legal intervention mortality,...,,,,,...,,1.27,...,0.85,1.88,0.241,...,↔ null,...,...,,,,,,,,,,
,,,,,,,,,,,,,,,,,,,,,,,,,,,,,...,Fatal law enforcement officer (LEO) assualts - Three Strikes Total ,...,firearm legal intervention mortality,...,,,,,...,,1.33,...,1.05,1.67,0.016,...,↑ harmful,...,...,,,,,,,,,,
,,,,,,,,,,,,,,,,,,,,,,,,,,,,,...,... - Three Strikes Handgun ,...,firearm legal intervention mortality,...,,,,,...,,1.27,...,0.98,1.67,0.076,...,↑ harmful (borderline),...,...,,,,,,,,,,
,,,,,,,,,,,,,,,,,,,,,,,,,,,,,...,... - Three Strikes Non-Handgun ,...,firearm legal intervention mortality,...,,,,,...,,1.62,...,1.08,2.44,0.02,...,↑ harmful,...,...,,,,,,,,,,
,,,,,,,,,,,,,,,,,,,,,,,,,,,,,...,Fatal law enforcement officer (LEO) assualts - Missouri’s PTP repeal,...,firearm legal intervention mortality,...,,,,,...,,1.23,...,0.48,3.14,0.669,...,↔ null,...,...,,,,,,,,,,
,,,,,,,,,,,,,,,,,,,,,,,,,,,,,...,... - Missouri’s PTP repeal Handgun ,...,firearm legal intervention mortality,...,,,,,...,,1.52,...,0.51,4.46,0.451,...,↔ null,...,...,,,,,,,,,,
,,,,,,,,,,,,,,,,,,,,,,,,,,,,,...,... - Missouri’s PTP repeal Non-Handgun ,...,firearm legal intervention mortality,...,,,,,...,,0.92,...,0.19,4.52,0.917,...,↔ null,...,...,,,,,,,,,,
,,,,,,,,,,,,,,,,,,,,,,,,,,,,,...,Fatal law enforcement officer (LEO) assualts - Connecticut’s PTP law,...,firearm legal intervention mortality,...,,,,,...,,0.45,...,0.1,2.08,0.307,...,↔ null,...,...,,,,,,,,,,
,,,,,,,,,,,,,,,,,,,,,,,,,,,,,...,... - Connecticut’s PTP law Handgun ,...,firearm legal intervention mortality,...,,,,,...,,0.2,...,0.02,1.9,0.159,...,↔ null,...,...,,,,,,,,,,
,,,,,,,,,,,,,,,,,,,,,,,,,,,,,...,... - Connecticut’s PTP law Non-Handgun ,...,firearm legal intervention mortality,...,,,,,...,,1.67,...,0.18,15.18,0.65,...,↔ null,...,...,,,,,,,,,,
,,,,,,,,,,,,,,,,,,,,,,,,,,,,,,,,,,,,,,,,,,,,,,,,,,,,,,,,,,
,,10.1186/s40621-023-00439-4,67,Crifasi 2023,"Crifasi, C.K. et al.",2023,United States - National ,Joyce Foundation; New Venture Fund; NICHD,Journal Article ,Cross-sectional Poisson regression,State ,6 years (2015–2020),N/A,N/A,Mixed,"State-level data across all 50 U.S. states. Individuals injured or killed in officer-involved shootings (OIS), both fatal and nonfatal",N/A,600 state-half-year observations (50 states × 2 periods/year × 6 years),Legislation,legislation,,,Permit-to-purchase (PTP) handgun laws evaluated alongside other firearm laws,"PTP requires in-person application, universal background check, and licensing prior to gun purchase",Yes – presence/absence of policy coded for each half-year,N/A,PTP coded based on legal research; implementation timing not studied longitudinally,States without PTP law,Cross-sectional Poisson regression,Permit-to-purchase,Table 1,firearm legal intervention mortality,Associations between firearm laws and officer-involved shootings (OIS) fatal and nonfatal shootings by police,,,,,2015–2020,,0.72,...,0.64,0.81,< 0.001,...,↓ beneficial,No,N/A,"Controlled for multiple firearm laws in one model; adjusted for demographics, incarceration, alcohol use, LE presence",No info on enforcement intensity; policies treated as binary (in force or not),,,looks good,,Firearm policy (index/strength measure),Policy environment index / composite score,System: measurement/index (policy strength),
,,,,,,,,,,,,,,,,,,,,,,,,,,,,,...,Comprehensive background check only ,...,firearm legal intervention mortality,...,,,,,...,,1.12,...,1.01,1.25,0.029,...,↑ harmful,...,...,,,,,,,,,,
,,,,,,,,,,,,,,,,,,,,,,,,,,,,,...,"Shall issue ('May Issue’ as reference in
three-level categorical variable)",...,firearm legal intervention mortality,...,,,,,...,,1.34,...,1.17,1.53,< 0.001,...,↑ harmful,...,...,,,,,,,,,,
,,,,,,,,,,,,,,,,,,,,,,,,,,,,,...,"Permitless ('May Issue’ as reference in
three-level categorical variable)",...,firearm legal intervention mortality,...,,,,,...,,1.61,...,1.35,1.91,< 0.001,...,↑ harmful,...,...,,,,,,,,,,
,,,,,,,,,,,,,,,,,,,,,,,,,,,,,...,Stand your ground,...,firearm legal intervention mortality,...,,,,,...,,0.93,...,0.86,1.01,0.098,...,↔ null (borderline),...,...,,,,,,,,,,
,,,,,,,,,,,,,,,,,,,,,,,,,,,,,...,Violent misdemeanor prohibitions,...,firearm legal intervention mortality,...,,,,,...,,1.02,...,0.93,1.13,0.576,...,↔ null,...,...,,,,,,,,,,
,,,,,,,,,,,,,,,,,,,,,,,,,,,,,...,Extreme risk protection orders,...,firearm legal intervention mortality,...,,,,,...,,0.98,...,0.88,1.08,0.663,...,↔ null,...,...,,,,,,,,,,
,,,,,,,,,,,,,,,,,,,,,,,,,,,,,,,,,,,,,,,,,,,,,,,,,,,,,,,,,,
,,10.1007/s11524-018-0260-8,68,Culyba 2018,"Culyba, A.J. et al. ",2018,"United States - Philadelphia, PA",NIH grants ,Journal Article ,Population-based case-control,,Person,N/A,N/A,Urban,"Low-resource neighborhoods in Philadelphia, PA. Males aged 10–24 years who experienced assault injury or served as matched controls",N/A,143 gun assault cases; 206 non-gun assault cases; 283 controls,Community-based / psychosocial support,community-based,,,"Assessed presence of adolescent-adult connections (positive adult support, familial support, parental support)","Survey-defined adult support, family genograms for supportive family/parent relationships",No,N/A,"Study exposure was measured, not delivered as an intervention",Age- and race-matched community controls via random-digit dialing,Conditional logistic regression,Gunshot assault injury - Positive adult connection ,Table 2,firearm injury,OR of gunshot injury among those with adult connection,,,,,At time of enrollment,,1.23,N/A,0.66,2.28,0.52,,↔ null,Yes – stratified by level of prior violence involvement,Only high-prior-violence youth showed significant associations; direction was reversed in low group,N/A,Observational study (potential reporting and recall bias),,,looks good,,Clinical counseling / screening,Clinical counseling / screening / decision support,Service: clinical counseling/screening (behavior change),
,,,,,,,,,,,,,,,,,,,,,,,,,,,,,...,... - Low prior violence involvement ,...,firearm injury,...,,,,,...,,0.92,...,0.34,2.44,0.86,,↔ null,...,...,,,,,,,,,,
,,,,,,,,,,,,,,,,,,,,,,,,,,,,,...,... - High prior violence involvement,...,firearm injury,...,,,,,...,,2.46,...,0.81,7.49,0.11,,↔ null,...,...,,,,,,,,,,
,,,,,,,,,,,,,,,,,,,,,,,,,,,,,...,Gunshot assault injury - Supportive adult familial connection,...,firearm injury,OR of gunshot injury among those with adult connection,,,,,...,,1.96,...,1.03,3.73,0.04,,↔ null,...,...,,,,,,,,,,
,,,,,,,,,,,,,,,,,,,,,,,,,,,,,...,... - Low prior violence involvement ,...,firearm injury,...,,,,,...,,1.43,...,0.53,3.86,0.48,,↔ null,...,...,,,,,,,,,,
,,,,,,,,,,,,,,,,,,,,,,,,,,,,,...,... - High prior violence involvement ,...,firearm injury,...,,,,,...,,4.01,...,1.36,11.8,0.01,,↑ harmful,...,...,,,,,,,,,,
,,,,,,,,,,,,,,,,,,,,,,,,,,,,,...,Gunshot assault injury - Supportive parental connection ,...,firearm injury,OR of gunshot injury among those with adult connection,,,,,...,,1.67,...,0.89,3.13,0.11,,↔ null,...,...,,,,,,,,,,
,,,,,,,,,,,,,,,,,,,,,,,,,,,,,...,... - Low prior violence involvement ,...,firearm injury,...,,,,,...,,1.19,...,0.46,3.06,0.72,,↔ null,...,...,,,,,,,,,,
,,,,,,,,,,,,,,,,,,,,,,,,,,,,,...,... - High prior violence involvement ,...,firearm injury,...,,,,,...,,3,...,1.01,8.95,0.049,,↑ harmful,...,...,,,,,,,,,,
,,,,,,,,,,,,,,,,,,,,,,,,,,,,,...,Non-gun assault injury - Positive adult connection ,...,firearm injury,OR of gunshot injury among those with adult connection,,,,,...,,1.44,...,0.75,2.77,0.28,,↔ null,...,...,,,,,,,,,,
,,,,,,,,,,,,,,,,,,,,,,,,,,,,,...,... - Low prior violence involvement ,...,firearm injury,...,,,,,...,,1.96,...,0.73,5.28,0.18,,↔ null,...,...,,,,,,,,,,
,,,,,,,,,,,,,,,,,,,,,,,,,,,,,...,... - High prior violence involvement,...,firearm injury,...,,,,,...,,1.59,...,0.54,4.67,0.4,,↑ harmful,...,...,,,,,,,,,,
,,,,,,,,,,,,,,,,,,,,,,,,,,,,,...,Non-gun assault injury - Supportive adult familial connection,...,firearm injury,OR of gunshot injury among those with adult connection,,,,,...,,1.91,...,1.09,3.34,0.03,,↔ null,...,...,,,,,,,,,,
,,,,,,,,,,,,,,,,,,,,,,,,,,,,,...,... - Low prior violence involvement ,...,firearm injury,...,,,,,...,,1.19,...,0.55,2.55,0.66,,↔ null,...,...,,,,,,,,,,
,,,,,,,,,,,,,,,,,,,,,,,,,,,,,...,... - High prior violence involvement ,...,firearm injury,...,,,,,...,,4.22,...,1.48,12.04,0.007,,↑ harmful,...,...,,,,,,,,,,
,,,,,,,,,,,,,,,,,,,,,,,,,,,,,...,Non-gun assault injury - Supportive parental connection ,...,firearm injury,OR of gunshot injury among those with adult connection,,,,,...,,1.69,...,0.98,2.91,0.06,,↔ null,...,...,,,,,,,,,,
,,,,,,,,,,,,,,,,,,,,,,,,,,,,,...,... - Low prior violence involvement ,...,firearm injury,...,,,,,...,,1.21,...,0.58,2.53,0.6,,↔ null,...,...,,,,,,,,,,
,,,,,,,,,,,,,,,,,,,,,,,,,,,,,...,... - High prior violence involvement ,...,firearm injury,...,,,,,...,,2.86,...,1.02,7.97,0.045,,↑ harmful,...,...,,,,,,,,,,
,,,,,,,,,,,,,,,,,,,,,,,,,,,,,,,,,,,,,,,,,,,,,,,,,,,,,,,,,,
,,10.1177/00111287221077629,69,D’Alessio 2023,"D’Alessio, S.J. et al. ",2022,United States – 95 cities in 15 states,N/A,Journal Article ,Two-way fixed-effects panel model,City,14 years (2002–2015),N/A,N/A,Urban ,"Mid-to-large U.S. cities with ≥ 50,000 population across 15 states. Reported criminal incidents from the National Incident-Based Reporting System (NIBRS)",~22% of incidents involved firearm use,"1,330 city-year observations (95 cities × 14 years)",Legislation,legislation,,,State-level passage of Stand Your Ground (SYG) or Castle Doctrine (CD) self-defense laws,Removal of duty to retreat in public (SYG) or home (CD),"Yes – treated as 0 (none), 0.5 (initial year), 1 (post-law years)",N/A,Exposure assigned by city based on state law implementation,Cities without SYG or CD laws during the study period,Model 1: Fixed versus Random Effects (Hausman),Firearm Crime - SYG law,Table 3 ,firearm crime,% of reported incidents involving a firearm,,,,,2002–2015,,1.211,0.48,N/A,N/A,0.05,N/A,↑ harmful,Yes – by racial composition of offenders,Larger increase in firearm use among Black offenders post-law,N/A,N/A,,,"what's currently in ""outcome name"" is more accurately intervention name, and outcome should be more like ""firearm crime"". unclear to me why sometimes the outcome name is an intervention and other times it's an outcome. Some of these effect sizes seem beneficial, not harmful?",check,Firearm policy / legal change,Stand-your-ground / self-defense immunity,System: policy change (access-restricting/regulatory),
,,,,,,,,,,,,,,,,,,,,,,,,,,,,,...,Castle law,...,firearm crime,...,,,,,...,,3.563,0.972,...,...,0.001,...,↑ harmful,...,...,,,,,,,,,,
,,,,,,,,,,,,,,,,,,,,,,,,,,,,,...,Offender male,...,firearm crime,...,,,,,...,,0.331,0.038,...,...,0.001,...,↑ harmful,...,...,,,,,,,,,,
,,,,,,,,,,,,,,,,,,,,,,,,,,,,,...,Offender black ,...,firearm crime,...,,,,,...,,0.161,0.027,...,...,0.001,...,↑ harmful,...,...,,,,,,,,,,
,,,,,,,,,,,,,,,,,,,,,,,,,,,,,...,Offender age 16 to 25,...,firearm crime,...,,,,,...,,0.118,0.027,...,...,0.001,...,↑ harmful,...,...,,,,,,,,,,
,,,,,,,,,,,,,,,,,,,,,,,,,,,,,...,Co-offenders,...,firearm crime,...,,,,,...,,0.06,0.028,...,...,0.05,...,↑ harmful,...,...,,,,,,,,,,
,,,,,,,,,,,,,,,,,,,,,,,,,,,,,...,Residential crime,...,firearm crime,...,,,,,...,,–.116,0.023,...,...,0.001,...,↑ harmful,...,...,,,,,,,,,,
,,,,,,,,,,,,,,,,,,,,,,,,,,,,,...,Street crime,...,firearm crime,...,,,,,...,,0.082,0.033,...,...,0.05,...,↑ harmful,...,...,,,,,,,,,,
,,,,,,,,,,,,,,,,,,,,,,,,,,,,,Model 2: Fixed versus Random Effects (Hausman),Firearm Crime - SYG law,...,firearm crime,...,,,,,...,,1.074,0.476,...,...,0.05,...,↑ harmful,...,...,,,,,,,,,,
,,,,,,,,,,,,,,,,,,,,,,,,,,,,,...,Castle law,...,firearm crime,...,,,,,...,,1.492,1.031,...,...,N/A,...,↑ harmful,...,...,,,,,,,,,,
,,,,,,,,,,,,,,,,,,,,,,,,,,,,,...,Offender male,...,firearm crime,...,,,,,...,,0.329,0.038,...,...,0.001,...,↑ harmful,...,...,,,,,,,,,,
,,,,,,,,,,,,,,,,,,,,,,,,,,,,,...,Offender black ,...,firearm crime,...,,,,,...,,0.146,0.027,...,...,0.001,...,↑ harmful,...,...,,,,,,,,,,
,,,,,,,,,,,,,,,,,,,,,,,,,,,,,...,Offender age 16 to 25,...,firearm crime,...,,,,,...,,0.104,0.027,...,...,0.001,...,↑ harmful,...,...,,,,,,,,,,
,,,,,,,,,,,,,,,,,,,,,,,,,,,,,...,Co-offenders,...,firearm crime,...,,,,,...,,0.06,0.028,...,...,0.05,...,↑ harmful,...,...,,,,,,,,,,
,,,,,,,,,,,,,,,,,,,,,,,,,,,,,...,Residential crime,...,firearm crime,...,,,,,...,,–.114,0.023,...,...,0.001,...,↑ harmful,...,...,,,,,,,,,,
,,,,,,,,,,,,,,,,,,,,,,,,,,,,,...,Street crime,...,firearm crime,...,,,,,...,,0.092,0.033,...,...,0.01,...,↑ harmful,...,...,,,,,,,,,,
,,,,,,,,,,,,,,,,,,,,,,,,,,,,,,,,,,,,,,,,,,,,,,,,,,,,,,,,,,
,,10.1016/j.puhip.2021.100218,70,Das 2021,"Das, A. et al. ",2021,United States - National ,NIMH grant ,Journal Article ,Panel longitudinal study with fixed-effects negative binomial regression,State,17 years (2000–2016),N/A,N/A,Mixed,"50 US states. All suicides by firearm, stratified by race/ethnicity and gender",Mean 376.2 suicides by firearm per state-year,"319,919 firearm suicides; 8,500 state-year-race-gender strata",Legislation,legislation,,,"Composite index of permissiveness of firearm laws (0 = restrictive to 100 = permissive), incorporating over 13 law types and pro-gun cultural markers","Includes open carry, stand-your-ground, machine gun laws, storage requirements",Yes – 0 to 100 scale,N/A,Exposure derived from NRA-endorsed Traveler’s Guide to Firearm Laws; used annually at state level,States with more restrictive laws over time,Fixed effects negative binomial regression,Suicide by Firearm - Permissiveness of state firearm laws,Table 3 ,firearm suicide mortality,Count of deaths from ICD-10 codes X72–X74,,,,,"Annual, 2000–2016 ",,1.02,N/A,1.01,1.03,0.001,N/A,↑ harmful,Yes - stratified by race/ethnicity and gender,N/A,"Adjusted for year effects, mental health spending, income inequality, poverty, and education",N/A,,,some of these effect sizes seem beneficial?,check,Firearm policy (index/strength measure),Policy environment index / composite score,System: measurement/index (policy strength),
,,,,,,,,,,,,,,,,,,,,,,,,,,,,,...,Population at <200% of the federal poverty line (%),...,firearm suicide mortality,...,,,,,...,,0.99,...,0.99,1.01,,...,↑ harmful,...,...,,,,,,,,,,
,,,,,,,,,,,,,,,,,,,,,,,,,,,,,...,Population graduated from high school (%),...,firearm suicide mortality,...,,,,,...,,0.99,...,0.99,1,,...,↑ harmful,...,...,,,,,,,,,,
,,,,,,,,,,,,,,,,,,,,,,,,,,,,,...,Per capita mental health expenditure ($),...,firearm suicide mortality,...,,,,,...,,0.99,...,0.99,0.99,0.001,...,↑ harmful,...,...,,,,,,,,,,
,,,,,,,,,,,,,,,,,,,,,,,,,,,,,...,Gini index ,...,firearm suicide mortality,...,,,,,...,,0.93,...,0.66,1.29,,...,↑ harmful,...,...,,,,,,,,,,
,,,,,,,,,,,,,,,,,,,,,,,,,,,,,,,,,,,,,,,,,,,,,,,,,,,,,,,,,,
,,10.1016/j.jcrimjus.2024.102233,71,DeBiasi 2024,"De Biasi, A.",2024,"United States - Detroit, MI",National Collaborative on Gun Violence Research,Journal Article ,Quasi-experimental (coarsened exact matching with logistic regression),Shooting case,Jan 2017–Aug 2021,N/A,N/A,Urban ,"Detroit Police Department (DPD) fatal and nonfatal shooting investigations. Shooting cases with NIBIN leads; excludes self-inflicted or accidental shootings
",8% of control-period cases were cleared after a NIBIN lead,"952 cases (235 fatal, 717 nonfatal)",Policing ,policing,,,Establishment of the Detroit Crime Gun Intelligence Center (CGIC) to improve timeliness and intelligence depth of NIBIN reports,"NIBIN processing, advanced intelligence (social media, cell data), interagency collaboration",Full CGIC implementation with in-house NIBIN reviews and advanced intelligence from 2020 onward,Yes ,"Timeline tracked key steps in CGIC capacity; partnership with national NIBIN center (NNCTC), hiring/training of analysts, and upgrades to data systems","Pre-intervention cases with NIBIN leads (2017–Aug 2018), before CGIC operations (BASELINE)",Logistic regression with matching,Shooting case clearance (post-NIBIN; Full treatment model ,Table 5 ,policing output,Binary: Case cleared after NIBIN lead vs. not cleared,,,,,Full treatment period (Sept 2019–Aug 2021),,4.84,2.19,N/A,N/A,0.001,N=381; 211 treatment vs 170 control cases,↓ beneficial,No,Effect was stronger for advanced intelligence period,"Some impact of COVID-19 noted, but mitigated by CGIC structure","Facilitators included timely NIBIN reviews (24–48h), trained analysts, and NNCTC support",,,I don't understand what this outcome unit is. Time?,check,Other / unclear,Other / unclear,Other / unclear,
,,,,,,,,,,,,,,,,,,,,,,,,,,,,,...,Case clearance after NIBIN lead - fundamental intelligence period,...,policing output,...,,,,,Sept 2019–Jan 2020,,3.25,2.52,...,...,0.13,N=87; 28 treatment vs 59 control cases,↓ beneficial,...,...,,,,,,,,,,
,,,,,,,,,,,,,,,,,,,,,,,,,,,,,...,Case clearance after NIBIN lead - advanced intelligence period,...,policing output,...,,,,,Feb 2020–Aug 2021,,3.66,1.96,...,...,0.05,N=338; 180 treatment vs 158 control cases,↓ beneficial,...,...,,,,,,,,,,
,,,,,,,,,,,,,,,,,,,,,,,,,,,,,,,,,,,,,,,,,,,,,,,,,,,,,,,,,,
,,10.1001/jamanetworkopen.2022.0077,72,DegliEsposti 2022,"Degli Esposti, M. et al. ",2022,United States - 41 states ,The Joyce Foundation ,Journal Article ,Interrupted time series (multiple-baseline and location ITS) ,State,18 years (1999–2017),N/A,N/A,Mixed,"23 states that enacted SYG laws vs. 18 states that did not. Included a general US population; subgroups by race, age, and sex of decedents","0.55 homicides / 100,000 in SYG states; 0.31 in non-SYG","N = 248,358 homicides (170,659 firearm) across 41 states",Legislation,legislation,,,Enactment of stand-your-ground (SYG) laws that expand legal immunity for use of deadly force in public,Removal of duty to retreat; legal immunity for use of force,Yes – 23 states enacted SYG statutes between 2000–2016,Yes ,States included only if they enacted laws by statute (not case law); some southern states implemented early (2005–2007),States with no SYG law enacted during the study period (Non-SYG states; 1999-2017 (n = 18)),Quasi-Poisson regression models,Homicide rate (overall),Table (Main),overall homicide mortality,"Monthly rate / 100,000",,,,,1999-2017,,0.55,0.25,N/A,N/A,0.001,N/A,↑ harmful,"Yes – race, age, sex",Effect higher among white populations (IRR = 1.10) and Males (1.08); not significant for females (1.02),Variation across states; other concurrent state-specific trends and policies considered in modeling,Early adoption in Southern states; public controversies; national lobbying influence,,,Unclear to me what a before law or after law effect size is. Is it just a measurement? Or was it modeled?,check,Firearm policy / legal change,Stand-your-ground / self-defense immunity,System: policy change (access-expanding/permissive),
,,,,,,,,,,,,,,,,,,,,,,,,,,,,,...,...,...,overall homicide mortality,...,,,,,Before law,,0.54,0.26,...,...,0.001,,↑ harmful,...,...,,,,,,,,,,
,,,,,,,,,,,,,,,,,,,,,,,,,,,,,...,...,...,overall homicide mortality,...,,,,,After law,,0.55,0.25,...,...,0.001,,↑ harmful,...,...,,,,,,,,,,
,,,,,,,,,,,,,,,,,,,,,,,,,,,,,...,Firearm homicide rate (overall),...,firearm homicide mortality,...,,,,,1999-2017,,0.38,0.21,...,...,0.01,,↑ harmful,...,...,,,,,,,,,,
,,,,,,,,,,,,,,,,,,,,,,,,,,,,,...,...,...,firearm homicide mortality,...,,,,,Before law,,0.36,0.2,...,...,0.01,,↑ harmful,...,...,,,,,,,,,,
,,,,,,,,,,,,,,,,,,,,,,,,,,,,,...,...,...,firearm homicide mortality,...,,,,,After law,,0.39,0.22,...,...,0.01,,↑ harmful,...,...,,,,,,,,,,
,,,,,,,,,,,,,,,,,,,,,,,,,,,,,,,,,,,,,,,,,,,,,,,,,,,,,,,,,,
,,10.1136/injuryprev-2019-043530,73,DegliEsposti 2020,"Degli Esposti, M. et al. ",2020,United States - Florida ,The Joyce Foundation ,Journal Article ,Interrupted time series,State,19 years (1999–2017),N/A,N/A,Urban,Florida adolescent population (aged 15–19 years). ,"Mean 1.53 firearm homicides / 100,000 adolescents (pre-law)",N = 76 quarterly observations (Jan 1999–Dec 2017),Legislation,legislation,,,"Florida's Stand Your Ground law, enacted October 2005, extending legal immunity for use of deadly force without duty to retreat",Self-defense immunity; legal codification of no duty to retreat,Yes – statewide statutory change,Yes,Florida-specific enactment tracked; effects estimated using pre-intervention counterfactual,"Pre-law period (1999–2005); also includes synthetic and negative controls (other states, firearm suicides)",Poisson distribution,Adolescent firearm homicide in Florida - Before SYG ,Table 1 ,firearm homicide mortality,"Mean quarterly rates per 100,000 population (sd)",,,,,Quarterly ,,1.53 (0.42,0.42,N/A,N/A,N/A,N/A,N/A,Yes – race (Black vs. White/Other),Stronger and statistically significant increase among Black adolescents,Controlled for confounding via synthetic and negative controls,Florida's demographic/cultural uniqueness may affect generalizability,,,looks good,,Firearm policy / legal change,Stand-your-ground / self-defense immunity,System: policy change (access-restricting/regulatory),
,,,,,,,,,,,,,,,,,,,,,,,,,,,,,...,Adolescent firearm homicide in Florida - After SYG ,...,firearm homicide mortality,...,,,,,...,,2.16 (0.51),0.51,N/A,N/A,N/A,...,N/A,...,...,,,,,,,,,,
,,,,,,,,,,,,,,,,,,,,,,,,,,,,,Gaussian generalised linear model,Adolescent firearm homicide in Florida - Trend,...,firearm homicide mortality,...,,,,,...,,1.00 (0.99 to 1.00),N/A,0.99,1,N/A,...,N/A,...,...,,,,,,,,,,
,,,,,,,,,,,,,,,,,,,,,,,,,,,,,...,"Adolescent firearm homicide in Florida - SYG law
(step change)",...,firearm homicide mortality,...,,,,,...,,1.45 (1.17 to 1.79),N/A,1.17,1.79,0.001,...,↑ harmful,...,...,,,,,,,,,,
,,,,,,,,,,,,,,,,,,,,,,,,,,,,,,,,,,,,,,,,,,,,,,,,,,,,,,,,,,
,,10.1097/TA.0000000000002060,74,DiMaggio 2019,"DiMaggio, C. et al. ",2019,United States - National ,N/A,Journal Article ,Interrupted time series / before-after (quasi-experimental),Year (national-level time series),37 years (1981–2017),N/A,N/A,Mixed,National-level analysis of confirmed mass shooting incidents. All individuals killed in U.S. mass shooting events with ≥4 fatalities (excluding shooter),"10.2 mass shooting deaths / 10,000 firearm homicides","44 confirmed mass shooting events (501 deaths); 140,515 firearm homicides (ban period), 348,528 (non-ban)",Legislation,legislation,,,"1994–2004 Federal Assault Weapons Ban, prohibiting manufacture and sale of specific semiautomatic weapons and high-capacity magazines","Weapon bans, capacity limits",Yes – federally implemented and enforced for 10 years,Indirectly – implementation period clearly defined and analyzed,Effect defined by comparing 1994–2004 period with pre- and post-ban eras using multiple analytic strategies,Pre-ban and post-ban periods (1981–1993 and 2005–2017),Linear regression with year and ban-period indicator,Federal Assault Weapon Ban on Mass-Shooting Deaths,Table 1,firearm homicide mortality,"Mass shooting deaths / 10,000 firearm homicides",,,,,"Annual, 1981–2017",,-8.6,3.9,N/A,N/A,0.03,"Mean during ban: 10.2 deaths per 10,000 firearm homicides",↓ beneficial,Yes – assault vs non-assault weapon use,Stronger effect when restricted to assault-weapon events,Not modeled directly; authors note lack of concurrent local law controls,"Limited public health funding, inconsistent data definitions, underreporting in available datasets",,,the outcome name stuff could be separated out into intervention and outcome but it's nbd,,Firearm policy / legal change,Assault weapon / magazine / handgun model bans,System: policy change (access-restricting/regulatory),
,,,,,,,,,,,,,,,,,,,,,,,,,,,,,...,Federal Assault Weapon Ban on Mass-Shooting Deaths Characterized by Use of Assault Weapon,Table 2,firearm homicide mortality,... - restricted to incidents involving assault rifles,,,,,Annual,,-6.7,3.9,N/A,N/A,0.09,85.8% of total 501 deaths involved assault rifles,↓ beneficial,...,...,,,,,,,,,,
,,,,,,,,,,,,,,,,,,,,,,,,,,,,,Mixed-effects Poisson model,Mass shooting death counts,Table 3,firearm homicide mortality,Annual counts with offset by firearm homicides or population,,,,,Annual,,0.15,N/A,N/A,N/A,N/A,approx. 85% reduction during ban,↓ beneficial,...,...,,,,,,,,,,
,,,,,,,,,,,,,,,,,,,,,,,,,,,,,,,,,,,,,,,,,,,,,,,,,,,,,,,,,,
,,10.1177/00027162231164865,75,Donohue 2023,"Donohue, J.J.",2023,United States - National ,N/A,Journal Article ,Panel data analysis (with synthetic controls),State,35 years (1979–2014 for RTC analysis); 1982–2019 for mass shootings,N/A,N/A,Mixed,All U.S. states; focus on policy heterogeneity in permissive gun laws. General U.S. population; mass shooting data drawn from public incidents with ≥4 victims,N/A,51 jurisdictions (50 states + DC); includes synthetic control units and state-year panel,Legislation,legislation,,,Right-to-Carry (RTC) laws; Stand-Your-Ground (SYG) laws; assault weapon and high-capacity magazine bans,"Permitless carry, conceal carry, legal self-defense expansions, magazine/firearm restrictions",Yes – State-year exposure to policy variation,No,"Variation in law adoption, duration, and type across states; some implementation details in historical narrative",States without RTC or SYG laws; synthetic control states in mass shooting model,"OLS, fixed effects model, state-year panel",Mass Shooting Incidents  ,Table 1,mass shootings,"Mass Shooting Incidents per 10,000,000 Population",,,,,1982–2019,,–.07,0.05,N/A,N/A,N/A,N/A,↔ null,No,N/A,"Other firearm laws (SYG, RTC); variation across states in policy packages","Court rulings (Bruen decision), gun industry lobbying, political ideology",,,looks fine,,Firearm policy / legal change,Carry laws (concealed/open/issue),System: policy change (access-restricting/regulatory),
,,,,,,,,,,,,,,,,,,,,,,,,,,,,,...,Mass Shooting Deaths ,...,firearm homicide mortality,...,,,,,...,,–.09,0.04,N/A,N/A,0.05,...,↓ beneficial,...,...,,,,,,,,,,
,,,,,,,,,,,,,,,,,,,,,,,,,,,,,...,Mass Shooting Injuries,...,firearm injury,...,,,,,...,,–.22,0.12,N/A,N/A,0.1,...,↓ beneficial,...,...,,,,,,,,,,
,,,,,,,,,,,,,,,,,,,,,,,,,,,,,...,Mass Shooting Casualties,...,firearm homicide mortality,...,,,,,...,,–.31,0.15,N/A,N/A,0.05,...,↓ beneficial,...,...,,,,,,,,,,
,,,,,,,,,,,,,,,,,,,,,,,,,,,,,,,,,,,,,,,,,,,,,,,,,,,,,,,,,,
,,10.2105/AJPH.2019.305307,76,Doucette 2019,"Doucette, M.L. et al. ",2019,United States - National ,Johns Hopkins ERC in Occupational Safety and Health; Nancy A. Robertson Scholarship; William Haddon Jr Fellowship,Journal Article ,Longitudinal panel study with mixed-effects modeling,State-year,26 years (1992–2017),N/A,N/A,Mixed,National analysis of firearm workplace homicides (WPHs). U.S. employed population; firearm WPHs from CFOI,N/A,"13,502 firearm WPHs across 900 state-year units (50 states × 26 years; some missing)",Legislation,legislation,,,Right-to-Carry (RTC) laws allowing shall-issue or permitless concealed firearm carry,Legal right to carry firearms in public with reduced restrictions,Yes – varies by state and time,Yes,RTC status coded annually; 25 states adopted RTC laws between 1992–2017,Non-RTC states and pre-law periods,Generalized linear mixed model (negative binomial); IRR,State Firearm laws - Right to Carry,Table 1,firearm homicide mortality,Annual number of firearm workplace homicides per employed population,,,,,Total Population Analysis; 	Annual (1992–2017),,"1.34 (1.16, 1.54)",N/A,1.16,1.54,N/A,N/A,↑ harmful,Yes – by state (state-specific IRRs),13 of 25 states had ↑ firearm WPH post-law; 4 states had ↓ rates; 7 states no effect,"Included 6 other firearm laws in model: SYG, permit-to-purchase, parking lot, DV restrictions, etc.",N/A,,,"again, what's in outcome name is more accurately intervention. I suspect that since this is an IRR all the confidence bands containing 1 are null, not harmful. No need to include the confidence band in the effect size extraction since it's captured in the CI extraction",check,Firearm policy / legal change,Carry laws (concealed/open/issue),System: policy change (access-expanding/permissive),
,,,,,,,,,,,,,,,,,,,,,,,,,,,,,...,... - Permit-to-purchase,...,firearm homicide mortality,...,,,,,...,,"0.98 (0.81, 1.18)",...,0.81,1.18,...,...,↑ harmful,...,...,,,,,,,,,,
,,,,,,,,,,,,,,,,,,,,,,,,,,,,,...,... - Parking lot laws ,...,firearm homicide mortality,...,,,,,...,,"0.96 (0.80, 1.15)",...,0.8,1.15,...,...,↑ harmful,...,...,,,,,,,,,,
,,,,,,,,,,,,,,,,,,,,,,,,,,,,,...,... - Stand your ground ,...,firearm homicide mortality,...,,,,,...,,"0.91 (0.76, 1.07)",...,0.76,1.07,...,...,↑ harmful,...,...,,,,,,,,,,
,,,,,,,,,,,,,,,,,,,,,,,,,,,,,...,... - Domestic violence restraining order—dating partners,...,firearm homicide mortality,...,,,,,...,,"0.99 (0.87, 1.13)",...,0.87,1.13,...,...,↑ harmful,...,...,,,,,,,,,,
,,,,,,,,,,,,,,,,,,,,,,,,,,,,,...,... - Domestic violence restraining order—ex parte orders ,...,firearm homicide mortality,...,,,,,...,,"0.91 (0.78, 1.04)",...,0.78,1.04,...,...,↑ harmful,...,...,,,,,,,,,,
,,,,,,,,,,,,,,,,,,,,,,,,,,,,,...,Violent misdemeanor,...,firearm homicide mortality,...,,,,,...,,"1.12 (0.96, 1.30)",...,0.96,1.3,...,...,↑ harmful,...,...,,,,,,,,,,
,,,,,,,,,,,,,,,,,,,,,,,,,,,,,,,,,,,,,,,,,,,,,,,,,,,,,,,,,,
,,10.1007/s11524-021-00515-4,77,Doucette 2021,"Doucette, M.L. et al. ",2021,United States - 68 large metropolitan counties,N/A,Journal Article ,Longitudinal panel study with generalized linear modeling,County,18 years (1999–2016),N/A,N/A,Urban,68 large central metropolitan U.S. counties. County-level populations exposed to gun violence; includes firearm homicide and arrest data,N/A,"1,224 county-year observations",Technology-based (gunshot detection),policing,,,Deployment of ShotSpotter gunfire detection technology by local law enforcement agencies,"Acoustic sensors, software, real-time dispatch",Yes – technology implemented at county-level in covered areas,N/A,Implementation dates identified via public records and media; did not account for within-county coverage,Counties without ShotSpotter; before-after comparisons within counties,"Generalized linear model, Poisson regression",Impact of ShotSpotter technology on firearm homicides - ShotSpotter ,Table 2 ,firearm homicide mortality,County-level incidence of firearm homicides,,,,,"Annual, 1999–2016",,1.035,N/A,0.84,1.27,0.05,N/A,↔ null,No,N/A,"Included PTP, RTC, SYG, and violent misdemeanor (VM) firearm laws as covariates","Limitations in coverage data (ShotSpotter zones not public), indoor gunshots not detected, workload strain on LEAs",,,some of these don't seem null,check,Firearm policy / legal change,Other firearm policy/legal,System: policy change (access-restricting/regulatory),
,,,,,,,,,,,,,,,,,,,,,,,,,,,,,...,... - Right-to-carry ,...,firearm homicide mortality,...,,,,,,,1.214,...,1.05,1.41,...,...,...,...,...,,,,,,,,,,
,,,,,,,,,,,,,,,,,,,,,,,,,,,,,...,... - Permit-to-purchase,...,firearm homicide mortality,...,,,,,,,0.843,...,0.72,0.99,...,...,...,...,...,,,,,,,,,,
,,,,,,,,,,,,,,,,,,,,,,,,,,,,,...,... - Violent misdemeanor prohibitions,...,firearm homicide mortality,...,,,,,,,1.107,...,0.98,1.24,...,...,...,...,...,,,,,,,,,,
,,,,,,,,,,,,,,,,,,,,,,,,,,,,,...,... - Stand your ground,...,firearm homicide mortality,...,,,,,,,1.06,...,0.95,1.19,...,...,...,...,...,,,,,,,,,,
,,,,,,,,,,,,,,,,,,,,,,,,,,,,,...,Impact of ShotSpotter technology on murder arrests - ShotSpotter ,...,firearm homicide mortality,...,,,,,,,0.993,...,0.73,1.36,...,...,...,...,...,,,,,,,,,,
,,,,,,,,,,,,,,,,,,,,,,,,,,,,,...,... - Right-to-carry ,...,firearm homicide mortality,...,,,,,,,0.489,...,0.27,0.88,...,...,...,...,...,,,,,,,,,,
,,,,,,,,,,,,,,,,,,,,,,,,,,,,,...,... - Permit-to-purchase,...,firearm homicide mortality,...,,,,,,,0.507,...,0.23,1.14,...,...,...,...,...,,,,,,,,,,
,,,,,,,,,,,,,,,,,,,,,,,,,,,,,...,... - Violent misdemeanor prohibitions,...,firearm homicide mortality,...,,,,,,,1.26,...,1.02,1.58,...,...,...,...,...,,,,,,,,,,
,,,,,,,,,,,,,,,,,,,,,,,,,,,,,...,... - Stand your ground,...,firearm homicide mortality,...,,,,,,,0.885,...,0.64,1.22,...,...,...,...,...,,,,,,,,,,
,,,,,,,,,,,,,,,,,,,,,,,,,,,,,...,Impact of ShotSpotter technology on weapons arrests - ShotSpotter ,...,firearm homicide mortality,...,,,,,,,0.929,...,0.75,1.15,...,...,...,...,...,,,,,,,,,,
,,,,,,,,,,,,,,,,,,,,,,,,,,,,,...,... - Right-to-carry ,...,firearm homicide mortality,...,,,,,,,0.75,...,0.52,1.08,...,...,...,...,...,,,,,,,,,,
,,,,,,,,,,,,,,,,,,,,,,,,,,,,,...,... - Permit-to-purchase,...,firearm homicide mortality,...,,,,,,,0.872,...,0.54,1.4,...,...,...,...,...,,,,,,,,,,
,,,,,,,,,,,,,,,,,,,,,,,,,,,,,...,... - Violent misdemeanor prohibitions,...,firearm homicide mortality,...,,,,,,,1.033,...,0.88,1.22,...,...,...,...,...,,,,,,,,,,
,,,,,,,,,,,,,,,,,,,,,,,,,,,,,...,... - Stand your ground,...,firearm homicide mortality,...,,,,,,,0.995,...,0.87,1.14,...,...,...,...,...,,,,,,,,,,
,,,,,,,,,,,,,,,,,,,,,,,,,,,,,,,,,,,,,,,,,,,,,,,,,,,,,,,,,,
,,10.1093/aje/kwac160,78,Doucette 2023,"Doucette, M.L. et al",2023,United States - National,The Joyce Foundation and New Venture Fund,Journal Article ,Quasi-experimental (augmented synthetic control with fixed effects and REMA),State,Up to 10 years post-policy adoption,N/A,N/A,Mixed,U.S. states with transitions in CCW laws between 1980–2019. General population at the state level,N/A,36 states transitioning to shall-issue CCW laws; 8 donor pool states,Legislation,legislation,,,Adoption of shall-issue concealed-carry weapons (CCW) laws,Transition from may-issue/no-issue to shall-issue permitting,N/A,N/A,"Analysis stratified by presence/absence of 4 permit provisions: live-fire training, suitability clause, dangerousness clause, and violent misdemeanor prohibition",May-issue CCW states (no law change),Augmented synthetic control modeling with fixed effects (ASCM+FE); Random-effects meta-analysis (REMA,Impact of adoption of shall-issue concealed-carry weapons laws on: Assault with a gun,Figure 4 ,firearm crime,"Change in the number of crimes per 100,000 population",,,,,10 years post-law,,5.31,N/A,1.19,9.43,N/A,N/A,↑ harmful,"Yes – by permitting provisions (violent misdemeanors, live-fire, suitability), and by state",Stronger ↑ in gun assaults when violent misdemeanants not excluded from CCW eligibility,"Some states also passed or repealed other firearm laws (Stand Your Ground, PTP laws)",N/A,,,looks fine,,Firearm policy / legal change,Carry laws (concealed/open/issue),System: policy change (access-expanding/permissive),
,,,,,,,,,,,,,,,,,,,,,,,,,,,,,...,Impact of adoption of shall-issue concealed-carry weapons laws on: Assault with a knife,...,non-firearm crime,...,,,,,...,,1.04,...,-2.78,4.86,...,...,↔ null,...,...,,,,,,,,,,
,,,,,,,,,,,,,,,,,,,,,,,,,,,,,...,Impact of adoption of shall-issue concealed-carry weapons laws on: Robbery with a gun,...,firearm crime,...,,,,,...,,2.66,...,-1.83,7.15,...,...,↔ null,...,...,,,,,,,,,,
,,,,,,,,,,,,,,,,,,,,,,,,,,,,,...,Impact of adoption of shall-issue concealed-carry weapons laws on: Robbery with a knife,...,non-firearm crime,...,,,,,...,,–0.35 ,...,-0.92,0.22,...,...,↔ null,...,...,,,,,,,,,,
,,,,,,,,,,,,,,,,,,,,,,,,,,,,,...,Impact of adoption of shall-issue concealed-carry weapons laws on: Homicide with a gun,...,firearm homicide mortality,...,,,,,...,,0.2,...,-0.19,0.59,...,...,↔ null,...,...,,,,,,,,,,
,,,,,,,,,,,,,,,,,,,,,,,,,,,,,...,Impact of adoption of shall-issue concealed-carry weapons laws on: Homicide by other means,...,non-firearm homicide mortality,...,,,,,...,,0.19,...,0.07,0.31,...,...,↑ harmful,...,...,,,,,,,,,,
,,,,,,,,,,,,,,,,,,,,,,,,,,,,,,,,,,,,,,,,,,,,,,,,,,,,,,,,,,
,,10.1111/1745-9133.12638,79,Doucette 2024,"Doucette, M.L. et al",2024,United States - 24 states,The Joyce Foundation and New Venture Fund,Journal Article ,Quasi-experimental: Augmented Synthetic Control Method (ASCM),State,24 years (1996–2019),N/A,N/A,Mixed,U.S. states that enacted permitless carry laws between 2003–2019. State-level population exposed to law change. ,N/A,24 treated states; 25 donor pool states for synthetic controls,Legislation,legislation,,,State adoption of permitless concealed carry laws (removing permit requirements for public civilian gun carrying),"Elimination of permit, background check, or training requirements to carry a concealed firearm in public",Yes – implementation year and population-level exposure coded,N/A,ASCM model compares outcomes in treatment states to synthetic control (weighted combination of non-treated states),Synthetic control (non-permitless carry states),REMA,Model 1: Overall permitless CCW law change- Gun Assaults ,Table 3 ,firearm crime,"Incidents per 100,000",,,,,2017,,-1.73,3.4,N/A,N/A,0.05,N/A,↔ null,N/A,State-specific estimates varied; pooled REMA used for generalizable summary,Controlled for co-occurring firearm laws and demographic variables,N/A,,,some of these directions seem like they should be null based on the standard errors,,Firearm policy / legal change,Carry laws (concealed/open/issue),System: policy change (access-restricting/regulatory),
,,,,,,,,,,,,,,,,,,,,,,,,,,,,,...,... - Knife Assaults ,...,non-firearm crime,...,,,,,...,,0.22,2.6,...,...,...,...,↔ null,...,...,,,,,,,,,,
,,,,,,,,,,,,,,,,,,,,,,,,,,,,,...,... - Gun robbery,...,firearm crime,...,,,,,...,,3.42,2.9,...,...,...,...,↑ harmful,...,...,,,,,,,,,,
,,,,,,,,,,,,,,,,,,,,,,,,,,,,,...,... - Knife robbery,...,non-firearm crime,...,,,,,...,,0.96,0.53,...,...,...,...,↔ null,...,...,,,,,,,,,,
,,,,,,,,,,,,,,,,,,,,,,,,,,,,,...,... - Gun homocide,...,firearm homicide mortality,...,,,,,...,,-0.1,0.25,...,...,...,...,↔ null,...,...,,,,,,,,,,
,,,,,,,,,,,,,,,,,,,,,,,,,,,,,...,... - Nongun homocide,...,non-firearm homicide mortality,...,,,,,...,,0.16,0.11,...,...,...,...,↔ null,...,...,,,,,,,,,,
,,,,,,,,,,,,,,,,,,,,,,,,,,,,,...,... - Weapons Arrests ,...,policing ouptut,...,,,,,...,,-0.19,2.54,...,...,...,...,↔ null,...,...,,,,,,,,,,
,,,,,,,,,,,,,,,,,,,,,,,,,,,,,...,Model 2: Loss of violent misdemeanant prohibition-Gun Assaults ,...,firearm crime,...,,,,,...,,-2.06,10.07,...,...,...,...,↔ null,...,...,,,,,,,,,,
,,,,,,,,,,,,,,,,,,,,,,,,,,,,,...,... - Knife Assaults ,...,non-firearm crime,...,,,,,...,,4.29,5.65,...,...,...,...,↑ harmful,...,...,,,,,,,,,,
,,,,,,,,,,,,,,,,,,,,,,,,,,,,,...,... - Gun robbery,...,firearm crime,...,,,,,...,,4.37,9.43,...,...,...,...,↑ harmful,...,...,,,,,,,,,,
,,,,,,,,,,,,,,,,,,,,,,,,,,,,,...,... - Knife robbery,...,non-firearm crime,...,,,,,...,,0.91,1.27,...,...,...,...,↑ harmful,...,...,,,,,,,,,,
,,,,,,,,,,,,,,,,,,,,,,,,,,,,,...,... - Gun homocide,...,firearm homicide mortality,...,,,,,...,,-0.04,0.89,...,...,...,...,↔ null,...,...,,,,,,,,,,
,,,,,,,,,,,,,,,,,,,,,,,,,,,,,...,... - Nongun homocide,...,non-firearm homicide mortality,...,,,,,...,,0.01,0.09,...,...,...,...,↔ null,...,...,,,,,,,,,,
,,,,,,,,,,,,,,,,,,,,,,,,,,,,,...,... - Weapons Arrests ,...,policing ouptut,...,,,,,...,,-2.32,6.02,...,...,...,...,↔ null,...,...,,,,,,,,,,
,,,,,,,,,,,,,,,,,,,,,,,,,,,,,...,Model 3: Loss of live firearm training -Gun Assaults ,...,firearm crime,...,,,,,...,,-3.31,15.32,...,...,...,...,↔ null,...,...,,,,,,,,,,
,,,,,,,,,,,,,,,,,,,,,,,,,,,,,...,... - Knife Assaults ,...,non-firearm crime,...,,,,,...,,-0.06,9.95,...,...,...,...,↔ null,...,...,,,,,,,,,,
,,,,,,,,,,,,,,,,,,,,,,,,,,,,,...,... - Gun robbery,...,firearm crime,...,,,,,...,,2.05,9.83,...,...,...,...,↑ harmful,...,...,,,,,,,,,,
,,,,,,,,,,,,,,,,,,,,,,,,,,,,,...,... - Knife robbery,...,non-firearm crime,...,,,,,...,,0.62,1.88,...,...,...,...,↔ null,...,...,,,,,,,,,,
,,,,,,,,,,,,,,,,,,,,,,,,,,,,,...,... - Gun homocide,...,firearm homicide mortality,...,,,,,...,,-0.23,0.73,...,...,...,...,↔ null,...,...,,,,,,,,,,
,,,,,,,,,,,,,,,,,,,,,,,,,,,,,...,... - Nongun homocide,...,non-firearm homicide mortality,...,,,,,...,,0.05,0.21,...,...,...,...,↔ null,...,...,,,,,,,,,,
,,,,,,,,,,,,,,,,,,,,,,,,,,,,,...,... - Weapons Arrests ,...,policing ouptut,...,,,,,...,,-0.83,11.26,...,...,...,...,↔ null,...,...,,,,,,,,,,
,,,,,,,,,,,,,,,,,,,,,,,,,,,,,,,,,,,,,,,,,,,,,,,,,,,,,,,,,,
,,10.1186/s40621-024-00522-4,80,Doucette 2024,"Doucette, M.L. et al",2024,"United States - Missouri, Michigan, Maryland",National Collaborative on Gun Violence Research,Journal Article,Quasi-experimental – Augmented Synthetic Control Method (ASCM),State ,"9 years for Missouri, 4 years for Michigan, 3 years for Maryland",N/A,N/A,Mixed,"U.S. states with HPL law adoption (MD) or repeal (MO, MI). State-level populations (hospitalized for firearm injury)",Missouri: 1.537/100k; Michigan: 1.439/100k; Maryland: 1.719/100k,"3 treatment states (MD, MI, MO) × 38–40 controls × 17 years (2000–2016)",Legislation,legislation,,,Adoption or repeal of Handgun Purchaser Licensing (HPL) laws,"Permit required before handgun purchase, including background check and fingerprinting","Yes – full adoption (MD), full repeal (MO), partial repeal (MI)",N/A,Lagged 1 year post-law to account for implementation,"Control states consisted of Connecticut, Hawaii, Illinois, Iowa, Massachusetts, Nebraska, New Jersey, New York, and North Carolina (i.e. States that retained or never adopted HPL laws)",ASCM,Missouri,Table 1 ,firearm injury,"Average firearm inpatient hospitalization rate per 100,000; Difference from prior to and after law changes compared to their respective control groups",,,,,2008–2016 (9 years post),,0.456,0.155,N/A,N/A,N/A,Missouri increased from 1.537 → 1.732/100k; control decreased from 0.765 → 0.724/100k; 35.7% increase,↑ harmful,No,N/A,Possible overlap with 2004 concealed carry changes in MO,N/A,,,"the states shouldn't be extracted into outcome, but into population or sample",,Firearm policy / legal change,Other firearm policy/legal,System: policy change (access-expanding/permissive),
,,,,,,,,,,,,,,,,,,,,,,,,,,,,...,...,Michigan,...,firearm injury,...,,,,,2013–2016 (4 years post),,0.074,0.129,...,...,...,"MI decreased from 1.439 → 1.15/100k; controls 0.765 → 0.674/100; 6.1% reduction, not significant",↔ null,...,...,,,,,,,,,,
,,,,,,,,,,,,,,,,,,,,,,,,,,,,Control states consisted of all other states excluding the control states for Missouri and Michigan,...,Maryland,...,firearm injury,...,,,,,2014–2016 (3 years post),,-0.497,0.123,...,...,...,MD decreased from 1.719 → 1.044/100k; controls 0.938 → 0.923/100k; 32.3% reduction,↓ beneficial,...,...,,,,,,,,,,
,,,,,,,,,,,,,,,,,,,,,,,,,,,,,,,,,,,,,,,,,,,,,,,,,,,,,,,,,,
,,10.1016/j.amepre.2019.06.006,81,"Drake, 2019","Drake,Hernandez, Li, Schwartz, Sundaram",2019,United States,N/A,Journal Article,quasi-experimental,Firearm marketplace Armslist,"July 14, 2008-June 25,2018",N/A,N/A,N/A,"Firearms sold on Armslist between the datse of July 14, 2008 - June 25, 2018",proportion of listings with evidence of background checks,4.90 million listings,Background checks on Armslist,legislation,,,"Evidence of background checks based on terms such as: concealed carry weapon, concealed
carry license, federal firearm license, permit to purchase, background check, license, permit, or other terms and acronyms associated with background checks ",determined what proportion of secondhand gun sales actually involved a background check,N/A,N/A,N/A,No evidence of background check,Percentage of Advertisements Displaying Evidence of a Background Check ,Advertisements with evidence of background checks handguns,Table 1,firearm behaviors and attitudes,% of Handgun advertisements displaying evidence of background check,,,,,"May 4, 2008-June 25, 2018",,12.72%,N/A,11.78,13.65,N/A,"number of listings displaying/total listings 301,061/2367586",↔ null,N/A,N/A,N/A,N/A,,,looks good,,Firearm policy / legal change,Background checks / permits to purchase / sales regulation,System: policy change (access-restricting/regulatory),
,,,,,,,,,,,,,,,,,,,,,,,,,,,,,...,Advertisements with evidence of background checks rifles,...,firearm behaviors and attitudes,% of rifle advertisements displaying evidence of background check,,,,,...,,7.57%,N/A,6.82,8.31,N/A,"number of listings displaying/total listings 123,790/1636194",↔ null,N/A,N/A,,,,,,,,,,
,,,,,,,,,,,,,,,,,,,,,,,,,,,,,...,Advertisements with evidence of background checks shotguns,...,firearm behaviors and attitudes,% of shotgun advertisements displaying evidence of background check,,,,,...,,5.98%,N/A,5.3,6.65,N/A,"number of listings displaying/total listings  24,578/411,276",↔ null,N/A,N/A,,,,,,,,,,
,,,,,,,,,,,,,,,,,,,,,,,,,,,,,...,Advertisements with evidence of background checks gun,...,firearm behaviors and attitudes,% of gun advertisements displaying evidence of background check,,,,,...,,2.08%,N/A,1.68,2.48,N/A,"number of listings displaying/total listings  5,553/266,996",↔ null,N/A,N/A,,,,,,,,,,
,,,,,,,,,,,,,,,,,,,,,,,,,,,,,...,Advertisements with evidence of background checks tactical,...,firearm behaviors and attitudes,% of tactical advertisements displaying evidence of background check,,,,,...,,0.77%,N/A,0.52,1.02,N/A,"number of listings displaying/total listings  612/79,469",↔ null,N/A,N/A,,,,,,,,,,
,,,,,,,,,,,,,,,,,,,,,,,,,,,,,...,Advertisements with evidence of background checks antique,...,firearm behaviors and attitudes,% of antique advertisements displaying evidence of background check,,,,,...,,6.37%,N/A,5.69,7.05,N/A,"number of listings displaying/total listings  3,343/52,493",↔ null,N/A,N/A,,,,,,,,,,
,,,,,,,,,,,,,,,,,,,,,,,,,,,,,...,Advertisements with evidence of background checks reloading,...,firearm behaviors and attitudes,% of reloading advertisements displaying evidence of background check,,,,,...,,0.30%,N/A,0.15,0.46,N/A,"number of listings displaying/total listings  143/47,624",↔ null,N/A,N/A,,,,,,,,,,
,,,,,,,,,,,,,,,,,,,,,,,,,,,,,...,Advertisements with evidence of background checks muzzle,...,firearm behaviors and attitudes,% of muzzle advertisements displaying evidence of background check,,,,,...,,2.69%,N/A,2.23,3.14,N/A,"number of listings displaying/total listings 888/33,057",↔ null,N/A,N/A,,,,,,,,,,
,,,,,,,,,,,,,,,,,,,,,,,,,,,,,...,Advertisements with evidence of background checks NFA,...,firearm behaviors and attitudes,% of NFA advertisements displaying evidence of background check,,,,,...,,10.99%,N/A,10.11,11.87,N/A,"number of listings displaying/total listings 944/8,588",↔ null,N/A,N/A,,,,,,,,,,
,,,,,,,,,,,,,,,,,,,,,,,,,,,,,,,,,,,,,,,,,,,,,,,,,,,,,,,,,,
,,10.1097/XCS.0000000000000118,82,Duchesne 2022,"Duchesne, J. et al. ",2022,United States - 47 states,CDC Center Grant; Tulane Physician Scientist Pipeline Program; Louisiana Clinical and Translational Science Center ,Journal Article ,Repeated cross-sectional ecological study,State-year,7 years (2014–2020),N/A,N/A,Mixed,"47 U.S. states with available mass shooting and gun law grade data. General population, GVA-defined mass shooting events (≥4 shot, not including shooter)",272 MSE in 2014 (4.0 per F-grade state); 626 MSE in 2020 (9.7 per F-grade state),"2,660 mass shooting events from 2014–2020",Legislation,legislation,,,"Composite state gun law grades from Giffords Law Center (A = strongest, F = weakest)","Strength of background checks, licensing, assault weapon/magazine bans, etc.",Yes – annual letter grade (A to F) translated to 0–4 point scale,N/A,Annual state gun law grades used from 2014–2021,States grouped by gun law grade (A to F),Kruskal-Wallis test by state gun law grade,N/A,N/A,N/A,N/A,,,,,N/A,,N/A,N/A,N/A,N/A,N/A,N/A,N/A,Yes – by year and gun law grade,"MSE rates ↑ in C-grade states, ↓ in F-grade states after 2017",N/A,N/A,,,ahwaz@email.gwu.edu wonder if there's a better way to extract this,check,Firearm policy (index/strength measure),Policy environment index / composite score,System: measurement/index (policy strength),
,,,,,,,,,,,,,,,,,,,,,,,,,,,,,,,,,,,,,,,,,,,,,,,,,,,,,,,,,,
,,10.1002/hec.4769,83,Duenow 2024,"Duenow, A. et al. ",2023,Australia – National,N/A,Journal Article ,Quasi-experimental – Synthetic control method,Country,"24 years (17 years pre, 7 years post)",N/A,N/A,Mixed,National-level firearm death rates in Australia compared to synthetic control group. Australian general population (national mortality records),N/A,"N = 24 years (17 pre, 7 post)",Legislation,legislation,,,2003 National Firearms Agreement Amendment (NFAA) mandating gun buy-back for certain firearms,Prohibition and mandatory surrender of pump-action shotguns and certain rifles,Yes – full national implementation,Yes,Legislation applied nationally in 2003 with immediate policy enforcement,Synthetic control group constructed from weighted combination of OECD countries without gun reform,Synthetic control with t-test on pre-post difference,Homicide by firearm,Table A1,firearm homicide mortality,Gap in rates between Australia and synthetic control (Difference post and pre-treatment),,,,,Pre = 17 years; Post = 7 years,,−0.1388,0.037,N/A,N/A,p < 0.01,Pre = 0.0043; Post = –0.1345,↓ beneficial,N/A,N/A,Followed 1996 NFA; authors noted cumulative effects,N/A,,,looks good,,Law enforcement / justice strategy,Gun buyback / amnesty,Program: reduce availability (buyback/amnesty),
,,,,,,,,,,,,,,,,,,,,,,,,,,,,,...,Suicide-by-firearm,...,firearm suicide mortality,...,,,,,...,,−0.2812,0.0495,...,...,p < 0.001,Pre = –0.0177; Post = –0.2990,↓ beneficial,...,...,,,,,,,,,,
,,,,,,,,,,,,,,,,,,,,,,,,,,,,,...,Homicide-by-other-means,...,non-firearm homicide mortality,...,,,,,...,,0.1628,0.034,...,...,p < 0.01,Pre = 0.0050; Post = 0.1678,↑ harmful,...,...,,,,,,,,,,
,,,,,,,,,,,,,,,,,,,,,,,,,,,,,...,Suicide-by-other-means,...,non-firearm suicide mortality,...,,,,,...,,0.5228,0.1438,...,...,p < 0.01,Pre = –0.0022; Post = 0.5205,↑ harmful,...,...,,,,,,,,,,
,,,,,,,,,,,,,,,,,,,,,,,,,,,,,,,,,,,,,,,,,,,,,,,,,,,,,,,,,,
,,10.1097/TA.0000000000000179,84,Duncan 2014,"Duncan, T.K. et al. ",2014,"United States - Ventura County, CA",California Emergency Management Agency,Journal Article ,Before-after,City,"10 years (7 years pre, 3 years post)",N/A,N/A,Mixed - Suburban,"Gang-affected cities in Ventura County, CA (Oxnard, Port Hueneme, El Rio). Gang-involved youth and parolees; majority Hispanic males under 25 years",N/A,"1,464 gang members engaged in 3,430 program contacts",Community-based; hospital-based,"community-based, hospital-based",,,"Operation PeaceWorks: Multisectoral program with trauma center, courts, outreach teams, clergy, and law enforcement to reduce gang violence","Roundtable meetings, street outreach, job training, trauma-informed counseling, motivational interviewing, hospital-based social work",Yes – 2.3 contacts per gang member across 3 years,No,"Fully implemented in 2010 after a pilot in 2009, modeled on “Operation Ceasefire”",Pre-intervention years (2003–2009),Paired t-test,Total gang-related assualts ,Table 1,crime,"Annual gang-related assaults in Ventura County, CA before and after strating operation PeaceWorks ",,,,,7 years pre (2003–2009) vs. 3 years post (2010–2012),,-0.16,N/A,N/A,N/A,0.001,"1,874/year (SD=111) → 1,589/year (SD=90)",↓ beneficial,N/A,N/A,FBI gang crackdown during study period; concurrent City Corps and Oxnard Alliance involvement,Hospital volunteerism limited by background checks; external agencies helped integrate high-risk youth into workforce or education,,,looks good,,Firearm policy / legal change,Other firearm policy/legal,System: policy change (access-restricting/regulatory),
,,,,,,,,,,,,,,,,,,,,,,,,,,,,,...,Firearms assaults ,...,firearm crime,...,,,,,...,,-0.32,...,...,...,0.001,87/year (SD=8) → 59/year (SD=10),↓ beneficial,...,...,,,,,,,,,,
,,,,,,,,,,,,,,,,,,,,,,,,,,,,,...,Homicides assualts ,...,overall homicide mortality,...,,,,,...,,-0.47,...,...,...,0.05,15/year (SD=5) → 8.3/year (SD=0.6),↓ beneficial,...,...,,,,,,,,,,
,,,,,,,,,,,,,,,,,,,,,,,,,,,,,,,,,,,,,,,,,,,,,,,,,,,,,,,,,,
,,10.1080/13811118.2021.1886209,85,Dunton 2022,"Dunton, Z.R. et al. ",2022,United States - Wisconsin,"Shapiro Research Grant, University of Wisconsin School of Medicine",Journal Article ,Before–after (pre-post) ecological study,State,"6 years total (3 years before [2012–2014], 3 years after [2016–2018])",N/A,N/A,Mixed,"Wisconsin, stratified by urban/suburban/rural residence. 	Statewide residents aged ≥10, stratified by race/ethnicity and region",N/A,WI population aged ≥10: ~15 million person-years per 3-year period,Legislation,legislation,,,Repeal of 48-hour waiting period for handgun purchases (June 2015),Removed required 48-hour delay after background check clearance,Yes – statewide policy implementation,Yes,"Mandated by amendment to WI statute 175.35, took effect June 24, 2015",Pre-period (2012–2014) suicide rates,CMF + 2nd-generation p-value,Non-firearm mechanism of injury - WI - All race and ethnicity,Table 2,non-firearm suicide mortality,Age-adjusted rate ratio (CMF ratio) of the 48-hour wait,,,,,2012–2014 vs. 2016–2018,,1.117,N/A,1.034,1.207,0.092,Before: 0.944; After: 1.054,↔ null,"Yes – race/ethnicity, urbanicity",Strongest increase among POC and urban residents; not significant for White non-Hispanic or rural populations,N/A,N/A,,,not totally clear what the outcome is.,check,Firearm policy / legal change,Waiting periods,System: policy change (access-expanding/permissive),
,,,,,,,,,,,,,,,,,,,,,,,,,,,,,...,Firearm - WI - All,...,firearm suicide mortality,...,,,,,...,,1.134,...,1.047,1.228,0.014,Before: 0.937; After: 1.062,↑ harmful,...,...,,,,,,,,,,
,,,,,,,,,,,,,,,,,,,,,,,,,,,,,...,Firearm - Urban WI - All,...,firearm suicide mortality,...,,,,,...,,1.379,...,1.098,1.733,0,Before: 0.842; After: 1.161 ,↑ harmful,...,...,,,,,,,,,,
,,,,,,,,,,,,,,,,,,,,,,,,,,,,,...,Firearm - Suburban WI - All,...,firearm suicide mortality,...,,,,,...,,1.118,...,1.005,1.243,0.226,Before: 0.943; After: 1.054,↔ null,...,...,,,,,,,,,,
,,,,,,,,,,,,,,,,,,,,,,,,,,,,,...,Firearm - Rural WI - All,...,firearm suicide mortality,...,,,,,...,,1.085,...,0.942,1.25,0.5,Before: 0.960; After: 1.042,↔ null,...,...,,,,,,,,,,
,,,,,,,,,,,,,,,,,,,,,,,,,,,,,,,,,,,,,,,,,,,,,,,,,,,,,,,,,,
,,10.1016/j.jss.2020.11.083,86,Etra 2021,"Etra, J.W. et al. ",2021,"United States - Baltimore, MD",N/A,Journal Article ,Interrupted time series,City,6.5 years (July 2012 – December 2018),N/A,N/A,Urban,Baltimore City and surrounding zip codes (prefix 212). Residents treated for gunshot or stab wounds (GSW/SW); focus on pediatric (<20 y) and young adult (20–24 y) subgroups,"Total 13,086 penetrating trauma cases (pre and post combined)","13,086 cases across the period (4,845 GSW, 8,256 SW)",Policing ,policing,,,April 2015 civil unrest and subsequent police “pullback” in Baltimore following the death of Freddie Gray,Decreased police presence; increased community violence,Yes – city-wide sudden-onset event,N/A,Natural experiment marked by a city-wide event; no direct intervention implementation,"Pre–April 1, 2015 period",Poisson regression,Stab wound (SW) incidence,Figure 2,non-firearm injury,IRR for SW visits to health facilities post- vs. pre-April 2015,,,,,"Quarterly, July 2012–Dec 2018",,0.86,N/A,0.82,0.89,< 0.001,N/A,↓ beneficial,Yes – by age group: <20 y and 20–24 y,"Pediatric group: ↑ GSW (IRR 1.32), ↓ SW (IRR 0.73), ↔ tPT overall. Young adults: ↓ SW, no change in GSW visits, but ↑ GSW mortality",Federal DOJ consent decree; decreased police activity; broader increases in urban firearm access,N/A,,,looks good,,Law enforcement / justice strategy,Focused deterrence / policing / enforcement,System/org: deterrence & enforcement,
,,,,,,,,,,,,,,,,,,,,,,,,,,,,,...,Gunshot wound (GSW) incidence,...,firearm injury,...,,,,,...,,1.19,...,1.13,1.27,< 0.001,...,↑ harmful,...,...,,,,,,,,,,
,,,,,,,,,,,,,,,,,,,,,,,,,,,,,,,,,,,,,,,,,,,,,,,,,,,,,,,,,,
,,10.1007/s00508-006-0643-9,87,Etzersdorfer 2006,"Etzersdorfer, E. et al. ",2006,Austria – 9 federal states,N/A,Journal Article ,Cross-sectional ecological correlation,State (county/“Bundesland”),11 years (1990–2000),N/A,N/A,Mixed,Nine Austrian counties with differing gun license rates. General population; suicides from national mortality data,"Austria-wide average (1990–2000): 21.3 suicides / 100,000; 3.9 by shooting",11 years of data × 9 counties (99 observations),Legislation,legislation,,,County-level differences in firearm license rates used as a proxy for availability. Looking at 	policy exposure (variation in gun availability),"Firearm license ownership per 100,000 population",Yes – gun license rate from Interior Ministry,Yes – official registry data used,Gun license rate available from Austrian Ministry of Interior,Counties with lower gun license rates,Spearman’s rank correlation,Suicide by shooting,Table 2 ,firearm suicide mortality,"Suicide rate by firearm (per 100,000)",,,,,1990–2000,,0.976,N/A,N/A,N/A,N/A,"Mean firearm suicide rate = 3.9 / 100,000",↑ harmful,N/A,Stronger associations in firearm suicides than overall or non-firearm,N/A,N/A,,,looks good,,Firearm policy / legal change,Other firearm policy/legal,System: policy change (access-restricting/regulatory),
,,,,,,,,,,,,,,,,,,,,,,,,,,,,,...,All other suicide' rates,...,non-firearm suicide mortality,"Non-firearm suicide rate per 100,000",,,,,...,,0.117,...,...,...,...,"Mean non-firearm suicide rate = 17.4 / 100,000",↔ null,...,...,,,,,,,,,,
,,,,,,,,,,,,,,,,,,,,,,,,,,,,,...,Total suicide rate,...,overall suicide mortality,"Total suicide rate per 100,000",,,,,...,,0.383,...,...,...,...,"Austria-wide mean = 21.3 / 100,000",↔ null,...,...,,,,,,,,,,
,,,,,,,,,,,,,,,,,,,,,,,,,,,,,,,,,,,,,,,,,,,,,,,,,,,,,,,,,,
,,10.1177/0731121419845877,88,Ferraro 2019,"Ferraro, V. & Ghatak, S. ",2019,United States - National ,N/A,Journal Article ,Event-history analysis (Weibull survival model),State,8 years (2005–2012),N/A,N/A,Mixed,"All U.S. states, including those that did and did not pass SYG laws. U.S. state populations (demographic and political characteristics over time)",N/A,N = 400 state-years (50 states × 8 years),Legislation,legislation,,,State adoption of Stand Your Ground (SYG) laws allowing use of deadly force in public places,"Legal immunity, no duty to retreat, lethal force permitted outside the home",N/A,N/A,N/A,States not passing SYG laws during study period,Weibull survival analysis (fixed effects),Passage of SYG law predictor measures - % Non-Hispanic Black ,Table 3 ,firearm policy,Hazard ratio (HR) of adopting SYG law (dichotomous),,,,,Annual (2005–2012),,1.034,0.033,N/A,N/A,N/A,N/A,↔ null,"Yes – by race (Black vs. Latino), political ideology",Latino % associated with lower hazard; elite ideology (more conservative) increased hazard,National NRA lobbying; peer-state influence (diffusion of legislation),Conservative elite control facilitated passage; no evidence crime trends drove legislation,,,a little odd to assign direction of effect here,,Firearm policy / legal change,Stand-your-ground / self-defense immunity,System: policy change (access-restricting/regulatory),
,,,,,,,,,,,,,,,,,,,,,,,,,,,,,...,... - % Latino,...,firearm policy,...,,,,,...,,0.932*,0.029,...,...,0.05,...,↓ beneficial,...,...,,,,,,,,,,
,,,,,,,,,,,,,,,,,,,,,,,,,,,,,...,... - Violent crime rate,...,firearm policy,...,,,,,...,,1,0.002,...,...,N/A,...,↔ null,...,...,,,,,,,,,,
,,,,,,,,,,,,,,,,,,,,,,,,,,,,,...,... - Property crime rate,...,firearm policy,...,,,,,...,,1.001,0.001,...,...,N/A,...,↔ null,...,...,,,,,,,,,,
,,,,,,,,,,,,,,,,,,,,,,,,,,,,,...,... - Elite political ideology (liberal = higher),...,firearm policy,...,,,,,...,,0.967**,0.01,...,...,0.01,...,↓ beneficial,...,...,,,,,,,,,,
,,,,,,,,,,,,,,,,,,,,,,,,,,,,,...,... - Citizen Ideology ,...,firearm policy,...,,,,,...,,0.989,0.019,...,...,N/A,...,↔ null,...,...,,,,,,,,,,
,,,,,,,,,,,,,,,,,,,,,,,,,,,,,,,,,,,,,,,,,,,,,,,,,,,,,,,,,,
,,10.1186/s40621-021-00331-z,89,Floyd 2021,"Floyd, A.S. et al. ",2021,"United States - Seattle, WA",City of Seattle; Arnold Ventures,Commentary,Randomized Controlled Trial (RCT) – commentary on implementation,Person,"2 years (for primary outcomes, not analyzed in this article)",N/A,N/A,Urban,"Harborview Medical Center, Seattle – Level 1 trauma center. Patients hospitalized with firearm injuries; 46% racial/ethnic minority; 72.8% with prior arrest",N/A,N/A,Hospital-based; community-based,"hospital-based, community-based",,,"“Helping Individuals with Firearm Injuries (HiFi)” program, based on Critical Time Intervention. Support Specialist provided 6-month support post-discharge, beginning with motivational goal-setting","Goal-setting, hospital-based engagement, community-based support, referrals",Yes – 6-month structured follow-up,Yes – discussed in companion paper (Lyons et al. 2020),Support provided by social work-trained Support Specialist; fidelity and engagement monitored,Referral list only; access to standard hospital social work,"This paper does not report statistical outcome estimates. Instead, it discusses implementation barriers encountered during a trial that evaluated: primary outcome (arrest over 2 years post-discharge), and secondary outcome (injury recidivism). ",,,,,,,,,,,,,,,,,,,,Patients from highly policed communities; authors discuss “system avoidance” and trauma from racism as context,"Unpredictable patient arrivals, lack of full-time staff, missed eligibility windows. Housing instability, changing contact info, lack of phone/internet, limited time. Broad recovery needs, difficulty connecting to housing and compensation",Lyons et al. 2021 should have the main RCT,,seems fine for a qual study,,Clinical counseling / screening,Clinical counseling / screening / decision support,Service: clinical counseling/screening (behavior change),
,,,,,,,,,,,,,,,,,,,,,,,,,,,,,,,,,,,,,,,,,,,,,,,,,,,,,,,,,,
,,10.1007/s11292-021-09461-2,90,Fox 2022,"Fox, B. et al. ",2021,"United States - Tampa, FL",N/A,Journal Article ,Quasi-experimental (nonequivalent groups with synthetic control),City,36 mo post-intervention,N/A,N/A,Urban,Mid-sized US city with high firearm violence; intervention implemented citywide in Tampa. Individuals identified as high-risk violent and gun offenders via a multi-factor risk assessment,"295.8 violent crimes / 100,000 pop; 97.4 gun crimes / 100,000 pop (Table 1)","6 jurisdictions (1 treatment, 5 controls); 72 agency-period observations total",Policing,policing,,,"Project Safe Neighborhoods (PSN) with enhanced enforcement, federal prosecutions, and risk-focused targeting via Violent Impact Player List (VIP List)","Evidence-based risk scoring, enhanced enforcement, federal sentencing, strategic messaging",Yes – targeting <50 individuals at any time; updated weekly ,Yes,"Objective VIP List scored weekly; collaboration with TPD, USAO, SAO, and FBI for proactive targeting; enhanced charges and sentencing pursued","Synthetic control based on 5 matched Florida cities (St. Petersburg, Orlando) with no PSN intervention",Synthetic control + zero-truncated negative binomial regressions,Violent crime rates: Pre-test ,Table 2,crime,"Violent crimes (murder, robbery, aggravated assault) / 100,000",,,,,Baseline (2013–2015),,0.96,0.05,N/A,N/A,N/A,d = −0.16,↓ beneficial,N/A,Examined across 3 annual post-periods; largest effect in 2016; gun crime reductions peaked in 2017,N/A,Use of objective criteria (VIP List) enhanced legitimacy and focus; federal-state collaboration enabled higher sanctions without mass arrests,,,these are confusing effect sizes. Where are the NB coefficients? are these just pre-test and post-test values?,check,Firearm policy / legal change,Other firearm policy/legal,System: policy change (access-restricting/regulatory),
,,,,,,,,,,,,,,,,,,,,,,,,,,,,,...,Violent crime rates: Post-test 1 ,...,crime,...,,,,,2016,,0.29,0.13,...,...,0.001,...,↓ beneficial,...,...,,,,,,,,,,
,,,,,,,,,,,,,,,,,,,,,,,,,,,,,...,Violent crime rates: Post-test 2 ,...,crime,...,,,,,2017,,0.32,0.34,...,...,0.001,...,↓ beneficial,...,...,,,,,,,,,,
,,,,,,,,,,,,,,,,,,,,,,,,,,,,,...,Violent crime rates: Post-test 3 ,...,crime,...,,,,,2018,,0.62,0.26,...,...,0.01,...,↓ beneficial,...,...,,,,,,,,,,
,,,,,,,,,,,,,,,,,,,,,,,,,,,,,...,Gun crime rates: Pre-test ,...,firearm crime,"Violent offenses committed with a firearm / 100,000",,,,,Baseline (2013–2015),,0.93,0.1,...,...,N/A,d = −0.22,↓ beneficial,...,...,,,,,,,,,,
,,,,,,,,,,,,,,,,,,,,,,,,,,,,,...,Gun crime rates: Post-test 1 ,...,firearm crime,...,,,,,2016,,0.52,0.26,...,...,0.01,...,↓ beneficial,...,...,,,,,,,,,,
,,,,,,,,,,,,,,,,,,,,,,,,,,,,,...,Gun crime rates: Post-test 2 ,...,firearm crime,...,,,,,2017,,0.2,0.35,...,...,0.001,...,↓ beneficial,...,...,,,,,,,,,,
,,,,,,,,,,,,,,,,,,,,,,,,,,,,,...,Gun crime rates: Post-test 3 ,...,firearm crime,...,,,,,2018,,0.61,0.4,...,...,N/A,...,↓ beneficial,...,...,,,,,,,,,,
,,,,,,,,,,,,,,,,,,,,,,,,,,,,,,,,,,,,,,,,,,,,,,,,,,,,,,,,,,
,,10.2105/AJPH.2024.307689,91,Fridel 2024,"Fridel, E. et al. ",2024,United States - National ,N/A,Journal Article ,Longitudinal panel analysis with negative binomial regressions ,State ,30 years (1991-2020),N/A,N/A,Mixed ,State-level firearm law variations. Young adults between the ages of 18-20 ,Average firearm suicide rate approx. 9.55/100k in 1994; dropped to 4.12 in 2010. ,"50 states x 30 years (1,500 observations) ",Legislation ,legislation,,,"Minimum handgun purchase age laws, handgun ammunition restrictions, permit-to-purchase (PTP), and universal background checks","Increased minimum purchase age (21) for private handgun sales, PTP licensing, mandatory background checks","Yes – binary law indicators, 1-year lag",Yes ,Laws coded annually based on effective dates ,States without these laws during the study period. ,Negative binomial regression with generalized estimating equations,Base Model: Firearms Suicide - Aged 21 y to purchase handguns,Table 2 ,firearm suicide mortality,Annual count of suicides by firearm,,,,,1991–2020,,0.88,N/A,0.79,0.98,p< 0.05,N/A,↓ beneficial,Yes – firearm vs nonfirearm vs total. Also by sociodemographic controls. ,PTP laws more effective than minimum age alone; joint implementation most protective,"Adjusted for other firearm laws, gun ownership rates, alcohol use, crime rates, incarceration, and demographics",Young adults access guns from household/friends; long guns not covered by age law,Permit-to-purchase laws significantly reduce firearm and total suicides among young adults; minimum age alone has limited impact unless paired with PTP,,"again, what's currently in outcome name should be in intervention, otherwise fine",check,Firearm policy / legal change,Background checks / permits to purchase / sales regulation,System: policy change (access-restricting/regulatory),
,,,,,,,,,,,,,,,,,,,,,,,,,,,,,...,... - Permit to purchase ,...,firearm suicide mortality,...,,,,,...,,0.61,...,0.51,0.74,p< 0.001,...,↓ beneficial,,,,,,,,,,,,
,,,,,,,,,,,,,,,,,,,,,,,,,,,,,...,"... -  Aged 21 y to purchase handgun
ammunition",...,firearm suicide mortality,...,,,,,...,,0.97,...,0.81,1.15,N/A,...,↔ null,,,,,,,,,,,,
,,,,,,,,,,,,,,,,,,,,,,,,,,,,,...,... -  Point-of-sale background checks ,...,firearm suicide mortality,...,,,,,...,,0.97,...,0.87,1.08,N/A,...,↔ null,,,,,,,,,,,,
,,,,,,,,,,,,,,,,,,,,,,,,,,,,,...,"... - Total number of laws
(standardized)",...,firearm suicide mortality,...,,,,,...,,0.9,...,0.83,0.99,< 0.01,...,↓ beneficial,,,,,,,,,,,,
,,,,,,,,,,,,,,,,,,,,,,,,,,,,,...,Interaction Model: Firearms Suicide - Aged 21 y to purchase handguns,...,firearm suicide mortality,...,,,,,...,,0.92,...,0.84,1.01,N/A,...,↔ null,,,,,,,,,,,,
,,,,,,,,,,,,,,,,,,,,,,,,,,,,,...,... - Permit to purchase ,...,firearm suicide mortality,...,,,,,...,,0.77,...,0.69,0.87,< 0.001,...,↓ beneficial,,,,,,,,,,,,
,,,,,,,,,,,,,,,,,,,,,,,,,,,,,...,"... -  Aged 21 y to purchase handgun
ammunition",...,firearm suicide mortality,...,,,,,...,,1.03,...,0.87,1.21,N/A,...,↔ null,,,,,,,,,,,,
,,,,,,,,,,,,,,,,,,,,,,,,,,,,,...,... -  Point-of-sale background checks ,...,firearm suicide mortality,...,,,,,...,,0.99,...,0.89,1.1,N/A,...,↔ null,,,,,,,,,,,,
,,,,,,,,,,,,,,,,,,,,,,,,,,,,,...,"... - Total number of laws
(standardized)",...,firearm suicide mortality,...,,,,,...,,0.88,...,0.81,0.96,< 0.01,...,↓ beneficial,,,,,,,,,,,,
,,,,,,,,,,,,,,,,,,,,,,,,,,,,,,,,,,,,,,,,,,,,,,,,,,,,,,,,,,
,,10.1080/01924036.2022.2071309,92,Fuentes 2023,"Fuentes, C.M. et al. ",2023,Guatemala - 340 municipalities ,Consejo Nacional de Ciencia y Tecnología (CONACYT),Journal Article ,Cross-sectional ecological analysis,Municipality,Single year (2018),N/A,N/A,Mixed ,Municipal-level firearm permits and homicide data (consists of general population in Guatemala). ,National firearm homicide rate: 81% of total homicides (2018),340 municipalities (cross-sectional dataset),Policy ,legislation,,,Firearm permits: Municipal rates of firearm carrying permits and firearm ownership permits,Licenses for carrying firearms; licenses for firearm ownership,"Rates per 10,000 inhabitants; modeled as natural logarithms",Yes - data from DIGECAM (official registry),Official 2018 registry of firearm permits by municipality,Municipalities with lower rates of firearm permits,Negative binomial regression ,Firearm homicide rate - Gun Ownership Model,Table 5 - Model 1 (Gun Ownership),firearm homicide mortality,"Firearm homicides per 100,000",,,,,2018,,0.429,0.07,N/A,N/A,< 0.01,N/A,↑ harmful,Yes - rural vs. urban; indigenous vs. non-indigenous,"Higher firearm homicide rates in non-indigenous, urban municipalities with high permit rates","Weak state presence, drug trafficking regions, existing subculture of violence",Low law enforcement presence led to self-protection via firearm acquisition,,,slightly unclear-- is this coef for 1 increase in permit?,check,Firearm policy / legal change,Other firearm policy/legal,System: policy change (access-restricting/regulatory),
,,,,,,,,,,,,,,,,,,,,,,,,,,,,,...,Firearm homicide rate - Gun Carrying Model,Table 5 - Model 2 (Gun Carrying),firearm homicide mortality,...,,,,,...,,0.367,0.005,...,...,< 0.01,...,↑ harmful,...,...,,,,,,,,,,
,,,,,,,,,,,,,,,,,,,,,,,,,,,,,,,,,,,,,,,,,,,,,,,,,,,,,,,,,,
,,10.1542/peds.2003-0635-L,93,Gatheridge 2004,"Gatheridge, B.J. et al. ",2004,"United States - Fargo, ND",N/A,Journal Article ,Randomized controlled trial (posttest-only with control),Individual child,Posttest within 1 week after training,N/A,N/A,Suburban,After-school program facility: Children aged 6–7 years,N/A,45 children (15 BST; 15 Eddie Eagle; 15 control),Behavioral training program,behavioral,,,"Behavioral skills training (BST) and Education program. BST included instruction, modeling, rehearsal, feedback; Eddie Eagle was information-based program","Safety message: “stop, don’t touch, leave the area, tell an adult”",5 sessions (~10–15 min each),Yes,"Delivered in small groups, standardized trainer protocol",No training control group,Kruskal-Wallis test,Self-report firearm safety behavior: BST,Figure 1,firearm behaviors and attitudes,Score 0–3 for verbalized safety steps,,,,,Posttest,,2.8,N/A,N/A,N/A,< 0.001,N/A,↓ beneficial,N/A,BST consistently superior for skill demonstration and generalization,N/A,N/A,Eddie Eagle effective for knowledge only; BST effective for behavior and generalization; in situ booster enhanced skills in both groups,,"I'm very confused about these coefficients but I think that's more of a problem with the paper than the extraction, unless we're missing pretest scores?",check,Clinical counseling / screening,Clinical counseling / screening / decision support,Service: clinical counseling/screening (behavior change),
,,,,,,,,,,,,,,,,,,,,,,,,,,,,,...,Self-report firearm safety behavior: Eddie Eagle,...,firearm behaviors and attitudes,...,,,,,...,,2.53,...,...,...,< 0.001,...,↓ beneficial,...,...,,,,,,,,,,
,,,,,,,,,,,,,,,,,,,,,,,,,,,,,...,Role-play firearm safety behavior: BST ,...,firearm behaviors and attitudes,Score 0–3 for demonstrated safety behavior,,,,,...,,3,...,...,...,p < 0.05,...,↓ beneficial,...,...,,,,,,,,,,
,,,,,,,,,,,,,,,,,,,,,,,,,,,,,...,Role-play firearm safety behavior: Eddie Eagle ,...,firearm behaviors and attitudes,...,,,,,...,,2,...,...,...,p < 0.01,...,↓ beneficial,...,...,,,,,,,,,,
,,,,,,,,,,,,,,,,,,,,,,,,,,,,,...,In situ firearm safety behavior: BST,...,firearm behaviors and attitudes,Score 0–3 for behavior when unaware of being assessed,,,,,...,,2.6,...,...,...,p < 0.001,...,↓ beneficial,...,...,,,,,,,,,,
,,,,,,,,,,,,,,,,,,,,,,,,,,,,,...,In situ firearm safety behavior: Eddie Eagle ,...,firearm behaviors and attitudes,...,,,,,...,,0.73,...,...,...,p < 0.001,...,↔ null,...,...,,,,,,,,,,
,,,,,,,,,,,,,,,,,,,,,,,,,,,,,,,,,,,,,,,,,,,,,,,,,,,,,,,,,,
,,10.1007/s11524-024-00870-y,94,Gause 2024,"Gause, E.L. et al. ",2024,"United States - Toledo, OH",National Institute on Minority Health and Health Disparities Grant,Journal Article,Matched spatial case-control analysis,Location (street intersection or block midpoint),16 months (Oct. 2021 - Feb. 2023),N/A,N/A,Urban ,Toledo city neighborhoods with varying levels of physical disinvestment. Street-level locations where firearm incidents occured vs. matched controls,"281 firearm incidents over 19,750 blocks: 281 shooting locations (21% fatal); 63% of controls had abandoned buildings","1,405 locations (281 cases, 1,124 controls)","Built environment / place-based – disinvestment (exposure, not intervention)",place-based,,,"Physical disinvestment measured via parcel audit: building disrepair, vacant lots, abandoned structures","Six-condition disrepair index, tree coverage, binary presence of abandoned buildings and lots",Yes – continuous and binary measures used,Yes ,"Citywide parcel foot audit of all 119,376 city parcels by Lucas County Land Bank (June–Oct 2021)",Matched non-shooting blocks within same high-poverty neighborhoods (1:4),Logistic regression without spatial autocorrelation,Firearm shooting incidence= Composite disinvestment score,Table 2 ,shootings,Presence of shooting (assault or homicide),,,,,,,1.79,N/A,1.55,2.06,< 0.001,N/A,↑ harmful,N/A,All exposure measures consistently associated with elevated risk,"Local violence prevention efforts (outreach, funding) active during study period","Parcel audit used for internal decision-making, allowing seamless integration into research",,,looks good,,Firearm policy / legal change,Other firearm policy/legal,System: policy change (access-restricting/regulatory),check
,,,,,,,,,,,,,,,,,,,,,,,,,,,,,...,...= % of structures with any disrepair,...,shootings,10% increase in % of nearby parcels with ≥1 disrepair condition,,,,,,,1.36,...,1.26,1.46,< 0.001,...,↑ harmful,...,...,,,,,,,,,,
,,,,,,,,,,,,,,,,,,,,,,,,,,,,No abandoned structures,...,...= Presence of abandoned structures,...,shootings,Any abandoned building within 5-min walk,,,,,,,2.6,...,1.88,3.66,< 0.001 ,...,↑ harmful,...,...,,,,,,,,,,
,,,,,,,,,,,,,,,,,,,,,,,,,,,,No abandoned vacant lots ,...,...= Presence of abandoned vacant lots,...,shootings,Any abandoned lot within 5-min walk,,,,,,,2.5,...,1.77,3.6,< 0.001,...,↑ harmful,...,...,,,,,,,,,,
,,,,,,,,,,,,,,,,,,,,,,,,,,,,,...,...= Tree present % (% of parcels with ≥1 tree),...,shootings,10% increase in nearby parcels with trees,,,,,,,0.91,...,0.85,0.98,< 0.01,...,↓ beneficial,...,...,,,,,,,,,,
,,,,,,,,,,,,,,,,,,,,,,,,,,,,,,,,,,,,,,,,,,,,,,,,,,,,,,,,,,
,,10.1136/jech-2018-211246,95,Ghiani 2019,"Ghiani, M. et al. ",2019,United States - 45 States,N/A,Journal Article,Quasi-experimental – difference-in-differences,State,16 years (1999–2015),N/A,N/A,Mixed,"School settings across 45 U.S. states, urban/suburban/rural variation not specified. 9th–12th grade students (aged ≥14); sex and race/ethnicity also available data",N/A,"N = 926,639 adolescents",Legislation,legislation,,,Strengthening of state-level gun laws measured by a composite index of 133 provisions,"Composite gun control index (dealer, buyer, possession, background checks, etc.)",Yes – Index ranged from 3 to 102; IQR = 15 points,N/A,"Variation in index over time and across states; 17 states increased their scores, 17 decreased; no detailed implementation metrics",States with lower/no changes in gun law index,Logistic regression with state and year fixed effects; marginal effects reported,Weapon Threat at School,Table 4 ,firearm behaviors and attitudes,Self-reported ≥1 threats or injuries with a weapon at school in past 12 months,,,,,1999-2015,,-0.008,N/A,N/A,N/A,0.029,% experiencing threat = 7.0%,↓ beneficial,Yes – sex and race/ethnicity,Race/ethnicity differences: Weapon carrying at school increased for Black students despite stricter laws; Hispanic and Other students had significant decreases in gun carrying; no effect for Whites or Blacks. ,"Adjusted for other time-varying state policies (anti-bullying laws, marijuana initiation, beer tax, crime rate, unemployment, teacher salaries)",N/A,,,seems good,,Firearm policy (index/strength measure),Policy environment index / composite score,System: measurement/index (policy strength),
,,,,,,,,,,,,,,,,,,,,,,,,,,,,,...,Weapon Carrying at School,...,firearm behaviors and attitudes,Carried weapon ≥1 day in past 30 days on school property,,,,,...,,0.001,N/A,N/A,N/A,0.851,4.8% experiencing threat ,↔ null,...,...,,,,,,,,,,
,,,,,,,,,,,,,,,,,,,,,,,,,,,,,...,Weapon Carrying at any Location,...,firearm behaviors and attitudes,Carried weapon ≥1 day in past 30 days anywhere,,,,,...,,-0.019,N/A,N/A,N/A,0.001,16.0% experiencing threat,↓ beneficial,...,...,,,,,,,,,,
,,,,,,,,,,,,,,,,,,,,,,,,,,,,,...,Gun Carrying at any Location,...,firearm behaviors and attitudes,Carried a gun ≥1 day in past 30 days anywhere,,,,,,,-0.008,N/A,N/A,N/A,0.063,55.0% experiencing threat ,↔ null,...,...,,,,,,,,,,
,,,,,,,,,,,,,,,,,,,,,,,,,,,,,...,Unsafe ,...,firearm behaviors and attitudes,Missed ≥1 school day in past 30 days due to feeling unsafe,,,,,,,-0.011,N/A,N/A,N/A,0.002,6.1% experiencing threat,↓ beneficial,...,...,,,,,,,,,,
,,,,,,,,,,,,,,,,,,,,,,,,,,,,,,,,,,,,,,,,,,,,,,,,,,,,,,,,,,
,,10.1097/TA.0000000000000141,96,Ginwalla 2014,"Ginwalla, R. et al.",2014,United States - Southern Arizona,N/A,Journal Article,Before–after study (retrospective observational cohort),Region (Southern Arizona),24 months prelaw + 24 months postlaw = 48 mo,N/A,N/A,Mixed,"Tucson metropolitan area, Level I trauma center and county medical examiner data used. General population of Tucson / Pima County; injuries and deaths involving firearms. ","Prelaw firearm-related deaths: 415 / 167,216 at-risk = 0.25%
Prelaw GRIDs (all): 854 / 167,216 = 0.51%","Prelaw at-risk population = 167,216
Postlaw at-risk population = 152,562",Legislation,legislation,,,"Arizona Senate Bill 1108 (SB-1108) removed permit and training requirements for carrying concealed weapons as of July 29, 2010",Removal of concealed carry permit requirement and mandatory training,Yes – universal eligibility without permit,N/A,Law was passed and went into effect; firearm purchases increased postlaw,Prelaw period (permit and training required to carry concealed): Reference Category - Entire population at risk ,Relative Risk (RR) and Chi-square (χ²),Gun-Related Injuries and Deaths (GRIDs),Table 3,firearm mortality,All injuries and deaths involving firearms (hospital + medical examiner data),,,,,Prelaw (Aug 2008–July 2010); Postlaw (Aug 2010–July 2012),,1.11,N/A,1.01,1.22,0.036,854 (prelaw) vs 862 (postlaw) events,↑ harmful,Yes – injury intent (intentional vs accidental); violent crime involvement,...,Increase in firearm background checks postlaw; National upward trend in gun purchasing,"No background check requirement for private sales. Lack of training may have influenced patterns of gun access/use. Lack of linked data across trauma center, medical examiner, and law enforcement cited as barrier",,,,,Firearm policy / legal change,Other firearm policy/legal,System: policy change (access-restricting/regulatory),
,,,,,,,,,,,,,,,,,,,,,,,,,,,,,...,Gun-Related Deaths (GR deaths),...,firearm mortality,Total firearm-related deaths (homicide + suicide + accidental),,,,,...,,1.14,...,0.997,1.31,0.555,415 → 432,↑ harmful,...,...,,,,,,,,,,
,,,,,,,,,,,,,,,,,,,,,,,,,,,,,...,GR homicide,...,firearm homicide mortality,Homicides due to firearm,,,,,...,,1.27,...,1.02,1.58,0.035,148 → 171,↑ harmful,...,Gun-related homicide increased 24% among those involved in violent crime ,,,,,,,,,,
,,,,,,,,,,,,,,,,,,,,,,,,,,,,,...,GR suicide,...,firearm suicide mortality,Suicides due to firearm,,,,,...,,1.07,...,0.902,1.28,N/A,254 → 249,↔ null,...,Gun-related suicide unchanged across groups,,,,,,,,,,
,,,,,,,,,,,,,,,,,,,,,,,,,,,,Reference Category - Violent crime ,...,iGRID,...,firearm mortality,All intentional firearm injuries and deaths among those involved in violent crime,,,,,...,,1.06,...,0.964,1.17,N/A,730 → 723 events,↔ null,...,...,,,,,,,,,,
,,,,,,,,,,,,,,,,,,,,,,,,,,,,,...,iGR deaths,...,firearm mortality,Intentional firearm deaths among those involved in violent crime,,,,,...,,1.12,...,0.981,1.28,N/A,402 → 420 deaths,↑ harmful,...,...,,,,,,,,,,
,,,,,,,,,,,,,,,,,,,,,,,,,,,,,...,iGR homocide,...,firearm homicide mortality,Homicides involving firearms among violent crime-involved individuals,,,,,...,,1.24,...,0.997,1.54,0.05,148 → 171 deaths,↑ harmful,...,...,,,,,,,,,,
,,,,,,,,,,,,,,,,,,,,,,,,,,,,,...,iGR suicide,...,firearm suicide mortality,Firearm suicides among violent crime-involved individuals,,,,,...,,1.05,...,0.886,1.25,N/A,254 → 249 suicides,↔ null,...,...,,,,,,,,,,
,,,,,,,,,,,,,,,,,,,,,,,,,,,,Reference Category: Accidents,...,aGRID,...,firearm unintentional mortality,Accidental firearm injuries/deaths,,,,,...,,1.18,...,0.933,1.49,N/A,124 → 139,↔ null,...,Accidental deaths were rare and unchanged,,,,,,,,,,
,,,,,,,,,,,,,,,,,,,,,,,,,,,,,...,aGR deaths,...,firearm unintentional mortality,Deaths due to accidental firearm discharge,,,,,...,,0.97,...,0.444,2.12,N/A,13 → 12 deaths,↔ null,...,...,,,,,,,,,,
,,,,,,,,,,,,,,,,,,,,,,,,,,,,Refernece Category: National Bakground Checks,...,Arizona Background Check,...,firearm policy,Background checks conducted for firearm purchases in AZ (proxy for legal purchases),,,,,...,,1.06,...,1.05,1.06,N/A,"423,633 (1.50% of pop.) → 522,821 (1.59%)",↑ harmful,...,...,,,,,not sure what this row is referring to,,,,,
,,,,,,,,,,,,,,,,,,,,,,,,,,,,,,,,,,,,,,,,,,,,,,,,,,,,,,,,,,
,,10.1080/13504851.2020.1720903,97,Gius 2020,Mark Gius ,2020,United States - Connecticut and Indiana,N/A,Journal Article,Quasi-experimental – Synthetic Control Method,State,28 years (1990–2017),N/A,N/A,Mixed,"State-level analysis; 33 control states, 2 treated states (CT and IN). General population; aggregated state-level data",N/A,2 treated states; 33 control states; state-level data from 1990–2017,Legislation,legislation,,,State-level firearm seizure laws allowing police to remove guns from individuals deemed dangerous,Court-authorized firearm seizure; time-limited retention of firearms,Yes – implemented in CT (1999) and IN (2005); ~100 seizures/year in CT,N/A,CT and IN laws differ in duration of firearm retention and criteria for seizure. ,Synthetic control states (weighted average of matched states with no seizure law),Synthetic control method with t-test,Connecticut SCM murder results: Pre law,Chart 1 ,overall mortality,State-level all-cause homicide rate,,,,,Pre-treatment (before 1999),,−0.108,N/A,N/A,N/A,N/A,N/A,N/A,Yes – CT vs. IN,Firearm Seizure Law Signifcantly Reduced Murder Rate,12 states excluded due to missing data; CA/WA/OR excluded for late policy adoption,Variability in law design,,,"outcome should be mortality, comparator should change from row to row",,Firearm policy / legal change,Other firearm policy/legal,System: policy change (access-restricting/regulatory),
,,,,,,,,,,,,,,,,,,,,,,,,,,,,,...,Connecticut SCM murder results: Post law,...,overall mortality,...,,,,,Post-law period (1999 onward) ,,−7.01,...,...,...,...,...,↓ beneficial,...,...,,,,,,,,,,
,,,,,,,,,,,,,,,,,,,,,,,,,,,,,...,Connecticut SCM gun murder results: Pre law,Chart 2,firearm homicide mortality,"Homicides involving firearms per 100,000",,,,,Pre-treatment (before 1999),,−0.058,...,...,...,...,...,N/A,...,Firearm Seizure Law Signi cantly Reduced Gun Murder Rate,,,,,,,,,,
,,,,,,,,,,,,,,,,,,,,,,,,,,,,,...,Connecticut SCM gun murder results: Post law,...,firearm homicide mortality,...,,,,,Post-law period (1999 onward) ,,−5.213,...,...,...,...,...,↓ beneficial,...,...,,,,,,,,,,
,,,,,,,,,,,,,,,,,,,,,,,,,,,,,...,Indiana SCM murder results.,Chart 3 ,overall homicide mortality,State-level all-cause homicide rate,,,,,Pre-treatment (before 1999),,0.205,...,...,...,...,...,N/A,...,Firearm Seizure Law Had No E ect on Murder Rate,,,,,,,,,,
,,,,,,,,,,,,,,,,,,,,,,,,,,,,,...,Indiana SCM murder results.,...,overall homicide mortality,...,,,,,Post-law period (1999 onward) ,,0.226,...,...,...,...,...,↔ null,...,...,,,,,,,,,,
,,,,,,,,,,,,,,,,,,,,,,,,,,,,,...,Indiana SCM gun murder results.,Chart 4,firearm homicide mortality,"Homicides involving firearms per 100,000",,,,,Pre-treatment (before 1999),,0.174,...,...,...,...,...,N/A,...,Firearm Seizure Law Signi cantly Increased Gun Murder Rate,,,,,,,,,,
,,,,,,,,,,,,,,,,,,,,,,,,,,,,,...,Indiana SCM gun murder results.,...,firearm homicide mortality,...,,,,,Post-law period (1999 onward) ,,2.27,...,...,...,...,...,↑ harmful,...,...,,,,,,,,,,
,,,,,,,,,,,,,,,,,,,,,,,,,,,,,,,,,,,,,,,,,,,,,,,,,,,,,,,,,,
,,10.1080/13504851.2017.1319555,98,Gius 2018,Mark Gius ,2018,United States - State-level,N/A,Journal Article,Panel data analysis with two-way fixed effects,State,25 years (1990–2014),N/A,N/A,Mixed,U.S. states; all education levels (K–12 + higher education). All U.S. states; outcome: number of individuals injured or killed in school shootings.,Avg. 14 killed and 15 injured in school shootings per year (1990–2014),50 states × 25 years = 1250 state-year observations,Legislation,legislation,,,"Examined 4 laws:
- State assault weapons bans
- State private sale background checks
- Federal background checks (Brady Act)
- State restrictive concealed carry laws (""may issue"" or ""prohibited"")",Legislative restrictions; modeled as binary (0/1) state-year variables,Yes – binary exposure by state and year,N/A,Combined federal and state AWB into one variable to account for overlapping years,States without the law(s) in a given year,Poisson fixed effects regression,Number of school shooting victims (injured or killed)= Effect from Assault Weapons Ban,Table 1,mass shootings,Annual count of people shot or killed in school shootings per state,,,,,1990–2014,,-0.785,-4.81,N/A,N/A,p <1%,Total killed: 354 (1990–2014); Total injured: 382,↓ beneficial,N/A,N/A,"Federal assault weapons ban (1994–2004) applied to all states. Varied state gun laws, educational spending, and demographics. ","Significant variables: alcohol consumption, unemployment, gun ownership proxy (firearm suicide ratio), and youth population",,,seems like outcome domain is morbidity/mortality. And intervention should be changing row to row,,Firearm policy / legal change,Background checks / permits to purchase / sales regulation,System: policy change (access-restricting/regulatory),
,,,,,,,,,,,,,,,,,,,,,,,,,,,,,...,...= Effect from Federal Background Checks,...,mass shootings,Dummy variable for Brady Act post-1994,,,,,...,,0.346,1.45,...,...,N/A,N/A,↔ null,...,...,,,,,,,,,,
,,,,,,,,,,,,,,,,,,,,,,,,,,,,,...,...= Effect from State Background Checks,...,mass shootings,Dummy variable if state required background checks for private sales,,,,,...,,0.223,0.94,...,...,N/A,N/A,↔ null,...,...,,,,,,,,,,
,,,,,,,,,,,,,,,,,,,,,,,,,,,,,...,...= Effect from Concealed Carry Laws,...,mass shootings,Dummy variable if state had ‘may issue’ or ‘prohibited’ law,,,,,...,,-0.185,-1.08,...,...,N/A,N/A,↔ null,...,...,,,,,,,,,,
,,,,,,,,,,,,,,,,,,,,,,,,,,,,,,,,,,,,,,,,,,,,,,,,,,,,,,,,,,
,,10.1007/s11293-016-9529-z,99,Gius 2017,Mark Gius ,2017,United States - National,N/A,Journal Article,Fixed effects panel regression (two-way: state and year),State,32 years (1980–2011),N/A,N/A,Mixed,All 50 U.S. states analyzed for permit-to-purchase (PTP) status and firearm murder rates. State-level population; firearm homicide outcomes. ,"Mean firearm murder rate = 3.42 per 100,000","1546 state-year observations (1980–2011), after removing 18 outliers from 1564",Legislation,legislation,,,Permit-to-purchase (PTP) laws require prospective gun buyers to obtain permits (often in person) before purchase,"Background checks, police station application, coverage of both dealer and private sales",Yes - binary exposure (1 if PTP law is in effect),N/A,Laws varied slightly by state; status verified using statutes when secondary sources disagreed,States without PTP laws in a given year,Two-way fixed effects linear regression,Firearm murder rate: Permit-to-purchase law ,Table 3 ,firearm homicide mortality,"Firearm-related homicides per 100,000",,,,,1980–2011,,-0.182,-1.2,N/A,N/A,N/A,N/A,↔ null,N/A,N/A,"Included other state laws (assault weapons bans, background checks, right-to-carry) in sensitivity models, but they had no change in PTP findings",Some variation in state laws; heterogeneity not examined,,,looks good,,Firearm policy / legal change,Background checks / permits to purchase / sales regulation,System: policy change (access-restricting/regulatory),
,,,,,,,,,,,,,,,,,,,,,,,,,,,,,Log-linear fixed effects model,Log firearm murder rate: Permit-to-purchase law,Table 4 ,firearm homicide mortality,"Natural log of firearm homicides per 100,000",,,,,...,,−0.594,-1.55,N/A,N/A,N/A,N/A,↔ null,N/A,N/A,,,,,,,,,,
,,,,,,,,,,,,,,,,,,,,,,,,,,,,,,,,,,,,,,,,,,,,,,,,,,,,,,,,,,
,,10.1080/00036846.2015.1023946,100,Gius 2015,Mark Gius ,2015,United States - National ,N/A,Journal Article,"Two-way fixed effects regression (linear and log-linear), with robustness checks including 2SLS and state-year interactions",State,32 years (1980–2011),N/A,N/A,Mixed,U.S. state-level data with gun-related murder rates as primary outcome. General population of all 50 states. ,"Mean firearm murder rate = 3.42 per 100,000 (SD = 2.32)","1,546 state-year observations (18 outliers removed from 1,564)",Legislation,legislation,,,Federal dealer background checks (Brady Act); State-level dealer background checks; State-level private sale background checks,Background checks via FFLs or private sellers; binary coding for law presence,Yes – coded per state per year,N/A,"Laws coded using multiple sources (Brady Campaign, Law Center, etc.); some heterogeneity across states",States without background check laws during the same time,Fixed effects linear regression,Gun-related murder rate: State-level dealer background check,Table 2 ,firearm homicide mortality,"Homicides involving firearms per 100,000",,,,,1994–2010,,−0.683,-5.34,N/A,N/A,p < 0.01,N/A,↓ beneficial,Yes – multiple estimation strategies and Brady Act period vs. full panel,Brady Act consistently ↓ murder rates across models,"Socioeconomic covariates controlled: % Black, urban population, alcohol use, income, etc.",Private checks may be circumvented; illegal market or interstate purchase likely. Federal dealer checks more consistently implemented,,,intervention should be changing row to row,,Firearm policy / legal change,Background checks / permits to purchase / sales regulation,System: policy change (access-restricting/regulatory),
,,,,,,,,,,,,,,,,,,,,,,,,,,,,,...,Gun-related murder rate: State-level private sales background check,...,firearm homicide mortality,...,,,,,...,,1.05,7.47,...,...,p < 0.01,...,↑ harmful,...,...,,,,,,,,,,
,,,,,,,,,,,,,,,,,,,,,,,,,,,,,...,Gun-related murder rate: Federal dealer background check (Brady Act),...,firearm homicide mortality,...,,,,,...,,−3.49,-10.54,...,...,p < 0.01,...,↓ beneficial,...,...,,,,,,,,,,
,,,,,,,,,,,,,,,,,,,,,,,,,,,,,Two-stage least squares model second stage results linear model,Gun-related murder rate: State-level dealer background check,Table 4,firearm homicide mortality,...,,,,,...,,-0.0898,-0.83,...,...,N/A,...,↔ null,...,...,,,,,,,,,,
,,,,,,,,,,,,,,,,,,,,,,,,,,,,,...,Gun-related murder rate: State-level private sales background check,...,firearm homicide mortality,...,,,,,...,,0.506,4.44,...,...,p < 0.01,...,↑ harmful,...,...,,,,,,,,,,
,,,,,,,,,,,,,,,,,,,,,,,,,,,,,...,Gun-related murder rate: Federal dealer background check (Brady Act),...,firearm homicide mortality,...,,,,,...,,-3.38,-10.04,...,...,p < 0.01,...,↓ beneficial,...,...,,,,,,,,,,
,,,,,,,,,,,,,,,,,,,,,,,,,,,,,,,,,,,,,,,,,,,,,,,,,,,,,,,,,,
,,10.1080/13504851.2013.854294,101,Gius 2014,Mark Gius ,2014,United States - National ,N/A,Journal Article,Panel data – two-way fixed effects regression,State,30 years (1980–2009),N/A,N/A,Mixed,"50 U.S. states, with variation in assault weapon bans and concealed carry laws. General state populations; no subpopulation specified","Average firearm murder rate = 3.44 per 100,000",50 states × 30 years = 1500 state-year observations,Legislation,legislation,,,"State-level assault weapons bans; Federal assault weapons ban (1994–2004); State-level restrictive concealed carry laws (""may issue"" or ""no issue""). ",Restrictions on weapon type and public carry,Yes – binary state-year indicators,N/A,Legislative variation captured through dummy variables; no evaluation of enforcement,States without the relevant laws in a given year,Fixed effects regression (state and year),Gun-related murder rate= Assault weapons ban,Table 1 ,firearm homicide mortality,"Firearm-related homicides per 100,000 people",,,,,1980–2009,,-0.29,–1.57,N/A,N/A,N/A,Mean firearm murder rate = 3.44,↔ null,N/A,N/A,"Controlled for state demographics (race, income, alcohol, age group proportions, education, unemployment, rurality)",Possible variation in enforcement or loopholes may reduce effectiveness of laws,,,intervention should change row to row,,Firearm policy / legal change,Carry laws (concealed/open/issue),System: policy change (access-restricting/regulatory),
,,,,,,,,,,,,,,,,,,,,,,,,,,,,,...,...= Federal assault weapons ban,...,firearm homicide mortality,...,,,,,...,,0.66,2.42,...,...,p < 0.05,...,↑ harmful,...,...,,,,,,,,,,
,,,,,,,,,,,,,,,,,,,,,,,,,,,,,...,...= Restrictive concealed carry laws,...,firearm homicide mortality,...,,,,,...,,0.365,3.74,...,...,p < 0.01,...,↑ harmful,...,...,,,,,,,,,,
,,,,,,,,,,,,,,,,,,,,,,,,,,,,,,,,,,,,,,,,,,,,,,,,,,,,,,,,,,
,,10.3390/ijerph110100487,102,Gjertsen 2014,"Gjertsen, F. et al. ",2014,Norway,N/A,Journal Article,Interrupted time series (piecewise Poisson regression),Country (Norway),41 years (1969–2009),N/A,N/A,Mixed,National Norwegian population; focus on legislative impact. National deaths registry; analysis limited to males due to 94% of firearm deaths being male. ,"Not explicitly stated per year; example: 1969 had 73 firearm suicides in men, 8 unintentional","5,660 total firearm deaths (5,334 male); analysis restricted to male deaths",Legislation,legislation,,,1986 – Mandatory hunter’s safety exam; 1990 – Police permit required to purchase shotguns; 2000 – Weapon cabinet requirement; 2003 – Removal of percussion caps from Home Guard weapons in private homes. ,"Training, access restriction, storage, military weapon safety",Yes – full national implementation,N/A,Assumes laws were implemented as written; no enforcement or fidelity data provided,Pre-legislation trend and non-firearm deaths as references,Piecewise Poisson regression coefficients,Firearm accidental: (1969-2009),Table 4,firearm unintentional mortality,"Rate per 1,000,000 males aged 15-34",,,,,1969-2009,,0.9434566,0.0070837,0.9296744,0.9574431,p < 0.001,N/A,↓ beneficial,"Yes – age (15–34, 35–64, 65+), sex",N/A,Mental health reforms post-1994; Increased mental health funding between 1998–2006,Limited firearm type classification in data; ICD-10 introduced in 1996 with loss of detail; High baseline firearm ownership in Norway,,,these time periods are confusing to me-- are they analyzing only some interventions at a time?,check,Firearm policy / legal change,Child access prevention / safe storage mandates,System: policy change (access-restricting/regulatory),
,,,,,,,,,,,,,,,,,,,,,,,,,,,,,...,Firearm homicide: (1969-1988),...,firearm homicide mortality,...,,,,,1969-1988,,1.063483,0.0176508,1.029445,1.098647,...,...,↑ harmful,...,...,,,,,,,,,,
,,,,,,,,,,,,,,,,,,,,,,,,,,,,,...,Firearm homicide: (1988-2009),...,firearm homicide mortality,...,,,,,1988-2009,,0.9523446,0.0116701,0.9297441,0.9754944,...,...,↓ beneficial,...,...,,,,,,,,,,
,,,,,,,,,,,,,,,,,,,,,,,,,,,,,...,Firearm suicide: (1969-1988),...,firearm suicide mortality,...,,,,,1969-1988,,1.052911,0.0038548,1.045383,1.060493,...,...,↑ harmful,...,...,,,,,,,,,,
,,,,,,,,,,,,,,,,,,,,,,,,,,,,,...,Firearm suicide: (1988-2009),...,firearm suicide mortality,...,,,,,1988-2009,,0.9483321,0.0029616,0.9425451,0.9541546,...,...,↓ beneficial,...,...,,,,,,,,,,
,,,,,,,,,,,,,,,,,,,,,,,,,,,,,,,,,,,,,,,,,,,,,,,,,,,,,,,,,,
,,10.1016/j.ypmed.2022.107094,103,Gobaud 2022,"Gobaud, Morrison, Mehranbod,Hoofnagle ",2022,Contiguous U.S.A,CDC,Journal Article,cross-sectional,Counties,2018,N/A,N/A,"Mixed (urban, suburban, rural)"," Respondents to the General Social Survey for 2018, which is a nationally representative survey of adults conducted annually by the National Opinion Research Center (NORC) at the University of Chicago funded by the National
Science Foundation.",percentage of those surveyed who own a gun (y/n),2348 respondents,States with universal background check laws,legislation,,,Are gun shows more likely to take place in counties that are near states with universal background check laws,"Gun show data from 2018, universal background check laws from 2018, gun ownership of individuals","1869 Gun shows in 2018; at county level, mean of 22.2 within-state gun laws, 4.6% were background check. Mean of 31.1 gun laws in neighboring states, 8.8% were universal background check",yes,Looked at gun show registry and looked at state gun-laws,"controlled for potential drivers of demand for gun shows, including the total number of
gun laws within-state and in neighboring states, local and in-flowing population size, and proportion of the local
and in-flowing population who were gun owners",logistic regression model of the odds that participants self-reported possession of a gun in the home,Gun ownership,Table 3,firearm behaviors and attitudes,Odds Ratios for self-reported possession of a gun in the home,,,,,2018,,OR = 1.08,N/A,0.6,1.92,N/A,N/A,↔ null,"yes, by sex, age, race, ethnicity, region, employemnt status, education, income, and geography","Race, ethnicity, region, and geography have impacts",N/A,outcome measure not validated; nonexperimental studies are subject to confounders; cross-sectional analysis makes it hard to assume there is an equilibrium btwn the supply and demand for guns,,,"is the intervention the gun show or the universal background check? Don't understand some of these outcomes (I think maybe the intervention needs to be recoded for some of them so that it changes row to row). Some outcomes seem duplicated? What is ""neighboring state gun laws""? Index of strength?",check,Firearm policy / legal change,Background checks / permits to purchase / sales regulation,System: policy change (access-restricting/regulatory),
,,,,,,,,,,,,,,,,,,,,,,,,,,,,,"multi-level Bayesian conditional autoregressive
Poisson models ",gun shows within state gun laws,Table 4,firearm policy,"Rate Ratios for gun shows for 3107 counties in the
US. ",,,,,2018,,RR = 0.970,N/A,0.959,0.982,p<.05,N/A,↓ beneficial,N/A,N/A,,,,,,,,,,
,,,,,,,,,,,,,,,,,,,,,,,,,,,,,...,gun shows within state universal background check,...,firearm policy,...,,,,,...,,RR = 2.257,N/A,1.137,4.5,...,N/A,↑ harmful,N/A,N/A,,,,,,,,,,
,,,,,,,,,,,,,,,,,,,,,,,,,,,,,...,gun shows neighboring state gun laws,...,firearm policy,...,,,,,...,,RR=0.999,N/A,0.975,1.023,...,N/A,↔ null,N/A,N/A,,,,,,,,,,
,,,,,,,,,,,,,,,,,,,,,,,,,,,,,...,gun shows neighboring stat universal background check,...,firearm policy,...,,,,,...,,RR=1.650,N/A,1.163,2.351,...,N/A,↑ harmful,N/A,N/A,,,,,,,,,,
,,,,,,,,,,,,,,,,,,,,,,,,,,,,,...,gun shows within county gun owners (%),...,firearm policy,...,,,,,...,,RR = 1.002,N/A,0.99,1.013,...,N/A,↔ null,N/A,N/A,,,,,,,,,,
,,,,,,,,,,,,,,,,,,,,,,,,,,,,,..., gun shows neighboring state gun owners (%),...,firearm policy,...,,,,,...,,RR = 1.021,N/A,0.992,1.051,...,N/A,↔ null,N/A,N/A,,,,,,,,,,
,,,,,,,,,,,,,,,,,,,,,,,,,,,,,...,gun shows neighboring state gun owners (%),...,firearm policy,...,,,,,...,,RR = 1.130,N/A,1.025,1.244,...,N/A,↑ harmful,N/A,N/A,,,,,,,,,,
,,,,,,,,,,,,,,,,,,,,,,,,,,,,,...,gun shows Federal Firearm Licenses Dealers (count),...,firearm policy,...,,,,,...,,RR = 1.007,N/A,1.025,1.011,...,N/A,↔ null,N/A,N/A,,,,,,,,,,
,,,,,,,,,,,,,,,,,,,,,,,,,,,,,...,gun shows Federal Firearm Licenses Importers (count),...,firearm policy,...,,,,,...,,RR = 0.941,N/A,0.886,0.998,...,N/A,↓ beneficial,N/A,N/A,,,,,,,,,,
,,,,,,,,,,,,,,,,,,,,,,,,,,,,,,,,,,,,,,,,,,,,,,,,,,,,,,,,,,
,,10.1111/ssqu.13322,104,Goel 2024,"Goel, R.K. & Nelson, M.A.",2024,United States - National (except Nebraska),N/A,Journal Article,Cross-sectional time series (1991–2020),State,30 years (1991–2020),N/A,N/A,Mixed ,U.S. state legislatures; excludes Nebraska. State legislators (gender analysis); general U.S. population,24.03 gun laws per state (mean),"1,469 state-year observations",Legislation,legislation,,,Influence of female legislators in state Houses vs. Senates on gun law enactment,"Gender representation, political party control, mass shootings, gun ownership","Percentage of female legislators (House mean=24.01%, Senate mean=20.66%)",No,Lagged regressors account for legislative delays,Male legislators; states with low female representation,Feasible GLS with AR(1) autocorrelation; state fixed effects (Model 2.1a),Total gun laws enacted: FemHOUSE ,Table 3,firearm policy,"LAWtotal (total laws), LAWdiff (5-year changes). Count of firearm laws per state; 5-year differences in counts ",,,,,Annual from 1991-2020; 5-year intervals,,0.047,3.7,N/A,N/A,p < 0.05,N/A,↑ beneficial,"Yes - by legislative chamber, party control, gun ownership",Stronger effects in states with mass shootings or single-party control,Republican control reduced laws; mass shootings increased laws,Gun ownership hindered legislation; female House members facilitated,,,"comparator here seems off-- two different comparators? What does ""different gun laws"" mean?",,Firearm policy (index/strength measure),Policy environment index / composite score,System: measurement/index (policy strength),
,,,,,,,,,,,,,,,,,,,,,,,,,,,,,...,Total gun laws enacted: FemSTATE,...,firearm policy,...,,,,,...,,0,0,...,...,p < 0.05,...,↔ null,...,...,,,,,,,,,,
,,,,,,,,,,,,,,,,,,,,,,,,,,,,,...,Different gun laws: FemHOUSE,...,firearm policy,...,,,,,...,,0.128,2.3,...,...,N/A,...,↑ beneficial,...,...,,,,,,,,,,
,,,,,,,,,,,,,,,,,,,,,,,,,,,,,...,Different gun laws: FemSTATE,...,firearm policy,...,,,,,...,,-0.003,0.1,...,...,N/A,...,↑ beneficial,...,...,,,,,,,,,,
,,,,,,,,,,,,,,,,,,,,,,,,,,,,,,,,,,,,,,,,,,,,,,,,,,,,,,,,,,
,,10.1136/bmjopen-2021-058196,105,Goldstein 2022,"Goldstein, E.V.; Prater, L.C.",2022,"United States - Pima County and 8 other counties, Arizona",N/A,Journal Article,Quasi-experimental difference-in-differences,County,6 years (2014-2019),N/A,N/A,Mixed ,Urban/rural mix (Pima County vs. 8 other AZ counties). All county residents (93.4% of AZ population). ,"11.56 firearm suicides/100,000 in Pima County (2014-2015 mean)",54 county-year observations (9 counties × 6 years),Legislation,legislation,,,Arizona’s 2016 state pre-emption law (SB 1487) nullified Tucson’s local ordinance allowing police to destroy confiscated/surrendered firearms and required resale via public auctions,Forced recirculation of confiscated firearms,600+ firearms resold in first 5 months post-policy,Yes (policy implementation documented),Law enforced via $115M annual penalty; auctions began immediately,8 other Arizona counties not affected by the law; Pre-Policy enactment ref category,Difference-in-differences linear regression (adjusted),Firearm suicide rate - SB 1487 exposure policy group,Table 2 ,firearm suicide mortality,"Deaths by firearm suicide per 100,000 persons. Enactment of state law, SB 1487, pre-empting
firearm disposal ordinance in Tucson, Pima
County",,,,,Pre-policy (2014-2015); Post-policy (2016–2019),,0.52,N/A,0.13,0.9,N/A,N/A,↔ null,N/A,N/A,No other policy changes coinciding with SB 1487 reported; authors conducted placebo test using Maricopa County to confirm no spillover effect,Law was enforced with strong financial penalties. Pima County auctioned hundreds of guns in 2017 alone; limited ability to destroy weapons post-law,,,"not sure what ""exposure policy group"" is; given that it's DiD i'm guessing it's whether or not a policy existed? In that case the third extraction (just the interaction) is what's needed",check,Firearm policy / legal change,Other firearm policy/legal,System: policy change (access-restricting/regulatory),
,,,,,,,,,,,,,,,,,,,,,,,,,,,,,...,Firearm suicide rate - SB 1487 Postpolicy enactment ,...,firearm suicide mortality,...,,,,,Post-policy (2016–2019),,0.3,...,−0.34,0.9,N/A,...,↔ null,...,...,,,,,,,,,,
,,,,,,,,,,,,,,,,,,,,,,,,,,,,,...,Firearm suicide rate - Policy group×postpolicy enactment (DID estimate),...,firearm suicide mortality,...,,,,,Post-policy (2016–2019),,1.13,...,0.51,1.74,p < 0.01,...,↑ harmful,...,...,,,,,,,,,,
,,,,,,,,,,,,,,,,,,,,,,,,,,,,,,,,,,,,,,,,,,,,,,,,,,,,,,,,,,
,,10.1377/hlthaff.2019.00753,106,Goldstein 2019,"Goldstein, E.V. et al. ",2019,United States - National ,N/A,Journal Article,Cross-sectional time-series (panel fixed effects),State,"10 years (2005, 2010, 2015)",N/A,N/A,Mixed,"State-level analysis of all 50 U.S. states + DC. General population (all ages, all races/sexes)","Adjusted firearm suicide rate in 2005 = 6.74 / 100,000",153 state-years (3 time points × 51 jurisdictions),Health systems capacity,hospital-based,,,Evaluated whether states with greater behavioral health treatment capacity (measured by workforce size and outpatient substance use treatment availability) had lower firearm suicide rates,"Behavioral health workforce size (psychologists, psychiatrists, counselors). Intensive outpatient substance use treatment availability",Yes - continuous variable ,N/A,N/A (observational study),Lower behavioral health capacity states,Fixed effects linear regression (main model); natural log transformed,"Firearm suicide rate: Natural log of behavioral health workforce capacity (1,000s",Exhibit 3,firearm suicide mortality,"Adjusted firearm suicide deaths per 100,000 persons",,,,,"2005, 2010, 2015",,-0.121,N/A,N/A,N/A,p < 0.05,A 10% increase in behavioral health workforce → 1.2% ↓ in firearm suicide rate,↓ beneficial,Yes – sensitivity analysis adjusting for mental illness prevalence (2010 & 2015),N/A,"Controlled for: state population, unemployment, race/sex/education composition, mental illness prevalence (subset), and firearm background checks as a proxy for firearm ownership",Lack of firearm ownership data limited analysis. Only 3 time points included,,,would have this be different interventions row to row,,Clinical counseling / screening,Clinical counseling / screening / decision support,Service: clinical counseling/screening (behavior change),
,,,,,,,,,,,,,,,,,,,,,,,,,,,,,...,"Firearm suicide rate: Facilities that offered intensive outpatient substance use
treatment (100s",...,firearm suicide mortality,...,,,,,...,,-0.000223,...,...,...,N/A,N/A,↔ null,...,...,,,,,,,,,,
,,,,,,,,,,,,,,,,,,,,,,,,,,,,,Fixed effects linear regression (main model); natural log transformed - Mental Illness prevalence included ,"Firearm suicide rate: Natural log of behavioral health workforce capacity (1,000s",...,firearm suicide mortality,...,,,,,2010 and 2015 (mental illness data not available for 2005),,-0.135,...,...,...,p < 0.05,N/A,↓ beneficial,...,...,,,,,,,,,,
,,,,,,,,,,,,,,,,,,,,,,,,,,,,,...,"Firearm suicide rate: Facilities that offered intensive outpatient substance use
treatment (100s",...,firearm suicide mortality,...,,,,,...,,0.0325,...,...,...,N/A,N/A,↔ null,...,...,,,,,,,,,,
,,,,,,,,,,,,,,,,,,,,,,,,,,,,,,,,,,,,,,,,,,,,,,,,,,,,,,,,,,
,,10.1016/j.ypmed.2018.11.007,107,Gollub 2019,"Gollub, E.L.; Gardner, M. ",2019,United States - 27 NVDRS states (with subset comparisons across 9 states),N/A,Journal Article,Cross-sectional ecological study,State,Varies by state participation; primary data from 2015 (with NYC comparison 2010–2016),N/A,N/A,Mixed,"27 NVDRS states included in CDC data; focus on states with either “high” or “low” firearm restriction. Victims of intimate partner homicide (IPH), with gender disaggregation; emphasis on female victims",N/A,27 states total; detailed comparisons across 9 states (3 high restriction; 6 low restriction),Legislation,legislation,,,"Firearm restriction laws targeting IPV perpetrators, including background checks, restraining order firearm prohibitions, and required firearm surrender",6 IPV-specific firearm provisions and universal background checks (UBC),Yes – categorized into “high” (5+ IPV laws + UBC) vs. “low” (0 laws regardless of UBC),N/A,Legal classification based on Díez et al. (2017); enforcement data unavailable,States with low IPV-specific firearm laws and limited restrictions,Descriptive ecological comparison across states,Firearm:Non-firearm IPH Rate Ratio (female victims) - Kentucky,Figure 2,firearm homicide mortality,Age-adjusted rate of female intimate partner homicide committed with firearms versus non-firearm means (F:NF ratio),,,,,2015 (NVDRS),,4.4,N/A,N/A,N/A,N/A,Low Restrictions ,↑ harmful, Yes – by gender and restriction level,Female victims: firearm IPH more strongly associated with legislative environment. Male F:NF ratio = 0.92 (firearms less likely than NF methods). Female F:NF ratio = 1.5 overall,"NVDRS data integrated from law enforcement, coroners, and toxicology reports. Differences in state participation periods and rate stability",Ecological analysis; enforcement of laws not measured,,,"would change location row to row, leave outcome the same. I don't understand what method was used here",,Firearm policy / legal change,Background checks / permits to purchase / sales regulation,System: policy change (access-restricting/regulatory),
,,,,,,,,,,,,,,,,,,,,,,,,,,,,,...,... - Gerogia ,...,firearm homicide mortality,...,,,,,...,,2.2,...,...,...,...,...,↑ harmful,...,...,,,,,,,,,,
,,,,,,,,,,,,,,,,,,,,,,,,,,,,,...,... - South Carolina ,...,firearm homicide mortality,...,,,,,...,,2.1,...,...,...,...,...,↑ harmful,...,...,,,,,,,,,,
,,,,,,,,,,,,,,,,,,,,,,,,,,,,,...,... - Michigan ,...,firearm homicide mortality,...,,,,,...,,1.1,...,...,...,...,...,↑ harmful,...,...,,,,,,,,,,
,,,,,,,,,,,,,,,,,,,,,,,,,,,,,...,... - New Mexico ,...,firearm homicide mortality,...,,,,,...,,1.1,...,...,...,...,...,↑ harmful,...,...,,,,,,,,,,
,,,,,,,,,,,,,,,,,,,,,,,,,,,,,...,... - Alaska,...,firearm homicide mortality,...,,,,,...,,1.1,...,...,...,...,...,↑ harmful,...,...,,,,,,,,,,
,,,,,,,,,,,,,,,,,,,,,,,,,,,,,...,... - Oregon,...,firearm homicide mortality,...,,,,,...,,1.6,...,...,...,...,...,↑ harmful,...,...,,,,,,,,,,
,,,,,,,,,,,,,,,,,,,,,,,,,,,,,...,... - Massachusetts ,...,firearm homicide mortality,...,,,,,...,,0.46,...,...,...,...,High Restrictions,↓ beneficial,...,...,,,,,,,,,,
,,,,,,,,,,,,,,,,,,,,,,,,,,,,,...,... - New York State (excluding NYC),...,firearm homicide mortality,...,,,,,...,,0.64,...,...,...,...,...,↓ beneficial,...,...,,,,,,,,,,
,,,,,,,,,,,,,,,,,,,,,,,,,,,,,...,... - New York City (NYC),...,firearm homicide mortality,...,,,,,...,,0.3,...,...,...,...,...,↓ beneficial,...,...,,,,,,,,,,
,,,,,,,,,,,,,,,,,,,,,,,,,,,,,,,,,,,,,,,,,,,,,,,,,,,,,,,,,,
,,10.1542/peds.2018-3283,108,Goyal 2019,"Goyal, M.K. et al. ",2019,United States - National ,N/A,Journal Article,Cross-sectional (repeated),State,5 years (2011–2015),N/A,N/A,Mixed,"All U.S. states; firearm mortality and legislation vary widely by jurisdiction. Children ≤ 21 years; includes unintentional, suicide, and assault firearm deaths","National average = 4.65 firearm-related deaths per 100,000 children","N = 21,241 deaths across 50 states over 5 years",Legislation,legislation,,,Evaluated state gun law “strictness” via a composite gun law score and the presence of 3 specific firearm laws: Universal background checks for firearm purchase; universal background checks for ammunition purchase; and firearm identification requirements,"Gun law score (0–100 scale), UBC firearm, UBC ammo, ID requirement",Yes – continuous gun law score; binary categories for law presence/duration,N/A,Law presence and age coded via state statutes and existing databases,States with fewer or no firearm laws,"Negative binomial regression, adjusted for race, education, income, and gun ownership",Pediatric firearm mortality rate - Gun law score ,Table 2 ,firearm mortality,"Annual firearm-related deaths per 100,000 children (≤ 21 y)",,,,,2011–2015,,0.96,N/A,0.93,0.99,<0.05,States with higher gun law scores had lower predicted firearm mortality. ,↓ beneficial,N/A,N/A,"Controlled for gun ownership, poverty, race, education, and income",Laws may be on books but lack enforcement (microstamping faced legal challenges in CA),,,would change intervention row to row,,Firearm policy (index/strength measure),Policy environment index / composite score,System: measurement/index (policy strength),
,,,,,,,,,,,,,,,,,,,,,,,,,,,,Legislation not present as reference category ,Adjusted negative binomial regression,Pediatric firearm mortality rate - Universal background checks for firearm purchase present ≥5 y,Table 3 ,firearm mortality,"Presence and duration of law; predicted mortality per 100,000",,,,,...,,0.65,...,0.46,0.9,<0.05,States with no law: 5.88 deaths/100k; Law ≥5 yrs: 3.80/100k,↓ beneficial,...,...,,,,,,,,,,
,,,,,,,,,,,,,,,,,,,,,,,,,,,,Legislation not present as reference category ,...,Pediatric firearm mortality rate - Universal background checks for ammunition purchase present ≥5 y,...,firearm mortality,...,,,,,...,,0.64,...,0.39,1.03,<0.05,N/A,↓ beneficial,...,...,,,,,,,,,,
,,,,,,,,,,,,,,,,,,,,,,,,,,,,Legislation not present as reference category ,...,Pediatric firearm mortality rate - Identification requirement for firearms present ≥5 y,...,firearm mortality,...,,,,,...,,1.05,...,0.63,1.77,>0.05,N/A,↔ null,...,...,,,,,,,,,,
,,,,,,,,,,,,,,,,,,,,,,,,,,,,,,,,,,,,,,,,,,,,,,,,,,,,,,,,,,
,,10.1016/j.sopen.2023.07.011,109,Grimsley 2023,"Grimsley, E.A. et al. ",2023,United States - National ,N/A,Journal Article,Cross-sectional,State,1 year (2021 data only),N/A,N/A,Mixed,"Nationwide, all 50 U.S. states. General population; firearm deaths from all intents (suicide, homicide, unintentional)","TFDR range: 3.4 – 33.9 / 100,000 (median 16.2)

FHR range: 0.65 – 19.76 / 100,000 (median 4.93)

FSR range: 1.95 – 23.67 / 100,000 (median 10.27)",50 states,Legislation,legislation,,,"Assessed associations between firearm open carry (OC) and concealed carry (CC) laws and firearm-related death rates, alongside multiple state-level socioeconomic variables","OC categories: No open carry (NOC), Permit-required (POC), Permitless (PLOC). CC categories: May-issue (MCC), Shall-issue (SCC), Permitless (PLCC)",Yes – categorical legal classification of firearm carry laws,N/A,N/A,For OC: PLOC vs. NOC/POC; For CC: PLCC vs. MCC,Multivariable linear regression with standardized Z-score variables,Total firearm-related death rate (TFDR) - Partisan Lean ,Table 3 ,firearm mortality,"Deaths per 100,000 people, 2021",,,,,2021,,0.27,N/A,-0.48,-0.05,0.02,TFDR significantly higher in PLOC (18.6 ± 5.87) than NOC/POC (~10–12); p < 0.01 (ANOVA),↓ beneficial,Yes – by legal classification (OC and CC groups),TFDR and FSR significantly higher in permitless carry states; no difference in FHR. FSR more strongly associated with rurality and partisan lean,"Controlled for urbanization, poverty, education, anger index, and political lean",Cross-sectional design; only 1 year of data. ,NOC =no open carry; POC =permit-required open carry; PLOC =permitless open carry; TFDR =total firearm-related death rate; FHR =firearm homicide rate; FSR =firearm suicide rate.,,separate the comparator and intervention row to row. What is partisan lean?,,Firearm policy / legal change,Carry laws (concealed/open/issue),System: policy change (access-restricting/regulatory),
,,,,,,,,,,,,,,,,,,,,,,,,,,,,,...,... - Urbanization,...,firearm mortality,...,,,,,...,,-0.26,...,-0.47,-0.05,0.02,...,↓ beneficial,...,...,,,,,,,,,,
,,,,,,,,,,,,,,,,,,,,,,,,,,,,,...,... - Poverty Rate ,...,firearm mortality,...,,,,,...,,0.33,...,0.08,0.57,0.01,...,↑ harmful,...,...,,,,,,,,,,
,,,,,,,,,,,,,,,,,,,,,,,,,,,,,...,... - State Ranking ,...,firearm mortality,...,,,,,...,,-0.28,...,-0.52,-0.04,0.03,...,↓ beneficial,...,...,,,,,,,,,,
,,,,,,,,,,,,,,,,,,,,,,,,,,,,,...,Firearm homicide rate (FHR) - Urbanization ,...,firearm mortality,...,,,,,...,,0.13,...,-0.06,0.32,0.16,No significant difference in FHR by OC/CC law type,↑ harmful,...,...,,,,,,,,,,
,,,,,,,,,,,,,,,,,,,,,,,,,,,,,...,... - Poverty Rate ,...,firearm mortality,...,,,,,...,,0.8,...,0.62,0.99,0.01,...,↑ harmful,...,...,,,,,,,,,,
,,,,,,,,,,,,,,,,,,,,,,,,,,,,,...,Firearm suicide rate (FSR) - Partisan lean ,...,firearm mortality,...,,,,,...,,-0.36,...,-0.61,-0.11,0.01,"FSR significantly higher in PLCC (13.10 ± 3.79) vs. MCC (4.84 ± 3.84), p < 0.01",↓ beneficial,...,...,,,,,,,,,,
,,,,,,,,,,,,,,,,,,,,,,,,,,,,,...,... - Urbanization,...,firearm mortality,...,,,,,...,,-0.5,...,-0.75,-0.26,0.01,...,↓ beneficial,...,...,,,,,,,,,,
,,,,,,,,,,,,,,,,,,,,,,,,,,,,,...,... - Poverty Rate ,...,firearm mortality,...,,,,,...,,-0.26,...,-0.54,0.03,0.08,...,↓ beneficial,...,...,,,,,,,,,,
,,,,,,,,,,,,,,,,,,,,,,,,,,,,,,,,,,,,,,,,,,,,,,,,,,,,,,,,,,
,,10.1542/peds.106.1.22,110,Grossman 2000,"Grossman, D.C. et al. ",2000,United States - Washington State ,"Group Health Foundation, Seattle, Washington",Journal Article,Randomized Controlled Trial (RCT) – group randomized at the practitioner level,Practitioner,3 months,N/A,N/A,Mixed - Suburban/urban,Group Health Cooperative clinics in Western Washington. Families of children <18 years attending well-child or physical visits,24% of households owned guns at baseline,"N = 1292 families (618 intervention, 677 control); 56 practitioners at 9 clinics",Health care-based (counseling + incentives),hospital-based,,,"60-second firearm safety counseling delivered during routine visit; gun-owning families received risk info + STOP materials, folder with guidelines, coupon for storage device","Brief physician counseling, educational brochures, police letter, discount coupons for gun lock box and trigger lock",Yes – single counseling session + educational materials,Yes,73% of charts had sticker indicating counseling occurred,Usual care; no materials or firearm discussion,Practitioner-level randomization test,Gun acquisition rate (all types),Table 3,firearm behaviors and attitudes,% of households acquiring any gun in 3 months,,,,,3 months post-visit,,0.013,N/A,-0.014,0.026,0.44,8/618 vs. 6/677,↔ null,Yes – stratified analysis of gun-owning households,Greater increase in trigger lock purchase among baseline gun owners,Standardized brochures and counseling language across practitioners. Materials based on STOP program (AAP + Center to Prevent Handgun Violence).,High practitioner compliance (73% of audited charts marked). Only 1 counseling session; outcome self-reported; underpowered for some outcomes,% values in Table 3 written as decimals ,,looks good,,Clinical counseling / screening,Clinical counseling / screening / decision support,Service: clinical counseling/screening (behavior change),
,,,,,,,,,,,,,,,,,,,,,,,,,,,,,...,Gun removal from home (any gun),...,firearm behaviors and attitudes,% of gun-owning households removing guns,,,,,...,,0.067,...,-0.04,0.059,0.72,10/151 vs. 9/160,↔ null,...,...,,,,,,,,,,
,,,,,,,,,,,,,,,,,,,,,,,,,,,,,...,Trigger lock purchase,...,firearm behaviors and attitudes,% of gun-owning households that bought a trigger lock,,,,,...,,0.08,...,-0.05,0.109,0.06,12/151 vs. 4/160,↓ beneficial,...,...,,,,,,,,,,
,,,,,,,,,,,,,,,,,,,,,,,,,,,,,...,Any lock box,...,firearm behaviors and attitudes,% of gun-owning households that bought any lock box,,,,,...,,0.1,...,-0.02,0.114,0.32,15/151 vs. 10/160,↓ beneficial,...,...,,,,,,,,,,
,,,,,,,,,,,,,,,,,,,,,,,,,,,,,...,Locking gun cabinet,...,firearm behaviors and attitudes,% of gun-owning households that bought a locking gun cabinet,,,,,...,,0.153,...,-0.086,0.065,0.65,23/151 vs. 27/160,↓ beneficial,...,...,,,,,,,,,,
,,,,,,,,,,,,,,,,,,,,,,,,,,,,,...,Gun safe,...,firearm behaviors and attitudes,% of gun-owning households that bought a gun safe ,,,,,...,,0.027,...,-0.024,0.035,0.93,4/151 vs. 4/160,↓ beneficial,...,...,,,,,,,,,,
,,,,,,,,,,,,,,,,,,,,,,,,,,,,,...,Any safe storage device,...,firearm behaviors and attitudes,% of gun-owning households that bought any gun safe storage device,,,,,...,,0.273,...,-0.013,0.172,0.24,41/151 vs. 33/160,↓ beneficial,...,...,,,,,,,,,,
,,,,,,,,,,,,,,,,,,,,,,,,,,,,,,,,,,,,,,,,,,,,,,,,,,,,,,,,,,
,,10.2105/AJPH.2011.300421,111,Grossman 2012,"Grossman, D.C. et al. ",2012,United States - Alaska (6 rural villages in the Bristol Bay and Yukon-Kuskokwim Delta regions),CDC grant and Indian Health Service ,Journal Article,"Randomized Controlled Trial (RCT), wait-list design",Household,18 months (with assessments at 12 and 18 months),N/A,N/A,Rural,"6 Alaska Native villages, inaccessible by road, small populations (24–165 residents). Households with ≥1 gun and no existing gun cabinet; 73% had children",95% of early and 90% of late group households reported ≥1 unlocked gun. 89% reported unlocked ammunition,"N = 255 households enrolled (129 early, 126 late). 214 households (84%) followed at 12 months",Community-based,community-based,,,Households randomized to early or delayed gun cabinet installation. Early group received 1–2 locking steel gun cabinets + safety message.,"Gun cabinet (Stack-On GC 908-5), safety message, key storage advice, direct installation",Yes – 1–2 cabinets installed per household,Yes,Staff installed cabinets; observed cabinet use; 94% early group reported cabinet ownership by 12 months,Baseline,χ² test of proportions; GEE for trend: Early Group ,Ownership of a gun safe or cabinet ,Table 2 ,firearm behaviors and attitudes,% of households reporting ownership of a gun cabinet,,,,,12 months ,,0.94,N/A,N/A,N/A,<0.001,N/A,↑ beneficial,Yes – households with vs. without children,No significant difference; intervention effective in both early and late groups,Conducted with tribal health systems and village governments,Culturally tailored; extensive community engagement. High acceptability; no adverse events; very low refusal rate,,%'s in Table 2 written as decimals,there might be a better way to report chi square results but I'm not sure how,check,Clinical counseling / screening,Child access prevention / safe storage mandates,Program: promote safe storage (devices/practices),
,,,,,,,,,,,,,,,,,,,,,,,,,,,,,...,...,...,firearm behaviors and attitudes,...,,,,,18 months ,,0.97,...,...,...,0.5,...,↔ sustained,...,...,,,,,,,,,,
,,,,,,,,,,,,,,,,,,,,,,,,,,,,,...,Own trigger/cable lock,...,firearm behaviors and attitudes,% of households reporting ownership of a trigger/cable lock,,,,,12 months ,,0.25,...,...,...,0.4,...,↔ null,...,...,,,,,,,,,,
,,,,,,,,,,,,,,,,,,,,,,,,,,,,,...,...,...,firearm behaviors and attitudes,...,,,,,18 months ,,0.23,...,...,...,0.4,...,↔ null,...,...,,,,,,,,,,
,,,,,,,,,,,,,,,,,,,,,,,,,,,,,...,Trigger/cable lock now in use,...,firearm behaviors and attitudes,% of households currently using a trigger/cable lock,,,,,12 months ,,0.28,...,...,...,0.9,...,↔ null,...,...,,,,,,,,,,
,,,,,,,,,,,,,,,,,,,,,,,,,,,,,...,...,...,firearm behaviors and attitudes,...,,,,,18 months ,,0.26,...,...,...,0.8,...,↔ null,...,...,,,,,,,,,,
,,,,,,,,,,,,,,,,,,,,,,,,,,,,,...,Any guns loaded?,...,firearm behaviors and attitudes,% of households with any guns currently loaded,,,,,12 months ,,0.05,...,...,...,0.3,...,↓ beneficial,...,...,,,,,,,,,,
,,,,,,,,,,,,,,,,,,,,,,,,,,,,,...,...,...,firearm behaviors and attitudes,...,,,,,18 months ,,0.06,...,...,...,0.7,...,↔ null,...,...,,,,,,,,,,
,,,,,,,,,,,,,,,,,,,,,,,,,,,,,...,Any guns unlocked?,...,firearm behaviors and attitudes,% of households with any guns currently unlocked,,,,,12 months ,,0.35,...,...,...,<0.001,...,↓ beneficial,...,...,,,,,,,,,,
,,,,,,,,,,,,,,,,,,,,,,,,,,,,,...,...,...,firearm behaviors and attitudes,...,,,,,18 months ,,0.33,...,...,...,0.5,...,↔ sustained,...,...,,,,,,,,,,
,,,,,,,,,,,,,,,,,,,,,,,,,,,,,...,Any guns loaded and unlocked?,...,firearm behaviors and attitudes,% of households with any guns currently loaded and unlocked,,,,,12 months ,,0.02,...,...,...,0.065,...,↓ beneficial,...,...,,,,,,,,,,
,,,,,,,,,,,,,,,,,,,,,,,,,,,,,...,...,...,firearm behaviors and attitudes,...,,,,,18 months ,,0.03,...,...,...,>0.999,...,↔ null,...,...,,,,,,,,,,
,,,,,,,,,,,,,,,,,,,,,,,,,,,,,...,Any ammunition unlocked?,...,firearm behaviors and attitudes,% of households with any ammunition currently unlocked,,,,,12 months ,,0.36,...,...,...,<0.001,...,↓ beneficial,...,...,,,,,,,,,,
,,,,,,,,,,,,,,,,,,,,,,,,,,,,,...,...,...,firearm behaviors and attitudes,...,,,,,18 months ,,0.28,...,...,...,>0.999,...,↔ sustained,...,...,,,,,,,,,,
,,,,,,,,,,,,,,,,,,,,,,,,,,,,,...,Both a gun and ammunition unlocked?,...,firearm behaviors and attitudes,% of households with both a gun and ammunition currently unlocked,,,,,12 months ,,0.23,...,...,...,<0.001,...,↓ beneficial,...,...,,,,,,,,,,
,,,,,,,,,,,,,,,,,,,,,,,,,,,,,...,...,...,firearm behaviors and attitudes,...,,,,,18 months ,,0.18,...,...,...,0.8,...,↔ sustained,...,...,,,,,,,,,,
,,,,,,,,,,,,,,,,,,,,,,,,,,,,,...,Observed guns not locked up?,...,firearm behaviors and attitudes,% of households observed with a gun currently unlocked,,,,,12 months ,,0.08,...,...,...,0.2,...,↓ beneficial,...,...,,,,,,,,,,
,,,,,,,,,,,,,,,,,,,,,,,,,,,,,...,...,...,firearm behaviors and attitudes,...,,,,,18 months ,,0.11,...,...,...,0.9,...,↔ null,...,...,,,,,,,,,,
,,,,,,,,,,,,,,,,,,,,,,,,,,,,,...,Observed ammunition not locked up?,...,firearm behaviors and attitudes,% of households observed with ammunition currently unlocked,,,,,12 months ,,0.02,...,...,...,>0.999,...,↔ null,...,...,,,,,,,,,,
,,,,,,,,,,,,,,,,,,,,,,,,,,,,,...,...,...,firearm behaviors and attitudes,...,,,,,18 months ,,0.01,...,...,...,0.6,...,↔ null,...,...,,,,,,,,,,
,,,,,,,,,,,,,,,,,,,,,,,,,,,,,,,,,,,,,,,,,,,,,,,,,,,,,,,,,,
,,10.1080/00343404.2017.1371846,112,Guettabi 2018,"Guettabi, M.; Munasib, A.",2018,United States - National ,N/A,Journal Article ,Quasi-experimental – Difference-in-differences with synthetic control methods, State,22 years (1991–2012),N/A,N/A,Mixed,"All U.S. states, with variation in Stand Your Ground (SYG) law adoption dates. General population; firearm deaths and homicides by intent",N/A,N/A,Legislation,legislation,,,Stand Your Ground (SYG) laws remove the duty to retreat before using deadly force in self-defense. Authors examine their effect on gun deaths and homicides.,Enactment of Stand Your Ground law (timing varies by state),Yes – binary coding (law active vs. not) by year and state,N/A,Timing of SYG law passage by state compiled from legal databases,Non-SYG states and pre-law years,N/A ,N/A,N/A,N/A,N/A,,,,,N/A,,N/A,N/A,N/A,N/A,N/A,N/A,N/A,N/A,N/A,"Models include year and state fixed effects, state-specific time trends",Lack of significant effect may reflect heterogeneity in law enforcement or confounding by other gun policies,Confused what to indicate for the outcomes section ,,**return,check,Firearm policy / legal change,Stand-your-ground / self-defense immunity,System: policy change (access-restricting/regulatory),
,,,,,,,,,,,,,,,,,,,,,,,,,,,,,,,,,,,,,,,,,,,,,,,,,,,,,,,,,,
,,10.1007/s10964-020-01384-x,113,GunnJF3rd 2021,"Gunn, J.F., & Boxer, P.",2021,United States - 20 states for gun carrying model; 33 states for weapon carrying model,Grant from New Jersey’s Office of the Secretary of Higher Education (OSHE),Journal Article ,Longitudinal panel study using generalized estimating equations (GEE), State,"2005–2017, biennially (7 timepoints)",N/A,N/A,Mixed,High school students (grades 9–12) in states included in the YRBSS,N/A,"Youth respondents from 20 states (gun carrying outcome) and 33 states (weapon carrying outcome) per wave, across 7 waves (2005–2017)",Legislation,legislation,,,"Total gun regulation index (log-transformed), based on an academic database of 133 firearm laws","Cumulative index of 133 firearm laws across 14 categories (e.g., background checks, assault weapon bans, child access prevention), coded as present/absent",N/A,N/A,N/A,States with fewer gun laws or lower index scores,Generalized estimating equations (GEE),Youth Gun Carrying - Gun Ownership,Table 3 ,firearm behaviors and attitudes,Weighted % of students reporting carrying a gun ≥1 day in past 30 days,,,,,"Biennial data, 2005–2017",,0.11,0.16,-0.21,0.42,N/A,Negative association (more laws = less gun carrying),↓ harmful ,"Yes (controls include % White, % students feeling unsafe, police density)","Observed with other covariates (% feeling unsafe β=0.36, police per 1000 β=0.40)",Gun laws varied widely across states and over time; model includes controls for other state-level variables,N/A,,,separate rows into mulitple interventions. Not sure what the two sets of extractions now,,Firearm policy (index/strength measure),Policy environment index / composite score,System: measurement/index (policy strength),
,,,,,,,,,,,,,,,,,,,,,,,,,,,,,...,Youth Gun Carrying - Total Gun Regulations Index,...,firearm behaviors and attitudes,...,,,,,...,,-0.31,0.16,-0.62,-0.01,0.05,...,↓ harmful ,...,...,,,,,,,,,,
,,,,,,,,,,,,,,,,,,,,,,,,,,,,,...,Youth Weapon Carrying - Gun Ownership ,...,firearm behaviors and attitudes,Weighted % of students reporting weapon carrying ≥1 day in past 30 days,,,,,...,,-0.09,0.11,-0.29,0.12,N/A,...,↓ harmful ,...,...,,,,,,,,,,
,,,,,,,,,,,,,,,,,,,,,,,,,,,,,...,Youth Weapon Carrying - Total Gun Regulations Index,...,firearm behaviors and attitudes,...,,,,,...,,-0.28,0.1,-0.47,-0.08,0.05,...,↓ harmful ,...,...,,,,,,,,,,
,,,,,,,,,,,,,,,,,,,,,,,,,,,,,,,,,,,,,,,,,,,,,,,,,,,,,,,,,,
,,10.1093/pubmed/fdab047,114,Gunn 2021,"Gunn, J.F. III et al. ",2021,United States - National ,Government – NJ Office of the Secretary for Higher Education,Journal Article ,Longitudinal panel analysis using Generalized Estimating Equations (GEE), State,27 years (1991–2017),N/A,N/A,Mixed ,"All 50 U.S. states with complete firearm law and mortality data. State-level population (entire population, stratified by demographic controls)",N/A,50 U.S. states × 27 years = 1350 state-year observations,Legislation,legislation,,,"Aggregated index of total number of firearm laws per state, measured annually","Includes laws such as universal background checks, permit-to-purchase, age restrictions, DV prohibitions, etc.",Yes – total number of firearm laws ranged from 2 to 106,N/A,"Focused on presence of laws, not enforcement; acknowledges enforcement not captured",States with fewer laws over time; comparisons across states and time,GEE Poisson model,Firearm suicide rate - Highest Firearm Regulation Index (total=106),Table 3,firearm suicide rate,"Deaths from suicide by firearm per 100,000 population",,,,,Annual (1991–2017),,0.45,N/A,N/A,N/A,p < 0.001,"Estimated marginal means decreased from 7.9 to 3.6 per 100,000",↓ beneficial,N/A,N/A,"Controls for incarceration, unemployment, education, poverty, divorce, gun ownership, and U.S. region",Lack of enforcement data noted as a key limitation; regulation presence ≠ enforcement,,,don't understand the method here but that might be my fault,check,Firearm policy (index/strength measure),Policy environment index / composite score,System: measurement/index (policy strength),
,,,,,,,,,,,,,,,,,,,,,,,,,,,,,...,Firearm suicide rate - Lowest Firearm Regulation Index (total=2),...,firearm suicide rate,...,,,,,...,,1.09,N/A,N/A,N/A,p < 0.001,...,↓ beneficial,...,...,,,,,,,,,,
,,,,,,,,,,,,,,,,,,,,,,,,,,,,,...,Firearm homicide rate - Highest Firearm Regulation Index (total=106),...,firearm suicide rate,"Deaths from homicide by firearm per 100,000 pop.",,,,,...,,0.68,N/A,N/A,N/A,p < 0.001,"Estimated marginal means from 5.0 to 3.4 per 100,000",↓ beneficial,...,...,,,,,,,,,,
,,,,,,,,,,,,,,,,,,,,,,,,,,,,,...,Firearm homicide rate - Lowest Firearm Regulation Index (total=2),...,firearm suicide rate,...,,,,,...,,1.15,N/A,N/A,N/A,p < 0.001,...,↓ beneficial,...,...,,,,,,,,,,
,,,,,,,,,,,,,,,,,,,,,,,,,,,,,,,,,,,,,,,,,,,,,,,,,,,,,,,,,,
,,10.1016/j.annemergmed.2022.08.301,115,Haasz 2022,"Haasz, M. et al. ",2022,"United States - Colorado (Children's Hospital Colorado, University of Colorado)",N/A,Brief Journal Article/ Summary,Randomized Controlled Trial (RCT),Person,Immediate post-intervention survey,N/A,N/A,Urban,Pediatric Emergency Department (PED) at a large urban academic medical center. English-speaking caregivers of pediatric patients (not critically ill),32.4% of caregivers reported household firearm ownership,N = 250 caregivers randomized (125 per arm),Hospital-based education,hospital-based,,,Caregivers randomized to watch either a 3-minute or 30-second firearm safety video during PED visit. Both videos promoted safe storage; 3-minute video also included temporary firearm removal advice and a survivor testimonial.,Video education; messaging on locked/unloaded storage; testimonial (long video only),Yes – single viewing of either a 30-sec or 3-min video,N/A,Delivered during PED visit; post-video survey administered,Comparison between 30-sec and 3-min versions of the video,N/A,Acceptability of firearm safety video in PED,Figure 1; text ,firearm behaviors and attitudes,"% agreeing PED was appropriate place for video, measured on Likert scale",,,,,Immediately post-intervention,,0.774,N/A,N/A,N/A,0.004,77.4% overall agreed/strongly agreed PED was appropriate setting. N = 250 total; subgroup % reported,↔ null,Significant difference by group (non-owners 85.2% vs. gun-owners 62.2% for 30-sec group; p = 0.004),Yes – higher acceptability among non-gun owners and longer video viewers,N/A,N/A,,,"assuming the intervention was the 3 minute, the comparator was the 30 second?",,Clinical counseling / screening,Child access prevention / safe storage mandates,Program: promote safe storage (devices/practices),
,,,,,,,,,,,,,,,,,,,,,,,,,,,,,,,,,,,,,,,,,,,,,,,,,,,,,,,,,,
,,10.1136/ip-2023-045204,116,Haasz 2024,"Haasz, M. et al. ",2024,United States - Colorado,Grant from NIH/NCATS Colorado CTSA,Journal Article ,Block randomized controlled trial ,Person (caregiver) ,3 months ,N/A,N/A,Urban ,Pediatric Emergency Department at Children's Hospital Colorado. Caregivers (18–85 y) of adolescents (10–17 y) living in firearm-owning households,91% firearms stored locked at baseline; 84.2% ammunition stored separately,"N=157 (95 control, 62 intervention)",Hospital-based education,hospital-based,,,"3-min Be SMART video on safe firearm storage and temporary removal in crisis, viewed during ED visit","Education on safe storage, lethal means safety, testimonials",Yes – single 3-minute video,Yes,Delivered during ED visit via iPad by trained research assistants,No video (baseline survey only),N/A,Presence of any firearms in home,Table 4 ,firearm behaviors and attitudes,% reporting firearms in home at follow-up,,,,,3 months,,0.826,N/A,N/A,N/A,0.13,n=23; 23→19 (intervention); 51→47 (control),↔ null,N/A,N/A,N/A,COVID-19 affected recruitment and follow-up; social desirability bias possible; caregivers reported high video clarity and acceptability,% (written as a decimal) at 3 month follow-up in the intervention group used for the effect value ,,good,,Clinical counseling / screening,Clinical counseling / screening / decision support,Service: clinical counseling/screening (behavior change),
,,,,,,,,,,,,,,,,,,,,,,,,,,,,,...,Any firearms in the home stored unlocked,...,firearm behaviors and attitudes,% reporting unlocked firearms,,,,,...,,0,N/A,N/A,N/A,N/A,n=18; 0→0 (intervention); 7→7 (control),↔ null,...,...,,,,,,,,,,
,,,,,,,,,,,,,,,,,,,,,,,,,,,,,...,Ammunition stored separately,...,firearm behaviors and attitudes,% reporting ammunition stored separately,,,,,...,,0.944,N/A,N/A,N/A,>0.99,n=18; 17→17 (intervention); 40→38 (control),↔ null,...,...,,,,,,,,,,
,,,,,,,,,,,,,,,,,,,,,,,,,,,,,...,Ammunition locked,...,firearm behaviors and attitudes,% reporting locked ammo,,,,,...,,0.882,N/A,N/A,N/A,>0.99,n=17; 15→15 (intervention); 24→27 (control),↔ null,...,...,,,,,,,,,,
,,,,,,,,,,,,,,,,,,,,,,,,,,,,,...,Knowledge about temporary removal from the home,...,firearm behaviors and attitudes,% aware of temporary transfer option,,,,,...,,0.947,N/A,N/A,N/A,0.08,n=19; 15→18 (intervention); 36→49 (control),↑ beneficial (both control and treatment),...,...,,,,,,,,,,
,,,,,,,,,,,,,,,,,,,,,,,,,,,,,...,Needed to temporarily remove guns from home,...,firearm behaviors and attitudes,% reporting intention to temporarily remove guns from residence,,,,,...,,0,N/A, N/A,N/A,N/A,n=18; 0→0 (intervention); 0→1 (control),↔ null,...,...,,,,,,,,,,
,,,,,,,,,,,,,,,,,,,,,,,,,,,,,...,"Ask about guns in the home: sometimes, most of the time, always",...,firearm behaviors and attitudes,% responding “sometimes/most of the time/always”,,,,,...,,0.429,N/A,N/A,N/A,0.32,n=14; 8→6 (intervention); 9→3 (control),↔ null,...,...,,,,,,,,,,
,,,,,,,,,,,,,,,,,,,,,,,,,,,,,,,,,,,,,,,,,,,,,,,,,,,,,,,,,,
,,10.1016/j.annemergmed.2023.03.023,117,Haasz 2023,"Haasz, M. et al. ",2023,United States - Colorado,Grants from NIH/NCATS Colorado CTSA and the Colorado Firearm Safety Coalition,Journal Article Manuscript ,Pilot Randomized Controlled Trial,Person (caregiver),Immediate post-intervention,N/A,N/A,Urban ,"Pediatric Emergency Department (PED), Children's Hospital Colorado. Caregivers (≥18 y) of pediatric patients aged 0–17, from firearm-owning households",32.4% firearm ownership (among total sample),N = 250 (randomized 1:1 to 30-second vs. 3-minute video),Hospital-based education,hospital-based,,,Video-based firearm safety education. Participants randomized to view either a 30-second or 3-minute video during ED visit. Both covered Be SMART principles; longer video included a personal testimonial.,"Video content on safe storage, crisis removal, testimonial (long video only)",Yes – single exposure during visit,Yes,Video delivered via tablet in ED waiting room; post-video survey immediately administered,Short video (30s) vs. Long video (3min),Chi-square tests,Difference In Proportions Between 30-second and 3-mlnute Video - Right length video,Table 2 ,firearm behaviors and attitudes,PED is an appropriate place to show a firearm safety video,,,,,Post-intervention,,−18.08 ,N/A,-25.08,-11.09,N/A,30 sec video=103 (81.1); 3 min video= 122 (99.2),,Yes – firearm ownership and video length,Yes – stronger effects among non-firearm owners for certain outcomes,N/A,High feasibility; recruitment completed in PED setting; potential for social desirability bias noted,,,,,Clinical counseling / screening,Clinical counseling / screening / decision support,Service: clinical counseling/screening (behavior change),
,,,,,,,,,,,,,,,,,,,,,,,,,,,,,...,... - Recommendations are clear ,...,firearm behaviors and attitudes,...,,,,,...,,−0.79  ,N/A,-2.32,0.75,N/A,30 sec video=126 (99.2); 3 min video= 123 (100),,...,...,,,,,,,,,,
,,,,,,,,,,,,,,,,,,,,,,,,,,,,,...,... - New knowledge gained ,...,firearm behaviors and attitudes,...,,,,,...,,−19.04,N/A,-31.15,-6.93,N/A,30 sec video=45 (35.4); 3 min video= 67 (54.5),,...,...,,,,,,,,,,
,,,,,,,,,,,,,,,,,,,,,,,,,,,,,...,... - Plan to change storage among those who had some firearm unlocked (n = 8) ,...,firearm behaviors and attitudes,...,,,,,...,,−60.00  ,N/A,-100,17.06,N/A,30 sec video=0 (0); 3 min video= 3 (60.0),,...,...,,,,,,,,,,
,,,,,,,,,,,,,,,,,,,,,,,,,,,,,...,"... - Plan to ask about firearms at other’s homes, (n = 248)",...,firearm behaviors and attitudes,...,,,,,...,,−18.99  ,N/A,-29.1,-8.88,N/A,30 sec video=85 (68.0); 3 min video= 107 (87.0),,...,...,,,,,,,,,,
,,,,,,,,,,,,,,,,,,,,,,,,,,,,,...,... - Store Firearms Locked,Table 4 ,firearm behaviors and attitudes,...,,,,,...,,-8.89,N/A,-17.2,-0.57,N/A,30 sec video=41 (91.1); 3 min video= 46 (100),,...,...,,,,,,,,,,
,,,,,,,,,,,,,,,,,,,,,,,,,,,,,...,... - Ask About Guns Where the Child Plays,...,firearm behaviors and attitudes,...,,,,,...,,−20.00 ,N/A,-31.69,-8.31,N/A,30 sec video=36 (80.0); 3 min video= 46 (100),,...,...,,,,,,,,,,
,,,,,,,,,,,,,,,,,,,,,,,,,,,,,...,... - Temporary Removal of Firearms In Case of Crisis,...,firearm behaviors and attitudes,...,,,,,...,,−6.67  ,N/A,-24.64,11.3,N/A,30 sec video=32 (71.1) 3 min video= 35 (77.8),,...,...,,,,,,,,,,
,,,,,,,,,,,,,,,,,,,,,,,,,,,,,...,... - Recall of Items Not In the Video,...,firearm behaviors and attitudes,...,,,,,...,,20,N/A,-0.16,40.16,N/A,30 sec video=29 (64.4); 3 min video= 20 (44.4),,...,...,,,,,,,,,,
,,,,,,,,,,,,,,,,,,,,,,,,,,,,,...,... - Video was noted as very helpful ,...,firearm behaviors and attitudes,...,,,,,...,,−1.11 ,N/A,-21.66,19.43,N/A,30 sec video=22 (48.9); 3 min video= 23 (50.0),,...,...,,,,,,,,,,
,,,,,,,,,,,,,,,,,,,,,,,,,,,,,,,,,,,,,,,,,,,,,,,,,,,,,,,,,,
,,,118,Hahn 2003,WEBSITE,,,,,,,,,,,,,,,,,,,,,,,,,,,,,,,,,,,,,,,,,,,,,,,,,,,,,
,,,,,,,,,,,,,,,,,,,,,,,,,,,,,,,,,,,,,,,,,,,,,,,,,,,,,,,,,,
,,10.1016/j.jamcollsurg.2018.08.694,119,Hamill 2019,"Hamill, M.E. et al. ",2019,United States - National ,N/A,Journal Article ,Quasi-experimental – Interrupted Time Series (ITS) with fixed effects panel regression,State ,30 years (1986-2015),N/A,N/A,Mixed,"State-level national data, entire U.S population. State populations (all ages), not disaggregated by age/sex ",N/A,"21,420 state-year observations (714 per variable × 30 years)",Legislation,legislation,,,Changes in state-level concealed-carry laws categorized by restrictiveness,"No carry, May issue, Shall issue, Unrestricted (permitless) carry",Yes – Annual coding of law per state from 1986 to 2015,N/A,Year of legal enactment used as timing for implementation; lag not accounted for,State-years with restrictive carry laws,General Multiple Linear Regression Model for Carry Binary (Restricted vs Non-Restricted),UCR homicide,Table 3 ,overall homicide mortailty,"Each outcome reflects the association between restrictive vs nonrestrictive carry laws (adjusted for state and year). log(rate per 100,000)",,,,,1986–2015,,−0.0040,0.04,N/A,N/A,0.92,N/A,↔ null,N/A,N/A,"Included adjustments for state-level poverty and unemployment rates, but no concurrent firearm policy variables analyzed.","Legislation analyzed by enactment year only; lag effects or uptake were not accounted for, potentially underestimating immediate effects.",,,,,Firearm policy / legal change,Other firearm policy/legal,System: policy change (access-restricting/regulatory),
,,,,,,,,,,,,,,,,,,,,,,,,,,,,,...,UCR violent crime,...,crime ,...,,,,,...,,−0.0105,0.0107,...,...,0.33,N/A,↔ null,...,...,,,,,,,,,,
,,,,,,,,,,,,,,,,,,,,,,,,,,,,,...,UCR rape,...,crime ,...,,,,,...,,−0.0008,0.0168,...,...,0.96,N/A,↔ null,...,...,,,,,,,,,,
,,,,,,,,,,,,,,,,,,,,,,,,,,,,,...,UCR robbery,...,crime ,...,,,,,...,,−0.0273,0.0201,...,...,0.17,N/A,↔ nul,...,...,,,,,,,,,,
,,,,,,,,,,,,,,,,,,,,,,,,,,,,,...,UCR aggravated assault,...,crime ,...,,,,,...,,−0.0070,0.0106,...,...,0.51,N/A,↔ nul,...,...,,,,,,,,,,
,,,,,,,,,,,,,,,,,,,,,,,,,,,,,...,UCR burglary,...,crime ,...,,,,,...,,0.0028,0.0151,...,...,0.85,N/A,↔ nul,...,...,,,,,,,,,,
,,,,,,,,,,,,,,,,,,,,,,,,,,,,,...,CDC homicide,...,overall homicide mortailty,...,,,,,...,,0.0441,0.037,...,...,0.23,N/A,↔ nul,...,...,,,,,,,,,,
,,,,,,,,,,,,,,,,,,,,,,,,,,,,,...,CDC firearm homicide,...,firearm homicide mortality,...,,,,,...,,0.0632,0.0486,...,...,0.19,N/A,↔ nul,...,...,,,,,,,,,,
,,,,,,,,,,,,,,,,,,,,,,,,,,,,,,,,,,,,,,,,,,,,,,,,,,,,,,,,,,
,,10.1097/TA.0000000000001786,120,Hamilton 2018,"Hamilton, E.C. et al. ",2018,United States - National ,N/A,Journal Article ,Cross-sectional study with multivariable Poisson regression,State ,Cross-sectional; data from 2006 and 2009,N/A,N/A,Mixed ,"National sample of pediatric firearm hospitalizations across 44 participating states using the KID database. Children <18 years hospitalized for firearm injuries; sub-analysis by age, sex, race/ethnicity, income. ","4.63 hospitalizations/100,000 children ","N= 6,843 pediatric firarm injuries (weighted estimates from 2006 and 2009 data). ",Legislation,legislation,,,"State-level child access prevention (CAP) laws, categorized as strong or weak based on storage requirements and liability standards. ",Safe storage requirement; criminal liability standards. ,"Yes- categorized as no CAP law, weak CAP law, or strong CAP law",N/A,Laws indetified via FindLaw and Westlaw databases; classified based on liability for negligent vs. reckless conduct. ,States with no CAP law (ref),Multivariable Poisson regression,All pediatric firearm injuries – strong CAP law vs. none,Table 3 ,firearm injury,IRR,,,,,"2006, 2009",,0.7,N/A,0.52,0.93,0.02,N/A,↓ beneficial,"Yes - race, sex, age, income quartile (as covariates)",N/A,Brady gun law score included for descriptive comparison across states,"Cultural and educational factors likely contribute to effectiveness of strong CAP laws; e.g., education requirements in handgun license courses in Texas",,,,,Firearm policy / legal change,Child access prevention / safe storage mandates,System: policy change (access-restricting/regulatory),
,,,,,,,,,,,,,,,,,,,,,,,,,,,,,...,Self-inflicted – strong CAP vs. none,...,firearm self-harm injury,...,,,,,...,,0.46,...,0.26,0.79,0.01,...,↓ beneficial,...,...,,,,,,,,,,
,,,,,,,,,,,,,,,,,,,,,,,,,,,,,...,Unintentional – strong CAP vs. none,...,firearm unintentional injury,...,,,,,...,,0.56,...,0.43,0.74,<0.001,...,↓ beneficial,...,...,,,,,,,,,,
,,,,,,,,,,,,,,,,,,,,,,,,,,,,,...,Assault – strong CAP vs. none,...,firearm injury,...,,,,,...,,0.77,...,0.54,1.09,0.14,...,↔ null,...,...,,,,,,,,,,
,,,,,,,,,,,,,,,,,,,,,,,,,,,,,...,All pediatric firearm injuries – weak CAP vs. none,...,firearm injury,...,,,,,...,,1.79,...,1.31,2.44,<0.001,...,↑ harmful,...,...,,,,,,,,,,
,,,,,,,,,,,,,,,,,,,,,,,,,,,,,...,Self-inflicted – weak CAP vs. none,...,firearm self-harm injury,...,,,,,...,,1.82,...,1.03,3.23,0.04,...,↑ harmful,...,...,,,,,,,,,,
,,,,,,,,,,,,,,,,,,,,,,,,,,,,,...,Unintentional – weak CAP vs. none,...,firearm unintentional injury,...,,,,,...,,1.71,...,1.29,2.25,<0.001,...,↑ harmful,...,...,,,,,,,,,,
,,,,,,,,,,,,,,,,,,,,,,,,,,,,,...,Assault – weak CAP vs. none,...,firearm injury,...,,,,,...,,1.78,...,1.19,2.67,0.01,...,↑ harmful,...,...,,,,,,,,,,
,,,,,,,,,,,,,,,,,,,,,,,,,,,,,,,,,,,,,,,,,,,,,,,,,,,,,,,,,,
,,10.1016/j.jcrimjus.2021.101847,121,Hamlin 2021,Daniel Hamlin,2021,United States - National ,N/A ,Journal Article ,Fixed-effects panel regression + Interrupted Time Series (ITS),State ,40 years (1980-2019),N/A,N/A,Mixed,"U.S. states tracking gun policy and school frearm incident trends. K-12 schools in the U.S.; includes school shootings, firearm displays, or bullet strikes on school grounds. ",N/A ,"50 states × 40 years = 2,000 observations",Legislation + Ownership prevalence,legislation,,,"1) Gun ownership rates by state/year, 2) Three types of gun laws (CAP laws, 21-year-old handgun purchase minimums, safety training requirements)",Law presence (binary) for each of the 3 laws; continuous measure of ownership,Yes – continuous ownership rate; policy presence per year,N/A,State-year coding of law presence; some ITS models per law type. ,States without laws; lower vs. higher gun ownership levels. ,Negative binomial regression with state and year fixed effects,Number of Firearm Incidents at U.S. Schools (annual count per state),Table 5 ,firearm crime,"Count of school firearm incidents, including discharges, possessions, and threats, using the K–12 School Shooting Database",,,,,"Annual, 1980–2019",,,,,,,,,,,,,,,,,Firearm policy (index/strength measure),Policy environment index / composite score,System: measurement/index (policy strength),
,,,,,,,,,,,,,,,,,,,,,,,,,,,,,,,,,,,,,,,,,,,,,,,,,,,,,,,,,,
,,,,,,,,,,,,,,,,,,,,,,,,,,,,,,,,,,,,,,,,,,,,,,,,,,,,,,,,,,
,,,,,,,,,,,,,,,,,,,,,,,,,,,,,,,,,,,,,,,,,,,,,,,,,,,,,,,,,,
,,,,,,,,,,,,,,,,,,,,,,,,,,,,,,,,,,,,,,,,,,,,,,,,,,,,,,,,,,
,,,,,,,,,,,,,,,,,,,,,,,,,,,,,,,,,,,,,,,,,,,,,,,,,,,,,,,,,,
,,,,,,,,,,,,,,,,,,,,,,,,,,,,,,,,,,,,,,,,,,,,,,,,,,,,,,,,,,
,,,,,,,,,,,,,,,,,,,,,,,,,,,,,,,,,,,,,,,,,,,,,,,,,,,,,,,,,,
,,,,,,,,,,,,,,,,,,,,,,,,,,,,,,,,,,,,,,,,,,,,,,,,,,,,,,,,,,
,,10.1016/j.pmedr.2021.101481,122,Haque 2021,"Haque, A.F.; Jorge, E.",2021,United States - Alabama ,N/A,Journal Article ,Interrupted Time Series (before-after design),State ,52 months pre-law vs. 52 months post-law (May 2011–Dec 2019),N/A,N/A,Urban,Children’s of Alabama Emergency Department and Jefferson County Coroner’s Office. Pediatric patients (aged 0–17) with gunshot wounds presenting to emergency department or medical examiner,2.21 pediatric gunshot wound patients/month (pre-law),"316 total (116 pre-law, 200 post-law)",Legislation,legislation,,,Act 341 (September 2015): Lowered minimum age for firearm possession with parental permission,"Minors <18 can legally possess a handgun with written parental consent and while practicing, on private property, or traveling","Yes – full statewide legal change from Sep 1, 2015 onward",N/A,State-level law uniformly applied; data analyzed 52 months before and after implementation,Pre-law period (May 2011–Aug 2015),Wilcoxon rank-sum test; Fisher’s exact tests for categorical variables,Monthly pediatric gunshot injury volume,Table 2 ,firearm injury,Mean monthly GSW patient volume (CoA ED + JCCO),,,,,52 months before and after Sep 2015,,1.64,N/A,N/A,N/A,p < 0.001,"116 pre-law, 200 post-law; 3.85 vs. 2.21",↑ harmful,"Yes – sex, race, county, shooter age, gun type, intent",N/A,Alabama had rising violent crime statewide (+20%) but increase in pediatric firearm injuries exceeded that rate,High prevalence of household firearm ownership; no enforcement or compliance data for Act 341,,,,,Firearm policy / legal change,Prohibited possessor / DV removal / age limits / ERPO-type,System: policy change (access-restricting/regulatory),
,,,,,,,,,,,,,,,,,,,,,,,,,,,,,,,,,,,,,,,,,,,,,,,,,,,,,,,,,,
,,10.1097/00004703-200204000-00002,123,Hardy 2002,"Hardy, M.S.",2002,United States - Southeastern urban area,N/A,Journal Article ,Randomized controlled trial (RCT),Person,1 week intervention + follow-up assessment ,N/A,N/A,Urban ,3 day-care centers in a southeastern U.S. city. Children aged 4–7 years in afterschool programs; mostly upper-middle class families,N/A,"N = 70 (34 intervention, 36 control)",School-based safety education,school-based,,,"Week-long firearm safety curriculum adapted from STAR (Center to Prevent Handgun Violence) including lessons on toy vs. real guns, decision-making, and conflict resolution","Behavioral modeling, role-play, reinforcement, group instruction",Yes – 5 days of in-person programming,Partial – described procedures and structure,Lessons delivered by trained undergraduate assistants; attention-matched control condition; all sessions supervised,No intervention (standard play activities with research assistants),Chi-square tests and t-tests for behavioral comparisons between groups; ANOVA for subgroup differences,Gun play behavior (any touching/handling of gun),,firearm behaviors and attitudes,Whether child touched or played with real or toy gun during 10-minute observation,,,,,1 week post-intervention,,0.6,N/A,N/A,N/A,0.33,21/34 intervention vs. 17/36 control children touched gun,↔ null,"Yes – gender, child-reported gun access",Children who said parents owned guns were significantly more likely to play with guns and to act out shooting behaviors (p = 0.001 vs. p = 0.017),N/A,Possible contamination between groups; cognitive immaturity among preschoolers may have limited effectiveness,,,,,Clinical counseling / screening,Clinical counseling / screening / decision support,Service: clinical counseling/screening (behavior change),
,,,,,,,,,,,,,,,,,,,,,,,,,,,,,...,Positive comments about gun safety,,firearm behaviors and attitudes,...,,,,,...,,0.35,...,...,...,0.86,35% intervention vs. 33% control,↔ null,...,...,,,,,,,,,,
,,,,,,,,,,,,,,,,,,,,,,,,,,,,,...,Gun recognition (real vs toy),,firearm behaviors and attitudes,...,,,,,...,,0.4,...,...,...,p < 0.001,N/A,↔ null,...,...,,,,,,,,,,
,,,,,,,,,,,,,,,,,,,,,,,,,,,,,,,,,,,,,,,,,,,,,,,,,,,,,,,,,,
,,10.1097/EDE.0000000000000989,124,Hasegawa 2019,"Hasegawa, R.B. et al. ",2019,United States - Missouri (plus 8 neighboring states),N/A,Journal Article ,Comparative Interrupted Time Series (DiD with Bracketing),State,"18 years (1999–2016), including before and after repeal",N/A,N/A,Mixed ,"Missouri vs. 8 neighboring states (AR, IL, IA, KS, KY, NE, OK, TN). General population (statewide), firearm homicide deaths per 100,000","4.7 firearm homicides / 100,000 (Missouri, 1999–2007)","State-years over 18 years (no specific N, but includes 9 states across 3 time periods)",Legislation,legislation,,,"Repeal of Missouri's permit-to-purchase handgun licensing law on August 28, 2007",Removal of requirement to obtain a handgun license via sheriff-conducted background check,Full repeal - all handgun purchasers affected,Yes ,Policy took effect immediately; no major delays reported,Bracketed neighboring states (population - weighted upper and lower control groups). ,Difference-in-Differences (DiD) ,Firearm homicide rate - All border states,Table 2 ,firearm homicide mortality,"Age-adjusted firearm homocide rate per 100,000",,,,,"After repeal (2008-2016), compared to before (1999-2007). ",,1.2,N/A,0.9,1.5,N/A,DiD estimate from aggregated CDC WONDER data,↑ harmful,N/A,Braketing shows consistent direction across subgroups of states with high and low baseline rates,Missouri passed a Stand Your Ground law during same period (potential confounder),Economic recession may have interacted with local firearm violence trends (accounted for in analysis),,,,,Firearm policy / legal change,Background checks / permits to purchase / sales regulation,System: policy change (access-expanding/permissive),
,,,,,,,,,,,,,,,,,,,,,,,,,,,,,"DiD using upper control group (AR, IL, TN)",Firearm homicide rate – Upper control,...,firearm homicide mortality,...,,,,,...,,1.3,...,0.9,1.7,...,Missouri = 4.7 → 6.1; Upper controls = 5.2 → 5.3,↑ harmful,...,...,,,,,,,,,,
,,,,,,,,,,,,,,,,,,,,,,,,,,,,,"DiD using lower control group (IA, KS, KY, NE, OK)",Firearm homicide rate – Lower control,...,firearm homicide mortality,...,,,,,...,,0.9,...,0.6,1.2,...,Missouri = 4.7 → 6.1; Lower controls = 2.7 → 3.2,↑ harmful,...,...,,,,,,,,,,
,,10.1097/SLA.0000000000006542,125,Hatchimonji 2024,,,,,,,,,,,,,,,,,,,,,,,,,,,,,,,,,,,,,,,,,,,,,,,,,,,,,,
,,,,,"Hatchimonji, J.S. et al. ",2024,United States - 50 states (state - level) ,N/A,Journal Article ,Cross-sectional ecological study using Poisson regression,State,3 years (2018–2020 firearm death data vs. 2021 SEAD policy data),N/A,N/A,Mixed ,All 50 U.S. States. Children aged 0-18 years. ,"Firearm deaths per 100,000 ranged from 0.85 to 7.81","50 states, but only 39 states included in homicde analysis and 43 in suicide analysis (due to CDC suppression rules). ",School Policy ,school-based,,,"State-level Social, Emotional, and Academic Development (SEAD) policies in 6 domains scored by Education Trust","Discipline, Educator Diversity, Professional Development, Rigorous Curriculum, Engagement, Wraparound Services","Yes – SEAD domains scored from 0–2, averaged to create composite score",No – implementation assumed based on policy presence,Policy presence only; does not assess actual implementation at school level,States with lower SEAD scores/ other references with absent domains. ,Multivariate regression analyses ,Pediatric Firearm Homicide – SEAD Cumulative Score,Table 1,firearm homicide mortality,"Age-adjusted firearm homicide rate per 100,000 children (0–18 years)",,,,,2018–2020 average,,0.63,N/A,N/A,N/A,0.408,"Death rate range: 0.64 to 5.69 per 100,000",↔ null,N/A,N/A,"Controlled for FS/S ratio, poverty, Gini index, firearm law counts (background check laws)",Policy presence ≠ implementation; data suppression for some states; single time point analysis,Effect sizes taken from Table 1  and Table 2 - Analysis 1. Analysis 1 focused on Cumulative SEAD score as the primary exposure of interest.,,,,Firearm policy (index/strength measure),Policy environment index / composite score,System: measurement/index (policy strength),
,,,,,,,,,,,,,,,,,,,,,,,,,,,,,...,Pediatric Firearm Suicide – Cumulative SEAD Score,Table 2 ,firearm suicide mortality,"Age-adjusted firearm suicide rate per 100,000 children (0–18 years)",,,,,...,,0.75,...,...,...,0.592,N/A,↔ null,...,...,,,,,,,,,,
,,,,,,,,,,,,,,,,,,,,,,,,,,,,,,,,,,,,,,,,,,,,,,,,,,,,,,,,,,
,,10.1016/S0140-6736(16)00206-3,126,Hemenway 2016,Daniel Hemenway ,2016,United States - National ,Joyce Foundatio (partial support for Hemenway's firearm research),Commentary in a peer-reviewed journal (The Lancet),Commentary/critical investigation of the Kalesan et al. (2016) cross-sectional study.,N/A,Cross-sectional analysis of data from 2010,N/A,N/A,Mixed ,Commentary refers to U.S. states in 2010. U.S. population-level firearm mortality,"31,600 firearm deaths in 2010; ~10.1 per 100,000",50 states (based on referenced Kalesan et al. study),Legislation,legislation,,,"Analysis of 25 gun laws, especially universal background checks, ammo background checks, ID requirement","UBC for firearms, UBC for ammunition, ID requirement for purchases",Yes – state-level law presence or absence,No,Assumed presence = implementation (per Kalesan et al.),States without specific laws,IRR ,Firearm deaths (overall) – UBC laws,Text ,firearm mortality,"Firearm deaths per 100,000",,,,,2010,,0.39,N/A,0.23,0.67,p = 0.001,N/A,↓ beneficial,N/A,N/A,"Commentary criticizes lack of control for confounders like poverty, alcohol, urbanicity, mental health",Hemenway notes absence of time-series data limits causal interpretation; cautions against over-reliance on large effect sizes from one-year cross-section,Hemenway warns that predicted 90%+ reductions in mortality from UBC and ammo checks are likely overstated due to modeling limitations,,,,Firearm policy (index/strength measure),Policy environment index / composite score,System: measurement/index (policy strength),
,,,,,,,,,,,,,,,,,,,,,,,,,,,,,...,Firearm deaths – Ammo background checks,...,firearm mortality,...,,,,,...,,0.18,...,0.09,0.36,p < 0.0001,...,↓ beneficial,...,...,,,,,,,,,,
,,,,,,,,,,,,,,,,,,,,,,,,,,,,,...,Firearm deaths – ID requirement,...,firearm mortality,...,,,,,...,,0.16,...,0.09,0.29,p < 0.0001,...,↓ beneficial,...,...,,,,,,,,,,
,,,,,,,,,,,,,,,,,,,,,,,,,,,,,...,Firearm deaths – Stand Your Ground,...,firearm mortality,...,,,,,...,,N/A,...,N/A,N/A,N/A,...,↑ harmful,...,...,,,,,,,,,,
,,,,,,,,,,,,,,,,,,,,,,,,,,,,,,,,,,,,,,,,,,,,,,,,,,,,,,,,,,
,,10.1097/01.ta.0000226396.51850.fc,127,Hepburn 2006,"Hepburn, L. et al. ",2006,United States - National,"Joyce Foundation, Robert Wood Foundation, Soros Foundation",Journal Article ,Comparative Interrupted Time Series (pooled cross-sectional time series),State,1979–2000 (22 years),N/A,N/A,Mixed ,All 50 U.S. states with stratified models by age and law implementation. Children 0–14 years; comparison group adults 55–74 years,"0.57 deaths/100,000 children (1981) vs. 0.10 (2002)",N/A,Legislation,legislation,,,Child Access Prevention (CAP) laws that criminalize unsafe firearm storage accessible to children,Safe storage; owner liability if child uses/displays firearm dangerously; felony or misdemeanor penalty,"Yes – 17 states with CAP laws; 3 felony enforcement states (CA, CT, FL)",No,Binary exposure variable coded as proportion of year law was in effect; state and year fixed effects included,States without CAP laws; internal comparison with adults 55–74 as unaffected reference group,Negative binomial regression,Unintentional Firearm Deaths Children (Age 0–14) – All CAP States,Table 1 & Text ,firearm unintentional mortality,"Unintentional firearm deaths per 100,000",,,,,1979–2000,,0.78,N/A,0.61,0.99,p < 0.05,~298 deaths in 1981 to 60 deaths in 2002 nationally,↓ beneficial,"Yes – by age, felony vs. misdemeanor laws, notification, age threshold",Felony states had stronger reductions; only FL & CA drove main result,National decline in firearm deaths; some states already had low rates before law,No data on actual firearm storage behavior or enforcement; possible diffusion effect,,,,,Firearm policy / legal change,Child access prevention / safe storage mandates,System: policy change (access-restricting/regulatory),
,,,,,,,,,,,,,,,,,,,,,,,,,,,,,...,Unintentional Firearm Deaths Adults (Age 55–74) - All CAP States,Table 2 and Text ,firearm unintentional mortality,...,,,,,...,,0.88,...,0.63,1.22,p > 0.05,N/A,↔ null,...,...,,,,,,,,,,
,,,,,,,,,,,,,,,,,,,,,,,,,,,,,...,"Unintentional Firearm Deaths (Age 0–14) – Felony CAP Law States (CA, CT, FL)",Text ,firearm unintentional mortality,...,,,,,...,,0.64,...,0.46,0.89,p < 0.01,N/A,↓ beneficial,...,...,,,,,,,,,,
,,,,,,,,,,,,,,,,,,,,,,,,,,,,,...,Misdemeanor CAP Law States (Age 0–14),...,firearm unintentional mortality,...,,,,,...,,0.93,...,0.76,1.13,p > 0.05,N/A,↔ null,...,...,,,,,,,,,,
,,,,,,,,,,,,,,,,,,,,,,,,,,,,,...,CAP Laws (Excl. Florida),...,firearm unintentional mortality,...,,,,,...,,0.86,...,0.72,1.03,p > 0.05,N/A,↔ null,...,...,,,,,,,,,,
,,,,,,,,,,,,,,,,,,,,,,,,,,,,,...,CAP Laws (Excl. California),...,firearm unintentional mortality,...,,,,,...,,0.77,...,0.56,1.06,p > 0.05,N/A,↔ null,...,...,,,,,,,,,,
,,,,,,,,,,,,,,,,,,,,,,,,,,,,,,,,,,,,,,,,,,,,,,,,,,,,,,,,,,
,,10.1542/peds.113.1.70,128,Himle 2004,"Himle, M.B. et al. ",2004,"United States - Midwest (city of ~80,000 residents)",N/A,Journal Article ,Randomized controlled trial (RCT),Person (preschool child),Immediate post-intervention (within 1 week),N/A,N/A,Urban,"Classrooms and homes in a midwestern U.S. city (~80,000 pop.). Children aged 4–5 years attending preschool",N/A - Posttest-only design,N = 31 children (11 Eddie Eagle; 10 Behavioral Skills Training [BST]; 10 Control),Educational program,behavioral,,,"Comparison of NRA’s Eddie Eagle GunSafe program and a Behavioral Skills Training (BST) program using instruction, modeling, rehearsal, and feedback","Eddie Eagle: passive instruction, videos, scenarios; BST: active rehearsal with corrective feedback in realistic scenarios",Yes – 5 sessions for both intervention arms,Partially (program delivery described in detail; some variation due to absences),Deviations from 5-day schedule for some children due to absences; training followed program manuals closely,No-treatment control (received BST after assessments),Posttest-only RCT with 3-group design; Kruskal-Wallis non-parametric tests for group comparisons,Self-Report Assessment – Ability to Verbalize Gun Safety Message - BST,Text,firearm behaviors and attitudes,Score from 0 (unsafe) to 3 (verbalizes all 3 steps correctly),,,,,Posttest (within 1 week),,2.65,0.41,N/A,N/A,p < 0.01,N/A,↓ beneficial,N/A,N/A,N/A,Absenteeism required make-up sessions; Eddie Eagle possibly developmentally inappropriate,,,,,Education / school / community program,School/community education / threat assessment / training,Program: skills/training & threat/crisis prevention,
,,,,,,,,,,,,,,,,,,,,,,,,,,,,,...,Self-Report Assessment – Ability to Verbalize Gun Safety Message - Eddie Eagle ,...,firearm behaviors and attitudes,...,,,,,...,,2.23,0.88,N/A,N/A,p < 0.01,N/A,↓ beneficial,...,...,,,,,,,,,,
,,,,,,,,,,,,,,,,,,,,,,,,,,,,,...,Role Play Assessment – Performance of Safety Skills - BST,...,firearm behaviors and attitudes,"Score 0–3 based on full behavior chain: don’t touch, leave area, tell adult",,,,,...,,3,0,N/A,N/A,p < 0.01,N/A,↓ beneficial,...,...,,,,,,,,,,
,,,,,,,,,,,,,,,,,,,,,,,,,,,,,...,Role Play Assessment – Performance of Safety Skills - Eddie Eagle,...,firearm behaviors and attitudes,...,,,,,...,,1.27,0.65,N/A,N/A,p < 0.01,N/A,↔ null,...,...,,,,,,,,,,
,,,,,,,,,,,,,,,,,,,,,,,,,,,,,,,,,,,,,,,,,,,,,,,,,,,,,,,,,,
,,10.1177/08862605211005157,129,Hink 2022,"Hink, A.B. et al.",2022,"United States - Philadelphia, PA","Penn Injury Science Center (CDC-funded), University of Pennsylvania",Journal Article ,Qualitative study using in-depth interviews,Person,Single interview per participant (retrospective recall post-injury),N/A,N/A,Urban,"Level 1 trauma center in Philadelphia, PA. Black men aged 18–34 who had survived a firearm injury and were enrolled in a trauma-informed recovery program (Healing Hurt People)",N/A (qualitative data),N=20 particiapnts (out of 97 approached),Hospital-based violence intervention program (HVIP),hospital-based,,,"Healing Hurt People (HHP), a trauma-informed care program offering case management, peer support, and emotional healing services to firearm injury survivors","Trauma counseling, resource navigation, peer mentoring","Varied; all had some exposure to HHP, but depth varied across participants",N/A,Program was active at the time of interviews; not all participants were actively engaged,N/A (qualitative - exploratory study only),N/A,N/A,N/A,N/A,N/A,,,,,N/A,,N/A,N/A,N/A,N/A,N/A,N/A,N/A,N/A,N/A,"Participants often experienced systemic racism, poverty, and surveillance",Program often failed to fully engage most injured men long-term; peer match and trust were key factors,,,,,Clinical counseling / screening,Clinical counseling / screening / decision support,Service: clinical counseling/screening (behavior change),
,,,,,,,,,,,,,,,,,,,,,,,,,,,,,,,,,,,,,,,,,,,,,,,,,,,,,,,,,,
,,10.1177/15412040231216703,130,Hipple 2024,"Hipple, N. K., & Lentz, T. S.",2024,"United States - Indianapolis, Indiana",Joyce Foundation ,Journal Article,"Quasi-experimental, retrospective outcome analysis with time-to-event data using Cox proportional hazards models and IPWRA (inverse probability weighting and regression adjustment)",Person,2015–2019,N/A,N/A,Urban ,Court-involved youth aged 13–17 years old (n = 368) charged with a gun-related or violent offense and court-ordered to attend a violence prevention program (Project Life). Demographics: 96.2% male; 70.7% Black; Mean age at qualifying arrest: 15.6 years,368 youth (ages 13–17),N = 368 (after exclusions),Educational Program ,behavioral,,,"Project Life – a low-dosage, 9-hour court-ordered, education-based youth gun violence prevention program. 3-day after-school program for youth on probation for gun/violent offenses. Delivered via a community partnership (health, justice, behavioral orgs). Curriculum includes graphic videos, Stop the Bleed training, law enforcement and victim narratives, and trauma-informed messaging. Not randomized; completion tracked via court records.",,,,,,Cox proportional hazards model,Gun violence recidivism,Table 3 - Model 2,firearm crime,Arrest and charge for a violent offense involving a gun post-enrollment,,,,,Mean follow-up ~18 months,,0.33,0.139,N/A,N/A,p < 0.01,5.5% recidivism among completers vs. 21.3% among non-completers,↓ beneficial,"Yes (race, sex, age, prior offenses, incarceration).",Stronger effect for White and Latin youth; recidivism higher for those with parental incarceration and longer incarceration history,Participants were already under juvenile probation supervision. Local context of high firearm violence in Indianapolis,Youths with longer incarceration history or with an incarcerated parent were significantly less likely to complete the program. Program was only accessible to youth allowed to remain in the community.,,,,,Firearm policy / legal change,Other firearm policy/legal,System: policy change (access-restricting/regulatory),
,,,,,,,,,,,,,,,,,,,,,,,,,,,,,...,General recidivism (any new offense),...,firearm crime,Arrest and charge for any offense after qualifying charge,,,,,...,,0.599,0.135,N/A,N/A,0.023,36.5% (completers) vs. 60.7% (non-completers),↓ beneficial,...,Lower recidivism among those with fewer months incarcerated,,,,,,,,,,
,,,,,,,,,,,,,,,,,,,,,,,,,,,,,,,,,,,,,,,,,,,,,,,,,,,,,,,,,,
,,10.1001/jamainternmed.2016.8180,131,Hohl 2017,"Hohl, B.C. et al. ",2017,"United States - Philadelphia, PA",NIH and CDC grants,Journal Article,Population-based case-control study,Individual,January 2010 - December 2012,N/A,N/A,Urban ,City of Philadelphia; study focused on neighborhood-level alcohol and drug exposures. Adolescents aged 13–20 years residing in Philadelphia County,N/A (case-control design),157 firearm homocide cases; 166 matched controls,Risk factor analysis – substance use exposure,observational,,,"Examined exposure to alcohol and drugs at 3 levels: individual, family, and neighborhood",Individual drug/alcohol use; caregiver drug/alcohol use; alcohol outlet/narcotics sale density,Yes – categorized as low/moderate/high for neighborhood variables,N/A,N/A,"Matched controls (by sex, location type, and time) from general population",Conditional logistic regression (matched); adjusted for covariates (AORs),"Individual-Level Substance Use - 
Using alcohol at the time ",Table 3 ,firearm mortality,Adjusted odds ratio (AOR),,,,,Time of death,,0.9,N/A,0.2,3.8,N/A,N/A,↑ harmful,"Yes – individual, family, and neighborhood levels",Risk significantly varied by exposure level (individual vs. family vs. neighborhood),N/A,N/A,"AORs (Adjusted Odds Ratios) adjusted for individual age in years, race, school suspensions, history of prior arrest, and percent of the neighborhood population that was Hispanic.",,,,Clinical counseling / screening,Clinical counseling / screening / decision support,Service: clinical counseling/screening (behavior change),
,,,,,,,,,,,,,,,,,,,,,,,,,,,,,...,... - Using drugs at the time ,...,firearm mortality,...,,,,,...,,3.4,...,0.8,13.5,...,...,↑ harmful,...,...,,,Almost all adolescent homicides in this study were firearm-related (97.5%),,,,,,,
,,,,,,,,,,,,,,,,,,,,,,,,,,,,,...,... - History of alcohol abuse,...,firearm mortality,...,,,,,...,,4.1,...,1.2,14,...,...,↑ harmful,...,...,,,,,,,,,,
,,,,,,,,,,,,,,,,,,,,,,,,,,,,,...,... - History of drug use ,...,firearm mortality,...,,,,,...,,4.4,...,1.7,11.6,...,...,↑ harmful,...,...,,,,,,,,,,
,,,,,,,,,,,,,,,,,,,,,,,,,,,,,...,Family-Level Substance Use - Caregiver history of frequent alcohol use,...,firearm mortality,...,,,,,...,,1.6,...,0.4,6.3,...,...,↑ harmful,...,...,,,,,,,,,,
,,,,,,,,,,,,,,,,,,,,,,,,,,,,,...,... - Caregiver history of drug use,...,firearm mortality,...,,,,,...,,11.7,...,2.8,48,...,...,↑ harmful,...,...,,,,,,,,,,
,,,,,,,,,,,,,,,,,,,,,,,,,,,,Alcohol outlet licenses LOW - REF ,...,"... - Alcohol outlet licenses
(density/square mile) MODERATE",...,firearm mortality,...,,,,,...,,1.4,...,0.6,3.5,...,...,↑ harmful,...,...,,,,,,,,,,
,,,,,,,,,,,,,,,,,,,,,,,,,,,,,...,"... - Alcohol outlet licenses
(density/square mile) HIGH",...,firearm mortality,...,,,,,...,,3.2,...,1.1,9.1,...,...,↑ harmful,...,...,,,,,,,,,,
,,,,,,,,,,,,,,,,,,,,,,,,,,,,Narcotics sales LOW - REF,...,... - Narcotics sales (density/square/mile) MODERATE,...,firearm mortality,...,,,,,...,,3.4,...,1.1,10.3,...,...,↑ harmful,...,...,,,,,,,,,,
,,,,,,,,,,,,,,,,,,,,,,,,,,,,,...,... - Narcotics sales (density/square/mile) HIGH,...,firearm mortality,...,,,,,...,,7.5,...,2.2,25.8,...,...,↑ harmful,...,...,,,,,,,,,,
,,,,,,,,,,,,,,,,,,,,,,,,,,,,,,,,,,,,,,,,,,,,,,,,,,,,,,,,,,
,,10.1016/j.jemermed.2014.04.006,132,Holst 2014,COMMENTARY ARTICLE,,,,,,,,,,,,,,,,,,,,,,,,,,,,,,,,,,,,,,,,,,,,,,,,,,,,,
,,,,,,,,,,,,,,,,,,,,,,,,,,,,,,,,,,,,,,,,,,,,,,,,,,,,,,,,,,
,,10.1111/rego.12235,133,Hurka 2020,"Hurka, Steffen and Knill, Christoph",2018,"6 Western European countries (Austria, Belgium, Denmark, Finland, France, Germany, Greece, Ireland, Italy, Netherlands, Norway, Portugal, Spain, Sweden, Switzerland, UK)","European Research Council, Center for Advanced Studies at LMU Munich",Journal Article ,Time-series cross-sectional analysis (panel data),Country-years,1980–2010 (31 years),N/A,N/A,Mixed,General population in 16 Western European countries. ,N/A,N = 479 for overall homicide/suicide; 478 for gun homicide/suicide,Legislation ,legislation,,,"National gun control laws, captured by a constructed Gun Control Index based on: Regulatory paradigm (permission, privilege, prohibition); Personal requirements (age, health, training); Procedural rules (storage requirements)","Regulatory paradigm (permission vs privilege vs prohibition), personal restrictions (age, health, training), and procedural rules (safe storage, renewal requirements) — aggregated into a Gun Control Index","Yes – Index values range from 1.00 (least restrictive) to 3.00 (most restrictive), reflecting variation across time and countries",N/A,"The study focuses on legal policy output only, assuming countries implement laws once passed. No information on actual enforcement or compliance is provided.",Countries and years with less restrictive laws (lower Gun Control Index scores),Prais–Winsten AR(1) panel regression with panel-corrected standard errors,Gun policy restrictiveness and (gun) homicides,"Table 4, Model IV",firearm homicide mortality,"Gun homicides per 100,000 people",,,,,Annual (1980–2010),,−0.20,0.04,N/A,N/A,p < 0.01,"Gun homicide average rates (Italy = 1.0, England/Wales = 0.05)",↓ beneficial,Yes - by country,N/A,N/A,Focused on formal policy output only (not enforcement).,,,,,Firearm policy (index/strength measure),Policy environment index / composite score,System: measurement/index (policy strength),
,,,,,,,,,,,,,,,,,,,,,,,,,,,,,...,Gun policy restrictiveness and (gun) suicides,"Table 5, Model IV ",firearm suicide mortality,"Gun suicides per 100,000 people",,,,,...,,-0.89,0.16,N/A,N/A,p < 0.01,Average gun suicide rate range: Finland = 5.07 vs. UK = 0.27,↓ beneficial,...,...,,,,,,,,,,
,,,,,,,,,,,,,,,,,,,,,,,,,,,,,,,,,,,,,,,,,,,,,,,,,,,,,,,,,,
,,10.1007/s10935-021-00622-7,134,Iwama2021 ,"Iwama, J.; McDevitt, J. ",2021,United States - Massachussets ,Research grant from the Massachusetts Executive Office of Public Safety and Security (EOPSS),Journal Article ,Interrupted time-series analysis ,State - Massachusetts,10 years (2006-2016),N/A, N/A,Mixed ,Massachusetts residents 21 years and older purchasing handguns. Analysis seperated into 'all buyers' vs. 'first time handgun buyers',Mean daily handgun sales from the 2006-2012 pre-shooting event period ,N=4018 daily observations,Legistlation  ,legislation,,,"Pulse' (post) effects following the Newton shooting (12/14/2012), San Bernardino shooting (12/02/2015), and a signed Massachusetts Gun Violence Reduction Act (08/13/2014). Each outcome modeled as a 7, 14, and 21 day post-event dummy variable period. ","Following each event an immediate 'pulse' increase in handgun sales is observed, slowly decaying in later days. ","Pulse durations of 7, 14, and 21 days for each event dummy variable. ",N/A ,N/A,"Pre-event periods, controlling for seasonal effects and time. ",Negative Binomial Regression,Newtown mass shooting: Handgun sales - all buyers,Table 1 ,mass shooting,Daily count of handguns sold ,,,,,7 days post-Newton shooting,,0.512,0.126,N/A,N/A,p < 0.001,N/A,↑ harmful,N/A,N/A,Controlled for seasonal (day and month) effects and time. No policies were implemented in Massachusetts during the observed time period. ,N/A,"""The coefficients indicate a statistically significant increase in handguns sold followed by a decay and as expected, the effect
on first-time buyers is much larger in the first week after the event.""",,"- is this effect size count of handguns sold? also these should be extracted as separate interventions, not separate outcomes. arguably we might not even want to extract info about the mass shootings; I wouldn't count them as interventions",,Firearm policy / legal change,Other firearm policy/legal,System: policy change (access-restricting/regulatory),
,,,,,,,,,,,,,,,,,,,,,,,,,,,,,...,...,...,mass shooting,...,,,,,14 days post-Newton shooting,,0.507,0.09,N/A,N/A,p < 0.001,N/A,↑ harmful,N/A,N/A,,,,,,,,,,
,,,,,,,,,,,,,,,,,,,,,,,,,,,,,...,...,...,mass shooting,...,,,,,21 days post-Newton shooting,,0.455,0.074,N/A,N/A,p < 0.001,N/A,↑ harmful,N/A,N/A,,,,,,,,,,
,,,,,,,,,,,,,,,,,,,,,,,,,,,,,Negative Binomial Regression,Newtown mass shooting: Handgun sales - first time buyers,...,mass shooting,...,,,,,7 days post-Newton shooting,,0.672,0.129,N/A,N/A,p < 0.001,N/A,↑ harmful,N/A,N/A,,,,,,,,,,
,,,,,,,,,,,,,,,,,,,,,,,,,,,,,...,...,...,mass shooting,...,,,,,14 days post-Newton shooting,,0.627,0.092,N/A,N/A,p < 0.001,N/A,↑ harmful,N/A,N/A,,,,,,,,,,
,,,,,,,,,,,,,,,,,,,,,,,,,,,,,...,...,...,mass shooting,...,,,,,21 days post-Newton shooting,,0.575,0.076,N/A,N/A,p < 0.001,N/A,↑ harmful,N/A,N/A,,,,,,,,,,
,,,,,,,,,,,,,,,,,,,,,,,,,,,,,Negative Binomial Regression,San Bernardino mass shooting: Handgun sales - all buyers,...,mass shooting,...,,,,,7 days post-San Bernardino shooting,,0.379,0.126,N/A,N/A,p < 0.001,N/A,↑ harmful,N/A,N/A,,,,,,,,,,
,,,,,,,,,,,,,,,,,,,,,,,,,,,,,...,...,...,mass shooting,...,,,,,14 days post-San Bernardino shooting,,0.419,0.09,N/A,N/A,p < 0.001,N/A,↑ harmful,N/A,N/A,,,,,,,,,,
,,,,,,,,,,,,,,,,,,,,,,,,,,,,,...,...,...,mass shooting,...,,,,,21 days post-San Bernardino shooting,,0.45,0.075,N/A,N/A,p < 0.001,N/A,↑ harmful,N/A,N/A,,,,,,,,,,
,,,,,,,,,,,,,,,,,,,,,,,,,,,,,Negative Binomial Regression,San Bernardino mass shooting: Handgun sales - first time buyers,...,mass shooting,...,,,,,7 days post-San Bernardino shooting,,0.637,0.128,N/A,N/A,p < 0.001,N/A,↑ harmful,N/A,N/A,,,,,,,,,,
,,,,,,,,,,,,,,,,,,,,,,,,,,,,,...,...,...,mass shooting,...,,,,,14 days post-San Bernardino shooting,,0.661,0.092,N/A,N/A,p < 0.001,N/A,↑ harmful,N/A,N/A,,,,,,,,,,
,,,,,,,,,,,,,,,,,,,,,,,,,,,,,...,...,...,mass shooting,...,,,,,21 days post-Newton shooting,,0.658,0.076,N/A,N/A,p < 0.001,N/A,↑ harmful,N/A,N/A,,,,,,,,,,
,,,,,,,,,,,,,,,,,,,,,,,,,,,,,Negative Binomial Regression,Massachussets Gun Legislation Handgun sales - all buyers,...,mass shooting,...,,,,,7 days post-legislation,,0.458,0.127,N/A,N/A,p < 0.001,N/A,↑ harmful,N/A,N/A,,,,,,,,,,
,,,,,,,,,,,,,,,,,,,,,,,,,,,,,...,...,...,mass shooting,...,,,,,14 days post-legislation,,0.136,0.091,N/A,N/A,N/A,N/A,↔ null,N/A,N/A,,,,,,,,,,
,,,,,,,,,,,,,,,,,,,,,,,,,,,,,...,...,...,mass shooting,...,,,,,21 days post-legislation,,0.017,0.075,N/A,N/A,N/A,N/A,↔ null,N/A,N/A,,,,,,,,,,
,,,,,,,,,,,,,,,,,,,,,,,,,,,,,Negative Binomial Regression,Massachussets Gun Legislation Handgun sales - first time buyers,...,mass shooting,...,,,,,7 days post-legislation,,0.471,0.132,N/A,N/A,p < 0.001,N/A,↑ harmful,N/A,N/A,,,,,,,,,,
,,,,,,,,,,,,,,,,,,,,,,,,,,,,,...,...,...,mass shooting,...,,,,,14 days post-legislation,,0.15,0.096,N/A,N/A,N/A,N/A,↔ null,N/A,N/A,,,,,,,,,,
,,,,,,,,,,,,,,,,,,,,,,,,,,,,,...,...,...,mass shooting,...,,,,,21 days post-legislation,,0.032,0.079,N/A,N/A,N/A,N/A,↔ null,N/A,N/A,,,,,,,,,,
,,,,,,,,,,,,,,,,,,,,,,,,,,,,,,,,,,,,,,,,,,,,,,,,,,,,,,,,,,
,,10.1080/07418825.2021.1985593,135,Iwama 2021,"Iwama, Janice",2021,United States - Massachusetts ,N/A,Journal Article ,Interrupted time series (ITS) with covariates,City (351 municipalities in MA),2006–2016 (11 years),N/A,N/A,Mixed,"All municipalities in Massachusetts. Municipal-level populations from MA (≥18 years, both sexes)",N/A,"351 municipalities × 11 years = 3,861 observations",Legislation,legislation,,,"Massachusetts Gun Law of 2014: added enforcement mechanisms, required reporting of lost/stolen guns, standardized licensing procedures, and created firearms trafficking unit","Reporting mandates, background check tightening, license database, enforcement unit",Yes – statewide legislation with multi-component structure,N/A,Authors note difficulty attributing effects to specific components due to simultaneous rollout; implementation likely uneven across municipalities,Pre-law years (2006–2013) used in interrupted time series as internal comparator,Fixed effects panel regression with city and year fixed effects; clustered SEs; interaction terms to estimate post-law changes,Total Firearm-Related Violence,Table 2 ,firearm crime,"Total firearm-related violent offenses per 100,000 residents",,,,,2006–2016 (pre/post 2014 law),,-0.038,0.064,N/A,N/A,p > 0.10,N/A,↔ null,N/A,N/A,Existing background checks and licensing laws prior to 2014; trend of declining violence in MA continued,Implementation capacity may differ by municipality; no specific enforcement fidelity data,"""Despite extensive legislative changes, no statistically significant decline found in any firearm violence category post-2014"" ",,,,Firearm policy (index/strength measure),Policy environment index / composite score,System: measurement/index (policy strength),
,,,,,,,,,,,,,,,,,,,,,,,,,,,,,,Aggravated Assault with Firearm,Table 3 ,firearm crime,"Offense rate per 100,000 population ",,,,,...,,–0.029,0.058,...,...,p > 0.10,...,↔ null,N/A,N/A,,,,,,,,,,
,,,,,,,,,,,,,,,,,,,,,,,,,,,,,,Robbery with Firearm,Table 4 ,firearm crime,"Offense rate per 100,000 population ",,,,,...,,–0.046,0.043,...,...,p > 0.10,...,↔ null,N/A,N/A,,,,,,,,,,
,,,,,,,,,,,,,,,,,,,,,,,,,,,,,,Homicide with Firearm,Table 5,firearm homicide mortality,"Offense rate per 100,000 population ",,,,,...,,–0.007,0.02,...,...,p > 0.10,...,↔ null,N/A,N/A,,,,,,,,,,
,,,,,,,,,,,,,,,,,,,,,,,,,,,,,,,,,,,,,,,,,,,,,,,,,,,,,,,,,,
,,,,,,,,,,,,,,,,,,,,,,,,,,,,,,,,,,,,,,,,,,,,,,,,,,,,,,,,,,
,,,,,,,,,,,,,,,,,,,,,,,,,,,,,,,,,,,,,,,,,,,,,,,,,,,,,,,,,,
,,,,,,,,,,,,,,,,,,,,,,,,,,,,,,,,,,,,,,,,,,,,,,,,,,,,,,,,,,
,,,,,,,,,,,,,,,,,,,,,,,,,,,,,,,,,,,,,,,,,,,,,,,,,,,,,,,,,,
,,10.5249/jivr.v10i1.951,136,Jehan 2018,"Jehan, F. et al. ",2018,United States - National,N/A,Journal Article ,Cross-sectional (retrospective ecological analysis),State ,N/A (single year - 2011 data),N/A,N/A,Mixed ,44 U.S states using 2011 Nationwide Inpatient Sample. Trauma patients admitted to hospitals; firearm-related injuries identified by ICD-9 E-codes,1.3 vs 2.1 firearm injuries per 1000 trauma admissions (SFL vs non-SFL),"N = 1,277,250 trauma patients (810 SFL, 1,773 non-SFL firearm injuries)",Legislation,legislation,,,States classified as having strict firearm laws (SFL) vs. non-strict laws (non-SFL) using the Brady Scorecard,"Composite of 16 laws (background checks, assault weapons ban, child safety, guns in public, trafficking prevention)",Yes - states with Brady score ≥26 considered SFL,N/A,Classification based on policy presence only; not on enforcement,Non-SFL states (Brady score <26),"Pearson’s correlation analysis, ",Firearm-related injury rate - SFL,Table 3 ,firearm injury,"Firearm injuries per 1,000 trauma patients (Mean)",,,,,2011,,1.3,0.5,N/A,N/A,0.01,N/A,↓ beneficial,Yes – SFL vs non-SFL,Significantly lower suicide and unintentional firearm injuries in SFL states (Table 2),N/A,N/A,,,,,Firearm policy (index/strength measure),Policy environment index / composite score,System: measurement/index (policy strength),
,,,,,,,,,,,,,,,,,,,,,,,,,,,,,...,Firearm-related mortality rate - SFL,...,firearm mortality,% firearm-injury patients who died in hospital (% written as a decimal),,,,,...,,0.083,N/A,...,...,0.01,...,↓ beneficial,...,...,,,,,,,,,,
,,,,,,,,,,,,,,,,,,,,,,,,,,,,,...,Potential Years of Life Lost (PYLL) - SFL,...,firearm mortality,"Mean PYLL per firearm fatality, age 75 – age at death",,,,,...,,2.7,11,...,...,0.001,...,↓ beneficial,...,...,,,,,,,,,,
,,,,,,,,,,,,,,,,,,,,,,,,,,,,,Linear regression (univariate),Firearm Injury Rate (adjusted) ,Text and Table 4,firearm injury,β (adjusted),,,,,...,,–0.28,N/A,-1.7,-0.06,0.04,...,↓ beneficial,...,...,,,,,,,,,,
,,,,,,,,,,,,,,,,,,,,,,,,,,,,,,,,,,,,,,,,,,,,,,,,,,,,,,,,,,
,,10.1016/j.jpedsurg.2021.04.015,137,Johnson 2022,"Johnson, B.L. et al. ",2022,United States - Texas (Houston) ,N/A,Journal Article ,Randomized Controlled Trial (RCT),Household (firearm-owning families attending pediatric clinics),2 months,N/A,N/A,Urban ,"Two pediatric community clinics in high-risk firearm injury zip codes in Houston, Texas — one low-income, mostly Hispanic; the other middle-income, diverse population. Firearm-owning parents of children attending pediatric clinics. Demographics varied; most used firearms for protection (87–88%). Pediatrician-delivered vs. self-directed (handout only) guidance groups.",Pre-intervention safe storage: PG: 93% (14/15); CG: 82% (14/17),"N = 32 families (PG: 15; CG: 17), with 18 completing follow-up (9 in each group)",Education-based intervention,"hospital-based, behavioral",,,Pediatrician-delivered firearm safety guidance vs. self-directed handout guidance. All participants received a firearm safety handout and free cable lock.,Personalized firearm safety counseling; Review of state CAP laws; Tailored safe storage recommendations (rapid-access safes or cable locks); Free cable lock; Handout with firearm injury facts and safety tips,Physician visited each clinic twice over 3 months. Counseling lasted ~15 minutes,Yes ,Intervention delivered only by a trained pediatrician (also a firearm owner). Only 56% follow-up rate. Physician experience and comfort noted to influence delivery.,Control group received handout and cable lock only (no physician-delivered guidance),Descriptive statistics + Chi-square,Firearm stored locked and unloaded - Pediatrician guidance group,Table 2,firearm behaviors and attitudes,% of families storing firearms locked and unloaded (% written as a decimal) ,,,,,Pre-intervention ,,0.93,N/A,N/A,N/A,0.7,Pre 93% (14/15) → Post 89% (8/9); Control Group: 14 → 7,↔ null,N/A,N/A,Texas CAP law relevant,"Barriers: Small sample, low follow-up, potential reporting bias. Facilitators: Use of physician with firearm ownership experience, high parental receptivity, culturally relevant education",,,,,Clinical counseling / screening,Child access prevention / safe storage mandates,Program: promote safe storage (devices/practices),
,,,,,,,,,,,,,,,,,,,,,,,,,,,,,...,Firearm stored locked and unloaded - Pediatrician guidance group,...,firearm behaviors and attitudes,...,,,,,Post-intervention,,0.89,...,...,...,0.7,...,↔ null,...,...,,,,,,,,,,
,,,,,,,,,,,,,,,,,,,,,,,,,,,,,...,Knowledge of state CAP law - Pediatrician guidance group,...,firearm behaviors and attitudes,% of parents who correctly knew the law (% written as a decimal) ,,,,,Pre-intervention ,,0.6,...,...,...,0.03,Pre 60% (9/15) → Post 100% (9/9); Control Group: 9 → 6,↑ beneficial,...,...,,,,,,,,,,
,,,,,,,,,,,,,,,,,,,,,,,,,,,,,...,Knowledge of state CAP law - Pediatrician guidance group,...,firearm behaviors and attitudes,...,,,,,Post-intervention,,1,...,...,...,0.03,...,↑ beneficial,...,...,,,,,,,,,,
,,,,,,,,,,,,,,,,,,,,,,,,,,,,,...,Use of free cable lock - Pediatrician guidance group,Text (Results),firearm behaviors and attitudes,% of families using provided cable lock (% written as a decimal),,,,,Post-intervention only ,,0.44,...,...,...,0.3,PG: 44% (4/9); CG: 22% (2/9,↔ null,...,...,,,,,,,,,,
,,,,,,,,,,,,,,,,,,,,,,,,,,,,,,,,,,,,,,,,,,,,,,,,,,,,,,,,,,
,,10.1093/aje/kwac222,138,Kagawa 2023,"Kagawa, R. et al. ",2023,"United States - Colorado, Delaware, Oregon, Washington","National Collaborative for Gun Violence Research, Heising-Simons Foundation, UC Firearm Violence Research Center",Journal Article ,Quasi-experimental / Synthetic Control Method (plus augmented SCM and negative binomial regression for sensitivity),State ,1998–2019 (15 years pre-law + post-law through 2019),N/A,N/A,Mixed ,"State-level population across Colorado, Delaware, Oregon, and Washington; includes all-age population-level firearm deaths (no subgroup restrictions in primary analysis).","State-specific firearm suicide and homicide rates per 100,000 population. Example from 2012: Firearm suicide rates ~11–16 per 100k; firearm homicide rates ~2–6 per 100k. Exact pre-law rates not specified uniformly.","4 treated states (CO, DE, OR, WA) x ~20 years (1998–2019); 80+ state-year observations total. Synthetic controls include matched sets from ~30 other states.",Legislation,legislation,,,CBC laws mandated that private firearm transfers require a background check through a licensed dealer; no permitting involved; improvement in background data systems noted,CBC laws requiring background checks for private transfers (not just licensed dealers); implemented 2013–2015,"Varies by state, full implementation dates provided in Methods; assumed full coverage by year post-July 1",Discussed qualitatively; varied uptake among states,CBC laws mandated that private firearm transfers require a background check through a licensed dealer; no permitting involved; improvement in background data systems noted,Synthetic control group of states without CBC or permit-to-purchase laws during study period,Synthetic Control Method,Firearm homicide – Colorado,Table 1 ,Mortality,Difference in rates per 100k vs. synthetic control,,,,,2013–2019,,0.2,N/A,N/A,N/A,82% placebo > Δ,Relative rate: 1.02,↔ null,N/A,N/A,"Laws in Oregon (marijuana legalization), general improvements in background check systems (automation of records), other gun laws (permit-to-purchase, stand your ground, concealed carry laws) considered in sensitivity analyses","Varying uptake and enforcement across states; strong record systems noted, but incomplete compliance with private sellers",,,,,Firearm policy / legal change,Background checks / permits to purchase / sales regulation,System: policy change (access-restricting/regulatory),
,,,,,,,,,,,,,,,,,,,,,,,,,,,,,...,Firearm homicide – Delaware,...,firearm homicide mortality,...,,,,,2014–2019,,-0.82,...,...,...,21% placebo > Δ,Relative rate: 0.87,↓ beneficial,...,Poor fit (RMSPE=0.728),,,,,,,,,,
,,,,,,,,,,,,,,,,,,,,,,,,,,,,,...,Firearm homicide – Oregon,...,firearm homicide mortality,...,,,,,2015–2019,,-0.8,...,...,...,27% placebo > Δ,Relative rate: 0.92,↓ beneficial,...,...,,,,,,,,,,
,,,,,,,,,,,,,,,,,,,,,,,,,,,,,...,Firearm homicide – Washington,...,firearm homicide mortality,...,,,,,2015–2019,,-0.13,...,...,...,81% placebo > Δ,Relative rate: 0.98,↔ null,...,...,,,,,,,,,,
,,,,,,,,,,,,,,,,,,,,,,,,,,,,,...,Firearm suicide – Colorado,...,firearm suicide mortality,...,,,,,2013–2019,,0.18,...,...,...,70% placebo > Δ,Relative rate: 1.07,↑ harmful,...,...,,,,,,,,,,
,,,,,,,,,,,,,,,,,,,,,,,,,,,,,...,Firearm suicide – Delaware,...,firearm suicide mortality,...,,,,,2014–2019,,0.42,...,...,...,39% placebo > Δ,Relative rate: 1.08,↑ harmful,...,Poor fit (RMSPE=0.978),,,,,,,,,,
,,,,,,,,,,,,,,,,,,,,,,,,,,,,,...,Firearm suicide – Oregon,...,firearm suicide mortality,...,,,,,2015–2019,,0.09,...,...,...,89% placebo > Δ,Relative rate: 1.05,↔ null,...,...,,,,,,,,,,
,,,,,,,,,,,,,,,,,,,,,,,,,,,,,...,Firearm suicide – Washington,...,firearm suicide mortality,...,,,,,2015–2019,,0.17,...,...,...,78% placebo > Δ,Relative rate: 1.08,↑ harmful,...,...,,,,,,,,,,
,,,,,,,,,,,,,,,,,,,,,,,,,,,,,,,,,,,,,,,,,,,,,,,,,,,,,,,,,,
,,10.1016/S0140-6736(15)01026-0,139,Kalesan 2016,"Kalesan, B. et al. ",2016,United States - National ,N/A,Journal Article ,"Cross-sectional, ecological, state-level study",State,2009 firearm laws; 2010 mortality data,N/A,N/A,Mixed ,"Entire U.S. population; firearm deaths (all ages, all intents); state-level units","31,672 total firearm deaths in 2010 (mean state-specific mortality: 10.1 per 100,000)",50 states ,Legislation ,legislation,,,"25 types of state firearm laws (including background checks, dealer laws, child access prevention, etc.)","Specific laws categorized into: firearm dealer regulations, owner purchase regulations, background checks, child access prevention, assault weapon bans, carry laws, etc.",Categorical exposure: presence/absence of each law in each state as of 2009,N/A,"Exposure defined by whether each law was in effect in each state in 2009, per Brady Center & LexisNexis verification",States without each specific law (law not present in 2009),"Poisson regression with robust SEs, adjusted for covariates",Overall firearm mortality - Universal background checks,Figure  ,firearm mortality,"Deaths per 100,000 population (2010); IRR from Poisson regression",,,,,2009,,0.39,N/A,0.23,0.67,0.001,N/A,↓,N/A,N/A,"Adjusted for state-level firearm ownership (2013), non-firearm homicide rate (2009), unemployment (2010), and firearm export rate (2009)",N/A,Laws were modeled individually and in combination; projected national effects modeled based on implementation of 3 most effective laws,"Projections estimated that all three laws (universal background checks, ammo checks, firearm ID) implemented federally could reduce mortality to 0.16 per 100,000",,,Firearm policy / legal change,Background checks / permits to purchase / sales regulation,System: policy change (access-restricting/regulatory),
,,,,,,,,,,,,,,,,,,,,,,,,,,,,,...,Overall firearm mortality - Ammunition background checks,...,firearm mortality,...,,,,,...,,0.18,...,0.09,0.36,<0.0001,...,↓,...,...,,,,,,,,,,
,,,,,,,,,,,,,,,,,,,,,,,,,,,,,...,Overall firearm mortality - Firearm identification (ballistic fingerprinting or microstamping),...,firearm mortality,...,,,,,...,,0.16,...,0.09,0.29,<0.0001,...,↓,...,...,,,,,,,,,,
,,,,,,,,,,,,,,,,,,,,,,,,,,,,,"Poisson regression, adjusted",Firearm Homicide - Universal background checks,Table 4 ,firearm homicide mortality,"Deaths per 100,000 (2010); IRR",,,,,2009,,0.21,...,0.07,0.63,0.006,...,↓,...,...,,,,,,,,,,
,,,,,,,,,,,,,,,,,,,,,,,,,,,,,...,Firearm Homicide - Universal background checks,...,firearm homicide mortality,...,,,,,...,,0.07,...,0.02,0.33,0.001,...,↓,...,...,,,,,,,,,,
,,,,,,,,,,,,,,,,,,,,,,,,,,,,,...,Firearm Homicide - Firearm identification,...,firearm homicide mortality,...,,,,,...,,0.07,...,0.02,0.29,<0.0001,...,↓,...,...,,,,,,,,,,
,,,,,,,,,,,,,,,,,,,,,,,,,,,,,...,Firearm-related suicide - Universal background checks,...,firearm suicide mortality,...,,,,,...,,0·72,...,0.37,1.4,,0·34,↓,...,...,,,,,,,,,,
,,,,,,,,,,,,,,,,,,,,,,,,,,,,,...,Firearm-related suicide - Universal background checks,...,firearm suicide mortality,...,,,,,...,,0·44 ,...,0.18,1.08,,0·074,↓,...,...,,,,,,,,,,
,,,,,,,,,,,,,,,,,,,,,,,,,,,,,...,Firearm-related suicide - Firearm identification,...,firearm suicide mortality,...,,,,,...,,0·42 ,...,0.19,0.95,,0·036,↓,...,...,,,,,,,,,,
,,,,,,,,,,,,,,,,,,,,,,,,,,,,,,,,,,,,,,,,,,,,,,,,,,,,,,,,,,
,,10.1097/01.ogx.0000494725.65079.42,140,Kalesan 2016,ONLY ABSTRACT - COMMENTARY ARTICLE,,,,,,,,,,,,,,,,,,,,,,,,,,,,,,,,,,,,,,,,,,,,,,,,,,,,,
,,,,,,,,,,,,,,,,,,,,,,,,,,,,,,,,,,,,,,,,,,,,,,,,,,,,,,,,,,
,,10.1111/sltb.12713,141,Kappelman 2021,"Kappelman, J. & Fording, R.",2021,United States - 46 States ,N/A,Journal Article ,Panel data analysis (fixed-effects regression),State ,37 years (1981–2017),N/A,N/A,Mixed ,"46 U.S. states; Hawaii, Alaska, and D.C. excluded. Youth aged 10–19 years (male and female), state-level aggregated suicide data",N/A,"46 states × 37 years = 1,702 state-year observations",Legislation,legislation,,,"Laws categorized into 7 types of state-level gun control laws: background checks, permit to purchase, child access prevention, stand-your-ground, assault weapons bans, gun lock laws, open carry bans",Presence or absence of each law in a given year,Yes – counted cumulatively and individually,N/A,Binary coding of law presence by year and state,States or years without the specific law(s),Negative binomial regression coefficient ,Youth firearm suicide rate - Strict CAP law ,Table 1 ,firearm suicide mortality,"Incidence rate ratio (IRR) – youth firearm suicides per 100,000 (ages 10–19)",,,,,1981–2017 (annual panel),,0.9273,0.0386,N/A,N/A,p < 0.10,Strict CAP law coefficient = −0.0754,↓ beneficial,"% of Black and Hispanic, divorce rate, unemployment rate, tax revenue, and population density. ",N/A,N/A,N/A,,,,,Firearm policy / legal change,Background checks / permits to purchase / sales regulation,System: policy change (access-restricting/regulatory),
,,,,,,,,,,,,,,,,,,,,,,,,,,,,,...,... - Minimum age 21—purchase,...,firearm suicide mortality,...,,,,,...,,0.9418,0.0208,...,...,p < 0.01,Minimum age 21 (purchase) coefficient = −0.0600,↓ beneficial,...,...,,,,,,,,,,
,,,,,,,,,,,,,,,,,,,,,,,,,,,,,...,... - Minimum age 21—possession ,...,firearm suicide mortality,...,,,,,...,,0.8751,0.0452,...,...,p < 0.01,Minimum age 21 (possession) coefficient = −0.1335,↓ beneficial,...,...,,,,,,,,,,
,,,,,,,,,,,,,,,,,,,,,,,,,,,,,,,,,,,,,,,,,,,,,,,,,,,,,,,,,,
,,10.1192/bjp.bp.106.032862,142,Kapusta 2007,Kapusta et al. ,2007,Austria ,N/A,Journal Article ,Quasi-experimental; time-series analysis with pre/post comparison using Poisson and linear regression,National (Austria),1985–2005 (pre: 1985–1997; post: 1998–2005),N/A,N/A,Urban ,"General population of Austria; analyses stratified by sex and age (e.g., men 20–64, women 20–64)","Firearm suicide rate pre-1997: 3.96 per 100,000 (mean 1985–1997)",N = National registry data; 6071 firearm suicides observed over 21 years,Legislation,legislation,,,Firearm licensing and purchase restrictions (EU Directive 91/477/EEC). 1997 Firearm Law Reform (Austria’s transposition of the EU Directive). ,"Introduced minimum age (21), background checks, psychological testing, 3-day cooling-off period, and safe storage regulations.",N/A,N/A,National Policy implementation,N/A,Poisson regression (growth factor = annual rate ratio),% of firearm suicides,Table 1 - Model 2 ,firearm suicide mortality,Growth factor (for example 1.05 = 5% annual increase). Stratified pre reform (1998).,,,,,"Pre-1998 (legislation enacted in 1997, implemented in 1998)",,1.026,N/A,1.016,1.038,<0.0001,,N/A,N/A,N/A,Adjusted for unemployment and per capita alcohol consumption,References to EU mandate and Austria’s compliance,,,,,Firearm policy / legal change,Other firearm policy/legal,System: policy change (access-restricting/regulatory),
,,,,,,,,,,,,,,,,,,,,,,,,,,,,,...,Firearm suicide rate ,...,firearm suicide mortality,...,,,,,...,,1,...,0.968,1.013,<0.0001,,...,...,...,,,,,,,,,,
,,,,,,,,,,,,,,,,,,,,,,,,,,,,,...,Total suicide rat,...,overall suicide mortality,...,,,,,...,,0.975,...,0.969,0.982,0.87,,...,...,...,,,,,,,,,,
,,,,,,,,,,,,,,,,,,,,,,,,,,,,,...,Firearm homicide rate,...,firearm homicide mortality,...,,,,,...,,0.994,...,0.894,1.1,<0.0001,,...,...,...,,,,,,,,,,
,,,,,,,,,,,,,,,,,,,,,,,,,,,,,Poisson regression (growth factor = annual rate ratio),% of firearm suicides,Table 1 - Model 2 ,firearm suicide mortality,Growth factor (for example 1.05 = 5% annual increase). Stratified post reform (1998).,,,,,"Post-1998 (legislation enacted in 1997, implemented in 1998)",,0.978,...,0.963,0.993,,Change in Growth Factor:  -4.8 (-6.7 to -2.8),↓ beneficial,...,...,,,,,,,,,,
,,,,,,,,,,,,,,,,,,,,,,,,,,,,,...,Firearm suicide rate ,...,firearm suicide mortality,...,,,,,...,,0.953,...,0.937,0.969,,Change in Growth Factor:  -4.8 (-6.9 to-2.7) ,↓ beneficial,...,...,,,,,,,,,,
,,,,,,,,,,,,,,,,,,,,,,,,,,,,,...,Total suicide rat,...,overall suicide mortality,...,,,,,...,,0.974,...,0.964,0.984,,Change in Growth Factor:  -0.1 (-1.4 to 1.3),↔ null,...,...,,,,,,,,,,
,,,,,,,,,,,,,,,,,,,,,,,,,,,,,...,Firearm homicide rate,...,firearm homicide mortality,...,,,,,...,,0.895,...,0.791,1.013,,Change in Growth Factor:  -9.9 (-18.9 to -0.1),↓ beneficial,...,...,,,,,,,,,,
,,,,,,,,,,,,,,,,,,,,,,,,,,,,,,,,,,,,,,,,,,,,,,,,,,,,,,,,,,
,,10.2105/AJPH.2023.307400,143,Karaye 2023,"Karaye, I. M. et al. ",2023,United States - New York State ,N/A,Journal Article ,Synthetic control method (SCM),"1999–2019 (Pre: 1999–2012, Post: 2013–2019)",7 years post-intervention,N/A,N/A,Mixed ,General population of New York State,N/A,"Annual state-level data over 21 years; n = 21 for NY, synthetic control created from 33 donor states",Policy/Legislation,legislation,,,"New York Secure Ammunition and Firearms Enforcement (NY SAFE) Act, implemented in January 2013. Comprehensive firearm legislation including bans on assault weapons and high-capacity magazines, mandatory background checks, mental health reporting requirements, recertification, and safe storage mandates.",The NY SAFE Act included the following key provisions: Universal background checks; assault weapon ban; high-capacity magazine ban; mental health reporting requirements; recertification every 5 years; mandatory safe storage laws; ammunition sale tracking. ,"High-intensity, multi-component intervention enacted statewide and implemented fully in 2013; the law affected both firearm acquisition and possession behaviors",N/A,"The SAFE Act was enacted in January 2013 in response to the Sandy Hook Elementary School shooting. It was one of the most comprehensive firearm control laws in the United States at the time. Authors describe the SAFE Act as a robust, multi-pronged legal framework designed to reduce gun violence, particularly through access restrictions and improved monitoring.",Synthetic Control Group: Constructed using data from 33 U.S. states (excluding those with major firearm law changes during the study period).,Synthetic Control Group Method ,Pre-New York SAFE Act (1999–2012) - Firearm Mortality ,Table 3 ,firearm mortality,"Age-adjusted firearm-related death rate per 100,000 (Absolute difference between New York and synthetic control). ",,,,,Pre-law (1999–2012),,-0.01,N/A,-0.19,0.17,0.08,New York: 5.14,N/A,N/A,N/A,N/A,N/A,,,,,Firearm policy / legal change,Background checks / permits to purchase / sales regulation,System: policy change (access-restricting/regulatory),
,,,,,,,,,,,,,,,,,,,,,,,,,,,,,...,... - Firearm suicide ,...,firearm suicide mortality,...,,,,,...,,-0.02,...,-0.15,0.12,0.22,New York: 2.21,...,...,...,,,,,,,,,,
,,,,,,,,,,,,,,,,,,,,,,,,,,,,,...,... - Firearm homocide ,...,firearm homicide mortality,...,,,,,...,,-0.01,...,-0.21,0.19,0.026,New York: 2.77,...,...,...,,,,,,,,,,
,,,,,,,,,,,,,,,,,,,,,,,,,,,,,...,Post-New York SAFE Act (2013–2019) - Firearm Mortality ,...,firearm mortality,...,,,,,Post-law (2013–2019),,-0.92,...,-1.29,-0.54,0.08,New York: 4.10,...,...,...,,,,,,,,,,
,,,,,,,,,,,,,,,,,,,,,,,,,,,,,...,... - Firearm suicide ,...,firearm suicide mortality,...,,,,,...,,-0.33,...,-0.49,0.17,0.22,New York: 2.12,...,...,...,,,,,,,,,,
,,,,,,,,,,,,,,,,,,,,,,,,,,,,,...,... - Firearm homocide ,...,firearm homicide mortality,...,,,,,...,,-1.2,...,-1.69,-0.71,0.026,New York: 1.89,...,...,...,,,,,,,,,,
,,,,,,,,,,,,,,,,,,,,,,,,,,,,,,,,,,,,,,,,,,,,,,,,,,,,,,,,,,
,,10.1016/j.socscimed.2019.03.001,144,Karras 2019,"Karas, E. et al. ",2019,United States - National ,"U.S. Department of Veterans Affairs (VA), U.S. Department of Defense",Journal Article ,Randomized Controlled Trial (RCT),Person,1 month post-intervention,N/A,N/A,Mixed ,"Nationwide online panel survey of U.S. military veterans. U.S. veterans, ages 18+, who reported owning a firearm and not currently storing all firearms locked",Table 2: 57.98% strongly agree “Safe storage is responsibility of firearm owner”; 44.85% agree “Safe household storage is important to practice during emotional/stressful times”; 34.39% likely or extremely likely to store firearms safely in the next month. ,"N = 358 participants (randomized: 179 to control, 179 to intervention)",Public health messaging,behavioral,,,Online exposure to one of four firearm safety message videos (developed using focus groups and expert input) to promote safe storage among veterans,"Tailored video messages (mental health + storage), behavioral cues, normative beliefs, firearm safety benefits. Firearm Safety PSA viewed 1–3 times (Condition 1); Veterans' Voices PSA + Firearm Safety PSA (Condition 2); Veterans' Voices PSA only (Condition 3 – control). ",Yes – Single exposure to one 30-second public service message,Yes – all participants in intervention arm confirmed video viewing,"Randomized via online platform, confirmation of message viewing; messages varied slightly by content focus (child safety, mental health, veteran voices)",Control group received standard message on VA benefits (not firearm-related),Generalized Estimating Equations (GEE) for repeated measures,"Attitude – ""Safe storage important during emotional/stressful times""","Table 3, Model 1 ",firearm behaviors and attitudes,Likert scale response change in safe storage attitude (Time × Condition 1),,,,,Baseline to Exit (~3 weeks),,0.36,0.14,0.08,0.64,< 0.05,N/A,↑,N/A,N/A,N/A,N/A,I focused only on the rows where the bolded estimates indicated statistically significant results (p < 0.05) — as explicitly defined in the table footnotes.,,,,Clinical counseling / screening,Child access prevention / safe storage mandates,Program: promote safe storage (devices/practices),
,,,,,,,,,,,,,,,,,,,,,,,,,,,,,...,"Normative Belief – ""Safe storage is the responsibility of the firearm owner""","Table 3, Model 2",firearm behaviors and attitudes,Likert scale response change,,,,,...,,-0.13,0.07,-0.26,-0.004,< 0.05,...,↓ (slight but significant decline) ,...,...,,,,,,,,,,
,,,,,,,,,,,,,,,,,,,,,,,,,,,,,...,"Awareness – “Community risk for suicide""","Table 3, Model 3 ",firearm behaviors and attitudes,...,,,,,...,,0.36,0.16,0.06,0.67,< 0.05,...,↑,...,...,,,,,,,,,,
,,,,,,,,,,,,,,,,,,,,,,,,,,,,,,,,,,,,,,,,,,,,,,,,,,,,,,,,,,
,,10.1001/jamainternmed.2018.0190,145,Kaufman 2018,"Kaufman, E. J., et al. ",2018,United States - National,National Institutes of Health (NIH); University of Pennsylvania,Journal Article ,Cross-sectional ecological study,State,N/A (single-year data: 2015),N/A,N/A,Mixed ,"All 50 U.S. states in 2015. State-level population, stratified into in-state residents and those affected by exported guns","Median firearm homicide rate: 3.7/100,000; firearm suicide: 7.2/100,000",50 states (1 observation per state),Legislation,legislation,,,Assessed the association between the number and type of firearm laws in a state and both in-state and exported firearm death rates (homicide and suicide).,"Composite legislative strength score (laws on background checks, permits, sales, etc.); total number of gun laws per state",Yes – used a continuous scale of number of laws per state,No – assumed as enacted at state level,State firearm law data from 2015 compiled from RAND database,"States with fewer firearm laws; models adjust for gun ownership and sociodemographic covariates. High home state, high interstate=reference category",Multilevel Poisson regression models,"Low home state, low interstate firearm suicide ",Table 3,firearm suicide mortality,"State-level firearm suicide rate per 100,000 (total and exported firearms)",,,,,2015,,1.35,N/A,1.11,1.65,p < 0.01,N/A,↓ beneficial (more laws associated with fewer deaths),N/A,N/A,"Models adjusted for confounders like poverty, unemployment, race, education, and gun ownership",N/A,,,,,Firearm policy / legal change,Other firearm policy/legal,System: policy change (access-restricting/regulatory),
,,,,,,,,,,,,,,,,,,,,,,,,,,,,,...,"Medium home state, low interstate firearm suicide ",...,firearm suicide mortality,...,,,,,...,,1.35,...,1.07,1.71,...,...,...,...,...,,,,,,,,,,
,,,,,,,,,,,,,,,,,,,,,,,,,,,,,...,"High home state, low interstate firearm suicide ",...,firearm suicide mortality,...,,,,,...,,0.91,...,0.71,1.16,...,...,...,...,...,,,,,,,,,,
,,,,,,,,,,,,,,,,,,,,,,,,,,,,"High home state, high interstate=reference category",...,"Low home state, low interstate firearm homocide ",Table 4 ,firearm homicide mortality,"State-level firearm homocide rate per 100,000 (total and exported firearms)",,,,,...,,1.38,...,1.02,1.88,...,...,...,...,...,,,,,,,,,,
,,,,,,,,,,,,,,,,,,,,,,,,,,,,,...,"Medium home state, low interstate firearm homocide",...,firearm homicide mortality,...,,,,,...,,1.22,...,0.88,1.7,...,...,...,...,...,,,,,,,,,,
,,,,,,,,,,,,,,,,,,,,,,,,,,,,,...,"High home state, low interstate firearm homocide",...,firearm homicide mortality,...,,,,,...,,1.13,...,0.84,1.53,...,...,...,...,...,,,,,,,,,,
,,,,,,,,,,,,,,,,,,,,,,,,,,,,,,,,,,,,,,,,,,,,,,,,,,,,,,,,,,
,,10.1186/s40621-024-00490-9,146,Kennedy 2024,"Kennedy, S. et al. ",2024,"United States - Military Installations (primarily Space Force, also Army, Navy, Marines, Air Force)",U.S. Department of Defense / Medical Technology Enterprise Consortium (MTEC-21-05-CrossCutting-032),Journal Article ,Community-Based Participatory Research (qualitative + community translation process),,,,,,,,,,,,,,,,,,,,,,,,,,,,,,,,,,,,,,,,,,,,,,,,
,,,,,,,,,,,,,,,,,,,,,,,,,,,,,,,,,,,,,,,,,,,,,,,,,,,,,,,,,,
,,,,,,,,,,,,,,,,,,,,,,,,,,,,,,,,,,,,,,,,,,,,,,,,,,,,,,,,,,
,,,,,,,,,,,,,,,,,,,,,,,,,,,,,,,,,,,,,,,,,,,,,,,,,,,,,,,,,,
,,,,,,,,,,,,,,,,,,,,,,,,,,,,,,,,,,,,,,,,,,,,,,,,,,,,,,,,,,
,,,,,,,,,,,,,,,,,,,,,,,,,,,,,,,,,,,,,,,,,,,,,,,,,,,,,,,,,,
,,,,,,,,,,,,,,,,,,,,,,,,,,,,,,,,,,,,,,,,,,,,,,,,,,,,,,,,,,
,,,,,,,,,,,,,,,,,,,,,,,,,,,,,,,,,,,,,,,,,,,,,,,,,,,,,,,,,,
,,,,,,,,,,,,,,,,,,,,,,,,,,,,,,,,,,,,,,,,,,,,,,,,,,,,,,,,,,
,,10.3389/fpsyt.2022.993415,147,Khazanov 2022,,,,,,,,,,,,,,,,,,,,,,,,,,,,,,,,,,,,,,,,,,,,,,,,,,,,,,
,,,,,,,,,,,,,,,,,,,,,,,,,,,,,,,,,,,,,,,,,,,,,,,,,,,,,,,,,,
,,,,,,,,,,,,,,,,,,,,,,,,,,,,,,,,,,,,,,,,,,,,,,,,,,,,,,,,,,
,,10.1016/j.jcrimjus.2021.101783,148,Kim 2021,,,,,,,,,,,,,,,,,,,,,,,,,,,,,,,,,,,,,,,,,,,,,,,,,,,,,,
,,,,,,,,,,,,,,,,,,,,,,,,,,,,,,,,,,,,,,,,,,,,,,,,,,,,,,,,,,
,,,,,,,,,,,,,,,,,,,,,,,,,,,,,,,,,,,,,,,,,,,,,,,,,,,,,,,,,,
,,10.1176/appi.ps.201600385,149,Kivisto 2017,"Kivisto, A.J. ",2017,United States - National ,None,Journal article,Cross sectional survey analysis with binomial logistic regression,Indvidual offender,2003-2004 ,N/A,N/A,Mixed ,"National Survey of inmates in state correctional facilities. Of the overall sample of 14499 participants, 45% were incarcerated for violent offenses, and 24% violent offenders used a firearm when committing their crime. ","National Survey of inmates in state correctional facilities. A total of 287 state prisons participated, and interviews of 14499 inmates were conducted between October 2003 and May 2004.  ",N= 838 violent gun offenders ,Observational (Exposure to Psychiatric Hospitalization) ,observational,,,Self reported history of any overnight psychiatric hospitalization prior to their current incarceration. ,Binary indicator: Yes or No psychiatric hospitalization,N/A,N/A,History of Pyschiatric Evaluation (N=104); No History of Pyschiatric Evaluation (N=734),Gun violence perpetrators without a history of psychiatric hospitalization served as the reference group in both models (non adjusted and adjusted),Adjusted Regression Model ,Victim =Stranger,Table 2 ,shooting,Odds of shooting a stranger vs. known victim ,,,,,2003-2004,,0.52,N/A,0.27,1,N/A,"Yes, Wald x^2=3.83",↓ beneficial,No ,No ,Only adjusted for individual demographics and substance‐use covariates; no firearm laws or other programs were implemented that could confound the hospitalization-offense relationship,"Observational study, no active “implementation” of an intervention. Key limitations include reliance on the inmates recall of prior hospitalizations, inability to verify clinical records, and potential differential reporting by sex (represented as significant sex x hospitalization interactions)","""A history of psychiatric hospitalization was associated with significantly lower odds of shooting strangers (OR=0.52) and higher odds of shooting known victims (OR=1.93), but not with other offense characteristics (all other adjusted ORs non‐significant)""",,"similarly, I don't think ""beneficial""/""harmful make a ton of sense for some of these outcomes",,Law enforcement / justice strategy,Focused deterrence / policing / enforcement,System/org: deterrence & enforcement,
,,,,,,,,,,,,,,,,,,,,,,,,,,,,,...,Victim =Known,...,shooting,Odds of shooting a known victim vs. stranger,,,,,...,,1.93,N/A,1,3.74,N/A,Wald x^2=3.83,↑ harmful,No ,No ,,,"""Over one third of respondents obtained their firearms from unregulated sources (family/friends or black‐market), with no significant differences by hospitalization status""",,,,,,,
,,,,,,,,,,,,,,,,,,,,,,,,,,,,,...,Victim =Known (Domestic),...,shooting,...,,,,,...,,1.44,N/A,0.64,3.21,N/A,Wald x^2=0.78,↔ null,No ,No ,,,,,,,,,,
,,,,,,,,,,,,,,,,,,,,,,,,,,,,,...,Victim = Known (Nondomestic),...,shooting,...,,,,,...,,0.7,N/A,0.31,1.56,N/A,Wald x^2=0.78,↔ null,No ,No ,,,,,,,,,,
,,,,,,,,,,,,,,,,,,,,,,,,,,,,,...,Single victim ,...,mass shooting,Odds of a single‐victim incident vs. mass/multiple,,,,,...,,1.13,N/A,0.59,2.15,N/A,Wald x^2=0.13,↔ null,No ,No ,,,,,,,,,,
,,,,,,,,,,,,,,,,,,,,,,,,,,,,,...,Multiple victims ,...,mass shooting,Odds of multiple‐victim incident vs. single,,,,,...,,0.89,N/A,0.47,1.69,N/A,Wald x^2=0.13,↔ null,No ,No ,,,,,,,,,,
,,,,,,,,,,,,,,,,,,,,,,,,,,,,,...,Mass shooting ,...,mass shooting,Odds of mass shooting (≥ 4 vs. < 4 victims),,,,,...,,0.98,N/A,0.27,3.58,N/A,Wald x^2=0,↔ null,No ,No ,,,,,,,,,,
,,,,,,,,,,,,,,,,,,,,,,,,,,,,,...,Gun Location=shared residence ,...,shooting,Odds offense in shared residence vs. other,,,,,...,,1.75,N/A,0.83,3.67,N/A,Wald x^2=2.18,↔ null,No ,No ,,,,,,,,,,
,,,,,,,,,,,,,,,,,,,,,,,,,,,,,...,Gun Location=victim residence ,...,shooting,Odds offense at victim’s residence vs. other,,,,,...,,0.92,N/A,0.44,1.94,N/A,Wald x^2=0.5,↔ null,No ,No ,,,,,,,,,,
,,,,,,,,,,,,,,,,,,,,,,,,,,,,,...,Gun Location=perpertrator  residence ,...,shooting,Odds offense at perpetrator’s residence vs. other,,,,,...,,0.84,N/A,0.73,1.64,N/A,Wald x^2=0.10,↔ null,No ,No ,,,,,,,,,,
,,,,,,,,,,,,,,,,,,,,,,,,,,,,,...,Gun Location=commercial/public area ,...,shooting,Odds offense in commercial/public setting vs. other,,,,,...,,0.76,N/A,0.41,1.41,N/A,Wald x^2=0.75,↔ null,No ,No ,,,,,,,,,,
,,,,,,,,,,,,,,,,,,,,,,,,,,,,,...,Source =Subject to Federal Regulation,...,firearm behaviors and attitudes,Odds gun from federally regulated source vs. unregulated,,,,,...,,0.99,N/A,0.58,1.72,N/A,Wald x^2=0,↔ null,No ,No ,,,,,,,,,,
,,,,,,,,,,,,,,,,,,,,,,,,,,,,,...,Source = unregulated (family/friends),...,firearm behaviors and attitudes,Odds gun from family/friends gift vs. other,,,,,...,,0.99,N/A,0.58,1.72,N/A,Wald x^2=0,↔ null,No ,No ,,,,,,,,,,
,,,,,,,,,,,,,,,,,,,,,,,,,,,,,...,Source = unregulated (other) ,...,firearm behaviors and attitudes,Odds gun from black-market/burglary/other vs. regulated,,,,,...,,0.78,N/A,0.43,1.39,N/A,Wald x^2=0.67,↔ null,No ,No ,,,,,,,,,,
,,,,,,,,,,,,,,,,,,,,,,,,,,,,,,,,,,,,,,,,,,,,,,,,,,,,,,,,,,
,,10.1016/j.jaac.2020.08.442,150,Kivisto 2021,Kivisto AJ; Kivisto KL; Gurnell E; Phalen P; Ray B,2021,U.S.A,N/A,Journal,ecological time series cross-sectional design,,1/1/1991-12/31/2017,N/A,N/A,Mixed,Adolescents between the ages of 14 and 18,"state years; suicides rates per 100,000","37,652 suicides",Firearm ownership rates and CAP laws,legislation,,,within-state changes in firearm ownership rates and CAP laws on within-state changes in suicide rates.,negative binomial regression to estimate the effects of within-state changes in firearm ownership rates and CAP laws on within-state changes in suicide rates.,state-level household firearm ownership rates and states’ enactment of CAP provisions,Yes," list of the 11 CAP provisions, as well as the number of states with each provision during the period covered by the present study; Provisions were grouped into 1 of 3 categories, including safe storage regulations and standards, criminal liability for child access or use, and criminal liability based on the age of the child",Low-firearm ownership,Negative binomial regression;New proxy, all-cause suicide adolescent,Table 2,overall suicide mortality,"Suicide per 100,000",,,,,"2001, 2002, 2004",,IRR = 1.007,N/A,1.002,1.011,0.002,N/A,↔ null,N/A,N/A,N/A,N/A,,,,,Firearm policy / legal change,Child access prevention / safe storage mandates,System: policy change (access-restricting/regulatory),
,,,,,,,,,,,,,,,,,,,,,,,,,,,,,, all-cause suicid adult,...,overall suicide mortality,...,,,,,...,,IRR = 1.001,...,1,1.003,0.06,...,↔ null,N/A,N/A,,,,,,,,,,
,,,,,,,,,,,,,,,,,,,,,,,,,,,,,...,firearm suicide adolescent,...,firearm suicide mortality,...,,,,,...,,IRR = 1.039,...,1.035,1.043,<.001,...,↑ harmful,N/A,N/A,,,,,,,,,,
,,,,,,,,,,,,,,,,,,,,,,,,,,,,,,firearm suicid adult,...,firearm suicide mortality,...,,,,,...,,IRR = 1.018,...,1.016,1.02,<.001,...,↑ harmful,N/A,N/A,,,,,,,,,,
,,,,,,,,,,,,,,,,,,,,,,,,,,,,,...,Non-firearm suicide adolescent,...,non-firearm suicide mortality,...,,,,,...,,IRR = 0.963,...,0.959,0.968,<.001,...,↓ beneficial,N/A,N/A,,,,,,,,,,
,,,,,,,,,,,,,,,,,,,,,,,,,,,,,,Non-firearm suicid adult,...,non-firearm suicide mortality,...,,,,,...,,IRR = 0.978,...,0.976,0.98,<.001,...,↓ beneficial,N/A,N/A,,,,,,,,,,
,,,,,,,,,,,,,,,,,,,,,,,,,,,,,Negative binomial regression BRFSS gun ownership rate, all-cause suicide adolescent,...,overall suicide mortality,...,,,,,...,,IRR = 0.989,...,0.973,1.006,0.2,...,↔ null,N/A,N/A,,,,,,,,,,
,,,,,,,,,,,,,,,,,,,,,,,,,,,,,, all-cause suicid adult,...,overall suicide mortality,...,,,,,...,,IRR = 0.996,...,0.987,1.006,0.46,...,↔ null,N/A,N/A,,,,,,,,,,
,,,,,,,,,,,,,,,,,,,,,,,,,,,,,...,firearm suicide adolescent,...,firearm suicide mortality,...,,,,,...,,IRR = 1.023,...,1.003,1.043,0.02,...,↑ harmful,N/A,N/A,,,,,,,,,,
,,,,,,,,,,,,,,,,,,,,,,,,,,,,,,firearm suicid adult,...,firearm suicide mortality,...,,,,,...,,IRR = 	1.000,...,0.989,1.01,0.99,...,↔ null,N/A,N/A,,,,,,,,,,
,,,,,,,,,,,,,,,,,,,,,,,,,,,,,...,Non-firearm suicide adolescent,...,non-firearm suicide mortality,...,,,,,...,,IRR = 0.956	,...,0.934,0.978,<.001,...,↓ beneficial,N/A,N/A,,,,,,,,,,
,,,,,,,,,,,,,,,,,,,,,,,,,,,,,,Non-firearm suicid adult,...,non-firearm suicide mortality,...,,,,,...,,IRR = 0.982,...,0.968,0.997,0.02,...,↓ beneficial,N/A,N/A,,,,,,,,,,
,,,,,,,,,,,,,,,,,,,,,,,,,,,,,Negative binomial regression State hunting licenses per capita, all-cause suicide adolescent,...,overall suicide mortality,...,,,,,...,,IRR = 1.002,...,0.996,1.009,0.49,...,↔ null,N/A,N/A,,,,,,,,,,
,,,,,,,,,,,,,,,,,,,,,,,,,,,,,, all-cause suicid adult,...,overall suicide mortality,...,,,,,...,,IRR = 0.998,...,0.996,1.001,1.019,...,↔ null,N/A,N/A,,,,,,,,,,
,,,,,,,,,,,,,,,,,,,,,,,,,,,,,...,firearm suicide adolescent,...,firearm suicide mortality,...,,,,,...,,IRR = 1.031,...,1.025,1.037,<.001,...,↑ harmful,N/A,N/A,,,,,,,,,,
,,,,,,,,,,,,,,,,,,,,,,,,,,,,,,firearm suicid adult,...,firearm suicide mortality,...,,,,,...,,IRR = 1.002,...,0.999,1.005,0.27,...,↔ null,N/A,N/A,,,,,,,,,,
,,,,,,,,,,,,,,,,,,,,,,,,,,,,,...,Non-firearm suicide adolescent,...,non-firearm suicide mortality,...,,,,,...,,IRR = 0.943,...,0.933,0.952,<.001,...,↓ beneficial,N/A,N/A,,,,,,,,,,
,,,,,,,,,,,,,,,,,,,,,,,,,,,,,,Non-firearm suicid adult,...,non-firearm suicide mortality,...,,,,,...,,IRR = 0.988,...,0.984,0.992,<.001,...,↓ beneficial,N/A,N/A,,,,,,,,,,
,,,,,,,,,,,,,,,,,,,,,,,,,,,,,Count of laws targeting safety locks and secure storage,All cause suicide adolescent,Figure 2,overall suicide mortality,"Suicide per 100,000",,,,,1991-2017,,IRR = 0.9,...,0.8,1,N/A,N/A,↓ beneficial,N/A,N/A,,,,,,,,,,
,,,,,,,,,,,,,,,,,,,,,,,,,,,,,,All cause suicide adult,...,overall suicide mortality,...,,,,,...,,IRR=0.9,...,N/A,N/A,N/A,...,N/A,N/A,N/A,,,,,,,,,,
,,,,,,,,,,,,,,,,,,,,,,,,,,,,,,Firearm suicide adolescent,...,firearm suicide mortality,...,,,,,...,,IRR= 0.7,...,0.6,0.9,N/A,...,↓ beneficial,N/A,N/A,,,,,,,,,,
,,,,,,,,,,,,,,,,,,,,,,,,,,,,,,Firearm suicide adult,...,firearm suicide mortality,...,,,,,...,,IRR= 0.9,...,N/A,N/A,N/A,...,N/A,N/A,N/A,,,,,,,,,,
,,,,,,,,,,,,,,,,,,,,,,,,,,,,,,Nonfirearm suicide adolescent,...,non-firearm suicide mortality,...,,,,,...,,IRR= 0.8,...,0.75,0.95,N/A,...,↓ beneficial,N/A,N/A,,,,,,,,,,
,,,,,,,,,,,,,,,,,,,,,,,,,,,,,,Nonfirearm suicide adult,...,non-firearm suicide mortality,...,,,,,...,,IRR = 0.9,...,N/A,N/A,N/A,...,N/A,N/A,N/A,,,,,,,,,,
,,,,,,,,,,,,,,,,,,,,,,,,,,,,,Count of laws imposing criminal liability for unsafe storage and child access,All cause suicide adolescent,Figure 2,overall suicide mortality,"Suicide per 100,000",,,,,1991-2017,,IRR= 0.95,...,0.9,1,N/A,...,↓ beneficial,N/A,N/A,,,,,,,,,,
,,,,,,,,,,,,,,,,,,,,,,,,,,,,,,All cause suicide adult,...,overall suicide mortality,...,,,,,...,,IRR= 0.99,...,N/A,N/A,N/A,...,↓ beneficial,N/A,N/A,,,,,,,,,,
,,,,,,,,,,,,,,,,,,,,,,,,,,,,,,Firearm suicide adolescent,...,firearm suicide mortality,...,,,,,...,,IRR= 0.95,...,0.9,1.1,N/A,...,↓ beneficial,N/A,N/A,,,,,,,,,,
,,,,,,,,,,,,,,,,,,,,,,,,,,,,,,Firearm suicide adult,...,firearm suicide mortality,...,,,,,...,,IRR= 0.99,...,N/A,N/A,N/A,...,↓ beneficial,N/A,N/A,,,,,,,,,,
,,,,,,,,,,,,,,,,,,,,,,,,,,,,,,Nonfirearm suicide adolescent,...,non-firearm suicide mortality,...,,,,,...,,IRR= 1,...,0.09,1.1,N/A,...,↔ null,N/A,N/A,,,,,,,,,,
,,,,,,,,,,,,,,,,,,,,,,,,,,,,,,Nonfirearm suicide adult,...,non-firearm suicide mortality,...,,,,,...,,IRR= 0.99,...,N/A,N/A,N/A,...,↓ beneficial,N/A,N/A,,,,,,,,,,
,,,,,,,,,,,,,,,,,,,,,,,,,,,,,Count of laws imposing criminal liability based on age of child who access firearm,All cause suicide adolescent,Figure 2,overall suicide mortality,Mortality,,,,,1991-2017,,IRR= 0.9,...,0.8,0.95,N/A,...,↓ beneficial,N/A,N/A,,,,,,,,,,
,,,,,,,,,,,,,,,,,,,,,,,,,,,,,,All cause suicide adult,...,overall suicide mortality,...,,,,,...,,IRR= 0.99,...,N/A,N/A,N/A,...,↓ beneficial,N/A,N/A,,,,,,,,,,
,,,,,,,,,,,,,,,,,,,,,,,,,,,,,,Firearm suicide adolescent,...,firearm suicide mortality,...,,,,,...,,IRR= 0.9,...,0.8,1,N/A,...,↓ beneficial,N/A,N/A,,,,,,,,,,
,,,,,,,,,,,,,,,,,,,,,,,,,,,,,,Firearm suicide adult,...,firearm suicide mortality,...,,,,,...,,IRR= 0.99,...,N/A,N/A,N/A,...,↓ beneficial,N/A,N/A,,,,,,,,,,
,,,,,,,,,,,,,,,,,,,,,,,,,,,,,,Nonfirearm suicide adolescent,...,non-firearm suicide mortality,...,,,,,...,,IRR= 1,...,0.9,1.1,N/A,...,↔ null,N/A,N/A,,,,,,,,,,
,,,,,,,,,,,,,,,,,,,,,,,,,,,,,,,,,,,,,,,,,,,,,,,,,,,,,,,,,,
,,10.1176/appi.ps.201700250,151,Kivisto 2018,Kivisto AJ; Phalen PL,2018,Connecticut and Indiana,N/A,Journal Article,quasi-experimental,state-level,1981-2015,N/A,N/A,Mixed,Citizens of Indiana and Connecticut,"Suicide per 100,000","15,130 suicides in Indiana, 4020 in Connecticut",Legislative,legislation,,,Firearm Seizure legislation in Connecticut and Indiana,firearm seizure legislation impact on suicide rates in Connecticut and Indiana,N/A,N/A,N/A,Synthetic control - pre-law,difference-in-differences using negative binomial regression model,All method suicide Indiana,Table 3,overall suicide mortality,"Suicide rate per 100,000",,,,,1981-2015,,IRR = .95,N/A,0.92,0.99,<.01,N/A,↓ beneficial,N/A,N/A,N/A,N/A,,,,,Firearm policy / legal change,Other firearm policy/legal,System: policy change (access-restricting/regulatory),
,,,,,,,,,,,,,,,,,,,,,,,,,,,,,,All method suicide Connecticut effects of 1999 enactment of law,...,overall suicide mortality,...,,,,,...,,IRR = 1,N/A,0.96,1.04,0.92,N/A,↔ null,...,...,,,,,,,,,,
,,,,,,,,,,,,,,,,,,,,,,,,,,,,,,All method suicide Connecticut effects of 2007 meaningful enforcement of law,...,overall suicide mortality,...,,,,,...,,IRR = 1.01,N/A,0.97,1.04,0.68,N/A,↑ harmful,...,...,,,,,,,,,,
,,,,,,,,,,,,,,,,,,,,,,,,,,,,,,Firearm suicide Indiana,...,firearm suicide mortality,...,,,,,...,,IRR = .90,N/A,0.87,0.94,<.001,N/A,↓ beneficial,...,...,,,,,,,,,,
,,,,,,,,,,,,,,,,,,,,,,,,,,,,,,Firearm suicide Connecticut effects of 1999 enactment of law,...,firearm suicide mortality,...,,,,,...,,IRR = .84,N/A,0.8,0.89,<.001,N/A,↓ beneficial,...,...,,,,,,,,,,
,,,,,,,,,,,,,,,,,,,,,,,,,,,,,,Firearm suicide Connecticut effects of 2007 meaningful enforcement of law,...,firearm suicide mortality,...,,,,,...,,IRR = .88,N/A,0.85,0.92,<.001,N/A,↓ beneficial,...,...,,,,,,,,,,
,,,,,,,,,,,,,,,,,,,,,,,,,,,,,,Non-Firearm suicide Indiana,...,non-firearm suicide mortality,...,,,,,...,,IRR = 1.10,N/A,1.06,1.14,<.001,N/A,↑ harmful,...,...,,,,,,,,,,
,,,,,,,,,,,,,,,,,,,,,,,,,,,,,,Non-Firearm suicide Connecticut effects of 1999 enactment of law,...,non-firearm suicide mortality,...,,,,,...,,IRR = 1.03,N/A,0.99,1.07,0.09,N/A,↑ harmful,...,...,,,,,,,,,,
,,,,,,,,,,,,,,,,,,,,,,,,,,,,,,Non-Firearm suicide Connecticut effects of 2007 meaningful enforcement of law,...,non-firearm suicide mortality,...,,,,,...,,IRR = .97,N/A,0.94,1,0.09,N/A,↓ beneficial,...,...,,,,,,,,,,
,,,,,,,,,,,,,,,,,,,,,,,,,,,,,,,,,,,,,,,,,,,,,,,,,,,,,,,,,,
,,10.2105/AJPH.2017.303770,152,Kivisto 2017,Kivisto AJ; Ray B; Phalen PL,2017,U.S.A,N/A,Journal Article,cross-sectional,state-level,January 1 2015 - October 31 2016,N/A,N/A,Mixed,U.S citizens in all 50 states,"fatal police shootings per 1,000,000",All U.S citizens,Legislative,legislation,,,influence of firearm legislative strength on fatal police shootings ,Used the Brady Campaign to determine state-level firearm legislative strength scores and used The Counted database to identify all fatal encounters with law enforcement,N/A,N/A,N/A,N/A,Poisson regression with robust standard errors,firearm legislative strength on fatal police shootings,Figure 1,firearm legal intervention mortality,"Fatal police shooting per 1,000,000",,,,,January 1 2015 - October 31 2016,,IRR = 0.961,N/A,0.939,0.984,N/A,N/A,↓ beneficial,N/A,N/A,N/A,N/A,,,,,Law enforcement / justice strategy,Focused deterrence / policing / enforcement,System: measurement/index (policy strength),
,,,,,,,,,,,,,,,,,,,,,,,,,,,,,,Change in Overall Fatal Police Shootings by State-Level Firearm Legislative Strength Quartile 1 (4-6),Table 2,firearm legal intervention mortality,"Fatal police shootings per 1,000,000",,,,,January 1 2015 - October 31 2016,,REFERENCE,N/A,N/A,N/A,N/A,N/A,N/A,"Yes; by firarm legislative category ( strengthen background checks, guns in public places, child and consumer safety....table 3)",lower rates in 5 of 7 categories,,,,,,,,,,
,,,,,,,,,,,,,,,,,,,,,,,,,,,,,,Change in Overall Fatal Police Shootings by State-Level Firearm Legislative Strength Quartile 2 (7-9),...,firearm legal intervention mortality,...,,,,,...,,IRR =  0.753,N/A,0.521,1.087,N/A,N/A,↓ beneficial,...,...,,,,,,,,,,
,,,,,,,,,,,,,,,,,,,,,,,,,,,,,,Change in Overall Fatal Police Shootings by State-Level Firearm Legislative Strength Quartile 3 (10-14),...,firearm legal intervention mortality,...,,,,,...,,IRR =  0.741,N/A,0.503,1.092,N/A,N/A,↓ beneficial,...,...,,,,,,,,,,
,,,,,,,,,,,,,,,,,,,,,,,,,,,,,,Change in Overall Fatal Police Shootings by State-Level Firearm Legislative Strength Quartile 4 (15-31),...,firearm legal intervention mortality,...,,,,,...,,IRR =  0.436,N/A,0.287,0.828,N/A,N/A,↓ beneficial,...,...,,,,,,,,,,
,,,,,,,,,,,,,,,,,,,,,,,,,,,,,,,,,,,,,,,,,,,,,,,,,,,,,,,,,,
,,10.1001/jamapediatrics.2023.2397,153,Kjærvik 2023,Kjærvik SL; Bushman BJ,2023,U.S.A,N/A,Journal,RCT,Country,"February 2 to October 16, 2022",N/A,N/A,Mixed,Children 8-12 years old,,216;46.3% female,Behavioral,behavioral,,,"After watching different videos, childrens behavior around guns was recorded","Pairs of children were randomly assigned to watch a 1-minute gun or car safety video at home. In the laboratory, they were randomly assigned to watch a 20-minute clip from a violent PG-rated movie with or without guns. Next, they played with games and toys for 20 minutes in another room that contained 2 disabled 9-mm handguns hidden in a file cabinet drawer.","1 minute videos, 20 minute videos, 20 minute play time",N/A,N/A,20 minute video without guns,Negative binomial regression,Seconds holding a handgun:gun safety video,Table 3,firearm behaviors and attitudes,,,,,,"February 2 to October 16, 2022",,IRR = 0.21,N/A,0.1,0.45,p<.05,N/A,↓ beneficial,N/A,N/A,N/A,N/A,,,,,Clinical counseling / screening,Clinical counseling / screening / decision support,Service: clinical counseling/screening (behavior change),
,,,,,,,,,,,,,,,,,,,,,,,,,,,,,,Seconds holding a handgun: male,...,firearm behaviors and attitudes,,,,,,...,,IRR = 4.28,N/A,1.94,9.41,...,N/A,↑ harmful,,,,,,,,,,,,
,,,,,,,,,,,,,,,,,,,,,,,,,,,,,,Seconds holding a handgun: estimated gun interest,...,firearm behaviors and attitudes,,,,,,...,,IRR = 1.28,N/A,0.94,1.72,...,N/A,↑ harmful,,,,,,,,,,,,
,,,,,,,,,,,,,,,,,,,,,,,,,,,,,,Seconds holding a handgun: guns in home,...,firearm behaviors and attitudes,,,,,,...,,IRR = 0.42,N/A,0.18,0.96,...,N/A,↓ beneficial,,,,,,,,,,,,
,,,,,,,,,,,,,,,,,,,,,,,,,,,,,,Seconds holding a handgun:firearm safety video or course,...,firearm behaviors and attitudes,,,,,,...,,IRR = 0.72,N/A,0.24,2.21,...,N/A,↓ beneficial,,,,,,,,,,,,
,,,,,,,,,,,,,,,,,,,,,,,,,,,,,,Seconds holding a handgun: negative attitudes towards guns,...,firearm behaviors and attitudes,,,,,,...,,IRR = 0.42,N/A,0.2,0.89,...,N/A,↓ beneficial,,,,,,,,,,,,
,,,,,,,,,,,,,,,,,,,,,,,,,,,,,,Seconds holding a handgun: age inappropriate movie exposure,...,firearm behaviors and attitudes,,,,,,...,,IRR = 1.33,N/A,0.98,1.81,...,N/A,↑ harmful,,,,,,,,,,,,
,,,,,,,,,,,,,,,,,,,,,,,,,,,,,,No. of trigger pulls: gun safety video,...,firearm behaviors and attitudes,,,,,,...,,IRR = 0.07,N/A,0.02,0.2,...,N/A,↓ beneficial,,,,,,,,,,,,
,,,,,,,,,,,,,,,,,,,,,,,,,,,,,,No. of trigger pulls: male,...,firearm behaviors and attitudes,,,,,,...,,IRR = 5.41,N/A,2.04,14.35,...,N/A,↑ harmful,,,,,,,,,,,,
,,,,,,,,,,,,,,,,,,,,,,,,,,,,,,No. of trigger pulls: estimated gun interest,...,firearm behaviors and attitudes,,,,,,...,,IRR = 2.03,N/A,1.43,2.89,...,N/A,↑ harmful,,,,,,,,,,,,
,,,,,,,,,,,,,,,,,,,,,,,,,,,,,,No. of trigger pulls: guns in home,...,firearm behaviors and attitudes,,,,,,...,,IRR = 0.59,N/A,0.17,2.03,...,N/A,↓ beneficial,,,,,,,,,,,,
,,,,,,,,,,,,,,,,,,,,,,,,,,,,,,No. of trigger pulls: firearm safety video or course,...,firearm behaviors and attitudes,,,,,,...,,IRR = 0.03,N/A,0.01,0.24,...,N/A,↓ beneficial,,,,,,,,,,,,
,,,,,,,,,,,,,,,,,,,,,,,,,,,,,,No. of trigger pulls: negative attitudes toward guns,...,firearm behaviors and attitudes,,,,,,...,,IRR = 0.22,N/A,0.07,0.66,...,N/A,↓ beneficial,,,,,,,,,,,,
,,,,,,,,,,,,,,,,,,,,,,,,,,,,,,No. of trigger pulls: age-inappropriate movie exposure,...,firearm behaviors and attitudes,,,,,,...,,IRR = 1.84,N/A,1.02,3.3,...,N/A,↑ harmful,,,,,,,,,,,,
,,,,,,,,,,,,,,,,,,,,,,,,,,,,,,No. of trigger pulls at partner or self: gun safety video,...,firearm behaviors and attitudes,,,,,,...,,IRR = 0.20,N/A,0.07,0.6,...,N/A,↓ beneficial,,,,,,,,,,,,
,,,,,,,,,,,,,,,,,,,,,,,,,,,,,,No. of trigger pulls at partner or self: male,...,firearm behaviors and attitudes,,,,,,...,,IRR = 6.94,N/A,1.82,26.46,...,N/A,↑ harmful,,,,,,,,,,,,
,,,,,,,,,,,,,,,,,,,,,,,,,,,,,,No. of trigger pulls at partner or self: estimated gun interest,...,firearm behaviors and attitudes,,,,,,...,,IRR = 3.34,N/A,2.01,5.55,...,N/A,↑ harmful,,,,,,,,,,,,
,,,,,,,,,,,,,,,,,,,,,,,,,,,,,,No. of trigger pulls at partner or self: guns in home,...,firearm behaviors and attitudes,,,,,,...,,IRR = 0.11,N/A,0.03,0.44,...,N/A,↓ beneficial,,,,,,,,,,,,
,,,,,,,,,,,,,,,,,,,,,,,,,,,,,,No. of trigger pulls at partner or self: firearm safety video or course,...,firearm behaviors and attitudes,,,,,,...,,IRR = <0.0001,N/A,0,0.03,...,N/A,↓ beneficial,,,,,,,,,,,,
,,,,,,,,,,,,,,,,,,,,,,,,,,,,,,No. of trigger pulls at partner or self: negative attitudes toward guns,...,firearm behaviors and attitudes,,,,,,...,,IRR = 0.21,N/A,0.06,0.7,...,N/A,↓ beneficial,,,,,,,,,,,,
,,,,,,,,,,,,,,,,,,,,,,,,,,,,,,No. of trigger pulls at partner or self: age-inappropriate movie exposure,...,firearm behaviors and attitudes,,,,,,...,,IRR = 1.79,N/A,1.1,2.9,...,N/A,↑ harmful,,,,,,,,,,,,
,,,,,,,,,,,,,,,,,,,,,,,,,,,,,,,,,,,,,,,,,,,,,,,,,,,,,,,,,,
,,10.1186/s40621-024-00533-1,154,Koopman 2024,"Koopman, J.L.; Linden, B.M.; Sinik, M.R.; Wetjen, K.M.; Hoogerwerf, P.J.; Liao, J.; Jennissen, C.A.",2024,U.S.A,University of Iowa Health Care Stead Family Children’s Hospital Discretionary Fund Grant;  Injury Free Coalition for Kids™,Journal,cross-sectional survey,State,One-time survey,N/A,N/A,Mixed,"adolescents ages 13-18;The percentage of males and females was similar and about three-quarters of participants were 15–17 years old. Nearly half lived on a farm, one-third lived in the country/not on a farm, and one-fifth lived in town. Ninety-two percent were NH White. ",N/A,3206,Behavioral,behavioral,,,Formal firearm training impact on gun use/ownership,completed certified firearm safety course,N/A,Yes,Self-reported on survey,N/A,Logistic regression analysis,Fired a handgun: sex,Table 3,firearm behaviors and attitudes,,,,,,one-time survey,,OR = 3.72,N/A,3.15,4.39,N/A,N/A,↑ harmful,N/A,N/A,N/A,all collected information was self-reported and may be subject to recall bias and social desirability. Surveys were performed independently and anonymously which should have decreased the social desirability effect.,N/A,,,,Firearm policy / legal change,Other firearm policy/legal,System: policy change (access-restricting/regulatory),
,,,,,,,,,,,,,,,,,,,,,,,,,,,,,,Fired a handgun: Age,...,firearm behaviors and attitudes,,,,,,...,,OR = 1.11,N/A,0.94,1.32,N/A,N/A,↑ harmful,,,,,,,,,,,,
,,,,,,,,,,,,,,,,,,,,,,,,,,,,,,Fired a handgun: Residence;farm,...,firearm behaviors and attitudes,,,,,,...,,OR = 1.80,N/A,1.46,2.21,N/A,N/A,↑ harmful,,,,,,,,,,,,
,,,,,,,,,,,,,,,,,,,,,,,,,,,,,,Fired a handgun: Residence country/not farm,...,firearm behaviors and attitudes,,,,,,...,,OR = 1.55,N/A,1.25,1.92,N/A,N/A,↑ harmful,,,,,,,,,,,,
,,,,,,,,,,,,,,,,,,,,,,,,,,,,,,Fired a handgun: Race/ethniciy,...,firearm behaviors and attitudes,,,,,,...,,OR = 1.39,N/A,1.03,1.85,N/A,N/A,↑ harmful,,,,,,,,,,,,
,,,,,,,,,,,,,,,,,,,,,,,,,,,,,,Fired a handgun: U.S census region; midwest,...,firearm behaviors and attitudes,,,,,,...,,OR = 2.06,N/A,1.36,3.11,N/A,N/A,↑ harmful,,,,,,,,,,,,
,,,,,,,,,,,,,,,,,,,,,,,,,,,,,,Fired a handgun: U.S census region; south,...,firearm behaviors and attitudes,,,,,,...,,OR = 3.13,N/A,2.01,4.87,N/A,N/A,↑ harmful,,,,,,,,,,,,
,,,,,,,,,,,,,,,,,,,,,,,,,,,,,,Fired a handgun: U.S census region; West,...,firearm behaviors and attitudes,,,,,,...,,OR = 3.97,N/A,2.41,6.55,N/A,N/A,↑ harmful,,,,,,,,,,,,
,,,,,,,,,,,,,,,,,,,,,,,,,,,,,,Frequent firing of handguns: sex,...,firearm behaviors and attitudes,,,,,,...,,OR = 4.78,N/A,3.94,5.81,N/A,N/A,↑ harmful,,,,,,,,,,,,
,,,,,,,,,,,,,,,,,,,,,,,,,,,,,,Frequent firing of handguns: age,...,firearm behaviors and attitudes,,,,,,...,,OR = 1.15,N/A,0.96,1.39,N/A,N/A,↑ harmful,,,,,,,,,,,,
,,,,,,,,,,,,,,,,,,,,,,,,,,,,,,Frequent firing of handguns: residence farm,...,firearm behaviors and attitudes,,,,,,...,,OR = 1.91,N/A,1.47,2.48,N/A,N/A,↑ harmful,,,,,,,,,,,,
,,,,,,,,,,,,,,,,,,,,,,,,,,,,,,Frequent firing of handguns: residence; country not farm,...,firearm behaviors and attitudes,,,,,,...,,OR = 1.79,N/A,1.36,2.35,N/A,N/A,↑ harmful,,,,,,,,,,,,
,,,,,,,,,,,,,,,,,,,,,,,,,,,,,,Frequent firing of handguns: race/ethnicity,...,firearm behaviors and attitudes,,,,,,...,,OR = 1.28,N/A,0.9,1.85,N/A,N/A,↑ harmful,,,,,,,,,,,,
,,,,,,,,,,,,,,,,,,,,,,,,,,,,,,Frequent firing of handguns: U.S census region; midwest,...,firearm behaviors and attitudes,,,,,,...,,OR = 1.80,N/A,0.95,3.38,N/A,N/A,↑ harmful,,,,,,,,,,,,
,,,,,,,,,,,,,,,,,,,,,,,,,,,,,,Frequent firing of handguns: U.S census region; south,...,firearm behaviors and attitudes,,,,,,...,,OR = 2.62,N/A,1.37,5.02,N/A,N/A,↑ harmful,,,,,,,,,,,,
,,,,,,,,,,,,,,,,,,,,,,,,,,,,,,Frequent firing of handguns: U.S census region; west,...,firearm behaviors and attitudes,,,,,,...,,OR = 3.65,N/A,1.86,7.18,N/A,N/A,↑ harmful,,,,,,,,,,,,
,,,,,,,,,,,,,,,,,,,,,,,,,,,,,,First time firing a handgun <12 years old: sex,...,firearm behaviors and attitudes,,,,,,...,,OR = 1.37,N/A,1.15,1.64,N/A,N/A,↑ harmful,,,,,,,,,,,,
,,,,,,,,,,,,,,,,,,,,,,,,,,,,,,First time firing a handgun <12 years old: age,...,firearm behaviors and attitudes,,,,,,...,,OR = 0.57,N/A,0.47,0.69,N/A,N/A,↓ beneficial,,,,,,,,,,,,
,,,,,,,,,,,,,,,,,,,,,,,,,,,,,,First time firing a handgun <12 years old: residence farm,...,firearm behaviors and attitudes,,,,,,...,,OR = 1.14,N/A,0.9,1.45,N/A,N/A,↑ harmful,,,,,,,,,,,,
,,,,,,,,,,,,,,,,,,,,,,,,,,,,,,First time firing a handgun <12 years old: residence country,...,firearm behaviors and attitudes,,,,,,...,,OR = 1.07,N/A,0.83,1.38,N/A,N/A,↑ harmful,,,,,,,,,,,,
,,,,,,,,,,,,,,,,,,,,,,,,,,,,,,First time firing a handgun <12 years old: race/ethnicity,...,firearm behaviors and attitudes,,,,,,...,,OR = 1.10,N/A,0.78,1.56,N/A,N/A,↑ harmful,,,,,,,,,,,,
,,,,,,,,,,,,,,,,,,,,,,,,,,,,,,First time firing a handgun <12 years old: U.S census region; midwest,...,firearm behaviors and attitudes,,,,,,...,,OR = 1.92,N/A,1.03,3.57,N/A,N/A,↑ harmful,,,,,,,,,,,,
,,,,,,,,,,,,,,,,,,,,,,,,,,,,,,First time firing a handgun <12 years old: U.S census region; south,...,firearm behaviors and attitudes,,,,,,...,,OR = 3.08,N/A,1.63,5.82,N/A,N/A,↑ harmful,,,,,,,,,,,,
,,,,,,,,,,,,,,,,,,,,,,,,,,,,,,First time firing a handgun <12 years old: U.S census region; west,...,firearm behaviors and attitudes,,,,,,...,,OR = 3.06,N/A,1.57,5.98,N/A,N/A,↑ harmful,,,,,,,,,,,,
,,,,,,,,,,,,,,,,,,,,,,,,,,,,,,,,,,,,,,,,,,,,,,,,,,,,,,,,,,
,,10.1023/A:1016055919939,155,Koper 2002,,,,,,,,,,,,,,,,,,,,,,,,,,,,,,,,,,,,,,,,,,,,,,,,,,,,,,
,,,,,,,,,,,,,,,,,,,,,,,,,,,,,,,,,,,,,,,,,,,,,,,,,,,,,,,,,,
,,,,,,,,,,,,,,,,,,,,,,,,,,,,,,,,,,,,,,,,,,,,,,,,,,,,,,,,,,
,,,,,,,,,,,,,,,,,,,,,,,,,,,,,,,,,,,,,,,,,,,,,,,,,,,,,,,,,,
,,10.1023/A:1007522431219,156,Koper 2001,,,,,,,,,,,,,,,,,,,,,,,,,,,,,,,,,,,,,,,,,,,,,,,,,,,,,,
,,,,,,,,,,,,,,,,,,,,,,,,,,,,,,,,,,,,,,,,,,,,,,,,,,,,,,,,,,
,,,,,,,,,,,,,,,,,,,,,,,,,,,,,,,,,,,,,,,,,,,,,,,,,,,,,,,,,,
,,10.1177/1098611115608506,157,Koper 2016,"Koper, C.S.; Woods, D.J.; Isom, D.",2016,"St. Louis, Missouri",Grant 2007-DDBX-0674 from the Bureau of Justice Assistance ,Journal Article,quasi-experimental multiple time-series,Neighborhoods,9-months,N/A,N/A,Urban,Population of Wells-Goodfellow neighborhood and comparison neighborhoods in St. Louis,"violent crimes per month per 100,000 residents","54,958",police-led community initiative,"community-based, policing",,,"The St. Louis Wells–Goodfellow intervention aimed to reduce gun violence through a police-led strategy that combined targeted enforcement, community engagement, and multiagency collaboration. While it showed some improvements in violence trends, the results were not statistically significant.","multiagency collaboration, community engagement, prosecution and supervision, heigtened enforcement",high intensity during early months of implementation,yes,"proactive police activities were intensive initially, fell off, periodic spikes afterwards. Community engagement events were implemented as planned. multiagency working group met regularly during early months and continued to collaborate",matched comparison neighborhoods,Time-Series regression models,Changes in Ratio of Violence in Wells–Goodfellow to Violence in Comparison Areas: total violence ratio,Table 3,crime,"violent crimes per month per 100,000 residents",,,,,change over 4 weeks,,-0.305,0.1848,N/A,N/A,0.1014,N/A,↓ beneficial,N/A,N/A,"Criminal justice initiatives: directed patrols/surveillance, enhanced prosecution, probation and parole supervision. community initiatives: nuisance abatement, community policing, community engagement. ","Yes, resource constraints, limited resident participation, fear and reluctance to report crimes, youth engagement issues, coordination between multiple agencies, limited targeting of high-risk groups, limited scale of community mobilization",,,,,Law enforcement / justice strategy,Focused deterrence / policing / enforcement,System/org: deterrence & enforcement,
,,,,,,,,,,,,,,,,,,,,,,,,,,,,,,Changes in Ratio of Violence in Wells–Goodfellow to Violence in Comparison Areas : gun violence ratio,...,firearm crime,...,,,,,...,,-0.582,-0.3179,N/A,N/A,0.917,N/A,↓ beneficial,,,,,,,,,,,,
,,,,,,,,,,,,,,,,,,,,,,,,,,,,,,,,,,,,,,,,,,,,,,,,,,,,,,,,,,
,,,,,,,,,,,,,,,,,,,,,,,,,,,,,,,,,,,,,,,,,,,,,,,,,,,,,,,,,,
,,10.1177/1088767905279972,158,Kovandzic 2005,"Kovandzic, T.V.; Marvell, T.B.; Vieraitis, L.M.",2005,U.S.A,N/A,Journal article,observational,Cities,1980-2000,N/A,N/A,Urban,"189 cities in U.S with population over 100,000",,"3,863 observations",Policy,legislation,,,"implementation of ""shall-issue"" concealed handgun laws in cities with populations over 100,000 in 1990","applicants must meet specific standardized requirements, authorities are required to issue permits to eligible applicants, a permit system is established, legalization of carrying concealed handguns in public places for permit holders",N/A,N/A,N/A,"cities in states without ""shall-issue"" concealed handgun laws",Fixed-effects model; estimated impact of shall-issue laws on violent crime,Homicide,table 1,overall homicide mortality,"natural log of the corresponding violent crime type per 100,000 resident population",,,,,20 years (1980-2000),,0.011,0.01375,N/A,N/A,N/A,"Total/3,863",↑ harmful,yes;state specific impacts,"there's significant variation across states; for most, the passage of SI laws was postively associated with violent crime rates. aggregated results may mask state-level differences",1994 crime control and law enforcement act. ,"demographic and economic factors like poverty rates, age distribution, family structure. ",,,,,Firearm policy (index/strength measure),Policy environment index / composite score,System: measurement/index (policy strength),
,,,,,,,,,,,,,,,,,,,,,,,,,,,,,,Robbery,...,crime,...,,,,,...,,0.01,0.01099,N/A,N/A,N/A,Total/3863,↑ harmful,,,,,,,,,,,,
,,,,,,,,,,,,,,,,,,,,,,,,,,,,,,Assault,...,crime,...,,,,,...,,0.019,0.00734,N/A,N/A,N/A,Total/3863,↑ harmful,,,,,,,,,,,,
,,,,,,,,,,,,,,,,,,,,,,,,,,,,,,Rape,...,crime,...,,,,,...,,0.012,0.00902,N/A,N/A,N/A,Total/3773,↑ harmful,,,,,,,,,,,,
,,,,,,,,,,,,,,,,,,,,,,,,,,,,,,,,,,,,,,,,,,,,,,,,,,,,,,,,,,
,,10.1111/sltb.12243,159,Kposowa 2016,,,,,,,,,,,,,,,,,,,,,,,,,,,,,,,,,,,,,,,,,,,,,,,,,,,,,,
,,,,,,,,,,,,,,,,,,,,,,,,,,,,,,,,,,,,,,,,,,,,,,,,,,,,,,,,,,
,,,,,,,,,,,,,,,,,,,,,,,,,,,,,,,,,,,,,,,,,,,,,,,,,,,,,,,,,,
,,10.1371/journal.pone.0248955,160,Krüsselmann 2021,Krüsselmann K; Aarten P; Liem M,2021,Countries outside of the U.S,European Commission Directorate-General for Migration and Home Affairs (Grant number 867477) ,Journal Article,Systematic review,Countries,studies from 1969-2016,N/A,N/A,Mixed,Population of Europe,N/A,6 eligibile studies,N/A,no intervention,,,N/A,N/A,N/A,N/A,N/A,N/A,N/A,N/A,N/A,N/A,N/A,,,,,N/A,,N/A,N/A,N/A,N/A,N/A,N/A,N/A,Different countries outside of the U.S,Findings differ between countries,N/A,N/A,"firearm restricting regulation in Austria was associated with a
decrease of almost 10 percent in firearm homicides;similar laws had little to no significant effect on a specific target
group of male National Guards who stored their firearms at home",,,,,,,
,,,,,,,,,,,,,,,,,,,,,,,,,,,,,,,,,,,,,,,,,,,,,,,,,,,,,,,,,,
,,,,,,,,,,,,,,,,,,,,,,,,,,,,,,,,,,,,,,,,,,,,,,,,,,,,,,,,,,
,,10.1001/jamanetworkopen.2023.14863,161,Kwon 2023,Kwon EG; Rice-Townsend SE; Agoubi LL; Rowhani-Rahbar A; Nehra D,2023,U.S,Dr Agoubi reported receiving grants from the National Institutes of Health during the conduct of the study.,Journal Article,Cross-sectional,Country (U.S),January 1 2020 - June 30 2022,N/A,N/A,Mixed,youths aged 10-19 years old,"Youth death rate per 100,000 person-years","5,813 youths aged 10-19 who died of an assault-related firearm injury",Legal (state gun laws) and Community (social vulnerability),legislation,,,community-level social vulnerability and state-level gun laws impact on deaths in youths due to assault-related firearm injury,state-level gun laws (measured by the Giffords Law Center gun law scorecard rating;Census tract–level social vulnerability (measured by the Centers for Disease Control and Prevention social vulnerability index [SVI]," [SVI]; categorized in quartiles as low [<25th percentile], moderate [25th-50th percentile], high [51st-75th percentile], or very high [>75th percentile]; state-level gun laws (measured by the Giffords Law Center gun law scorecard rating",N/A,N/A,,Poisson regression model,frequency and rate of death due to assault-related firearm injury by composit community-level SVI; Moderate,Table 1,firearm homicide mortality,Mortality Rate Ratio,,,,,January 1 2020 - June 30 2022,,MRR = 2.16,N/A,1.88,2.48,N/A,633/10083275,↑ harmful,N/A,N/A,N/A,"ecological study, results don't necessarily apply at the individual level. GVA allows potential for missed events and misclassification. Death rates were calculated using estimates for 2020, there may have been changes in population",Communities with very high social vulnerability had an 11-fold higher death rate than communities with low social vulnerability.,,,,Firearm policy (index/strength measure),Policy environment index / composite score,System: measurement/index (policy strength),
,,,,,,,,,,,,,,,,,,,,,,,,,,,,,,frequency and rate of death due to assault-related firearm injury by composit community-level SVI; high,...,firearm homicide mortality,...,,,,,...,,MRR = 4.46,N/A,3.94,5.07,N/A,1306/10078635,↑ harmful,,,,,,,,,,,,
,,,,,,,,,,,,,,,,,,,,,,,,,,,,,,frequency and rate of death due to assault-related firearm injury by composit community-level SVI; very high,...,firearm homicide mortality,...,,,,,...,,MRR = 11.43,N/A,10.17,12.88,N/A,3565/10738942,↑ harmful,,,,,,,,,,,,
,,,,,,,,,,,,,,,,,,,,,,,,,,,,,Poisson regression model;mortality rate ratios by composit community-level SVI and state-level Giffords gun law scorecard rating: ,"giffords A and B, SVI: moderate",Table 2,mortality,Mortality Rate Ratio,,,,,January 1 2020 - June 30 2022,,MRR = 2.05,N/A,1.58,2.69,N/A,N/A,↑ harmful,,,,,,,,,,,,
,,,,,,,,,,,,,,,,,,,,,,,,,,,,,,iffords A and B SVI: high,...,mortality,...,,,,,...,,MRR = 4.54,N/A,3.59,5.79,N/A,N/A,↑ harmful,,,,,,,,,,,,
,,,,,,,,,,,,,,,,,,,,,,,,,,,,,,giffords A and B SVI: very high,...,mortality,...,,,,,...,,MRR = 12.13,N/A,9.79,15.19,N/A,N/A,↑ harmful,,,,,,,,,,,,
,,,,,,,,,,,,,,,,,,,,,,,,,,,,,,"giffords C, SVI: low",...,mortality,...,,,,,...,,MRR = 0.97,N/A,0.66,1.41,N/A,N/A,↓ beneficial,,,,,,,,,,,,
,,,,,,,,,,,,,,,,,,,,,,,,,,,,,,"giffords C, SVI: moderate",...,mortality,...,,,,,...,,MRR = 2.45,N/A,1.84,3.28,N/A,N/A,↑ harmful,,,,,,,,,,,,
,,,,,,,,,,,,,,,,,,,,,,,,,,,,,,"giffords C, SVI:  high",...,mortality,...,,,,,...,,MRR =5.79,N/A,4.52,7.45,N/A,N/A,↑ harmful,,,,,,,,,,,,
,,,,,,,,,,,,,,,,,,,,,,,,,,,,,,"giffords C, SVI: very high",...,mortality,...,,,,,...,,MRR = 15.81,N/A,12.67,19.92,N/A,N/A,↑ harmful,,,,,,,,,,,,
,,,,,,,,,,,,,,,,,,,,,,,,,,,,,,"giffords D&F, SVI: low",...,mortality,...,,,,,...,,MRR = 2.01,N/A,1.55,2.62,N/A,N/A,↑ harmful,,,,,,,,,,,,
,,,,,,,,,,,,,,,,,,,,,,,,,,,,,,"giffords D&F, SVI: moderate",...,mortality,...,,,,,...,,MRR = 4.04,N/A,3.2,5.15,N/A,N/A,↑ harmful,,,,,,,,,,,,
,,,,,,,,,,,,,,,,,,,,,,,,,,,,,,"giffords D&F, SVI: high",...,mortality,...,,,,,...,,MRR = 7.59,N/A,6.09,9.54,N/A,N/A,↑ harmful,,,,,,,,,,,,
,,,,,,,,,,,,,,,,,,,,,,,,,,,,,,"giffords D&F, SVI: very high",...,mortality,...,,,,,...,,MRR = 19.23,N/A,15.57,24.01,N/A,N/A,↑ harmful,,,,,,,,,,,,
,,,,,,,,,,,,,,,,,,,,,,,,,,,,,,,,,,,,,,,,,,,,,,,,,,,,,,,,,,
,,10.1177/0886260511433515,162,Langmann 2012,Langmann C,2012,Canda,N/A,Journal,quasi-experimental,Province,1974-2008,N/A,N/A,Mixed,"Canadian population, with homicide data categorized by firearm type, spousal homicide, and socioeconomic factors","homicide rate per 100,000",N/A,Firearm legislation,legislation,,,"Three major legislative acts: Bill C-51 (1977), C-17 (1991), and C-68 (1995), along with subsequent implementation of licensing (2001) and the long-gun registry (2003).","criminal record checks, firearms acquisition certificates, photo id, safety training, mandatory waiting periods, safe storage laws, transportation laws, magazine capcity restrictions, prohibition of certain firearms, licensing systems, registration of rifles and shotguns",incremental implementation of legislation over the 34 year period,N/A,N/A,pre- and post-legislation comparisons,multivariate regression analysis,All homicide; median age,Table 1,overall homicide mortality,Mortality  ,,,,,34 years,,-0.019,,N/A,N/A,0.001,N/A,↑ harmful,N/A,N/A,N/A,"gradual phasing in of legislation, compliance issues, targeting low-risk groups",This study failed to demonstrate a beneficial association between legislation and firearm homicide rates between 1974 and 2008.,,,,Firearm policy / legal change,Other firearm policy/legal,System: policy change (access-restricting/regulatory),
,,,,,,,,,,,,,,,,,,,,,,,,,,,,,,All homicide; population per police,...,overall homicide mortality,...,,,,,...,,-0.003,,N/A,N/A,<.001,N/A,↑ harmful,,,,,,,,,,,,
,,,,,,,,,,,,,,,,,,,,,,,,,,,,,,All homicide; unemployment rate,...,overall homicide mortality,...,,,,,...,,0.017,,N/A,N/A,0.005,N/A,↓ beneficial,,,,,,,,,,,,
,,,,,,,,,,,,,,,,,,,,,,,,,,,,,,nonfirearm homicide; median age,...,non-firearm homicide mortality,...,,,,,...,,-0.01,,N/A,N/A,0.084,N/A,↓ beneficial,,,,,,,,,,,,
,,,,,,,,,,,,,,,,,,,,,,,,,,,,,,Nonfirearm homicide; population per police,...,non-firearm homicide mortality,...,,,,,...,,-0.004,,N/A,N/A,<.001,N/A,↑ harmful,,,,,,,,,,,,
,,,,,,,,,,,,,,,,,,,,,,,,,,,,,,Nonfirearm homicide; unemployment rate,...,non-firearm homicide mortality,...,,,,,...,,0.03,,N/A,N/A,<.001,N/A,↓ beneficial,,,,,,,,,,,,
,,,,,,,,,,,,,,,,,,,,,,,,,,,,,,Firearm homicide; median age,...,firearm homicide mortality,...,,,,,...,,-0.091,,N/A,N/A,<.001,N/A,↑ harmful,,,,,,,,,,,,
,,,,,,,,,,,,,,,,,,,,,,,,,,,,,,Firearm homicide; percent population imiigrants,...,firearm homicide mortality,...,,,,,...,,0.771,,N/A,N/A,0.001,N/A,↓ beneficial,,,,,,,,,,,,
,,,,,,,,,,,,,,,,,,,,,,,,,,,,,,Firearm homicide; population per police,...,firearm homicide mortality,...,,,,,...,,-0.004,,N/A,N/A,<.001,N/A,↑ harmful,,,,,,,,,,,,
,,,,,,,,,,,,,,,,,,,,,,,,,,,,,,Firearm homicide; incarceration raite,...,firearm homicide mortality,...,,,,,...,,0.012,,N/A,N/A,0.002,N/A,↓ beneficial,,,,,,,,,,,,
,,,,,,,,,,,,,,,,,,,,,,,,,,,,,,Firearm homicide; GINI index,...,firearm homicide mortality,...,,,,,...,,10.132,,N/A,N/A,0.001,N/A,↓ beneficial,,,,,,,,,,,,
,,,,,,,,,,,,,,,,,,,,,,,,,,,,,,Long gun homicide; median age,...,firearm homicide mortality,...,,,,,...,,-0.148,,N/A,N/A,<.001,N/A,↑ harmful,,,,,,,,,,,,
,,,,,,,,,,,,,,,,,,,,,,,,,,,,,,Long gun homicide; incarceration rate,...,firearm homicide mortality,...,,,,,...,,0.007,,N/A,N/A,0.03,N/A,↓ beneficial,,,,,,,,,,,,
,,,,,,,,,,,,,,,,,,,,,,,,,,,,,,Handgun homicide; median age,...,firearm homicide mortality,...,,,,,...,,0.034,,N/A,N/A,0.159,N/A,↓ beneficial,,,,,,,,,,,,
,,,,,,,,,,,,,,,,,,,,,,,,,,,,,,Handgun homicide; percent population immgrants,...,firearm homicide mortality,...,,,,,...,,1.783,,N/A,N/A,<.001,N/A,↓ beneficial,,,,,,,,,,,,
,,,,,,,,,,,,,,,,,,,,,,,,,,,,,,Handgun homicide; population per police,...,firearm homicide mortality,...,,,,,...,,-0.008,,N/A,N/A,<.001,N/A,↑ harmful,,,,,,,,,,,,
,,,,,,,,,,,,,,,,,,,,,,,,,,,,,,Handgun homicide; unemployment rate,...,firearm homicide mortality,...,,,,,...,,0.082,,N/A,N/A,<.001,N/A,↓ beneficial,,,,,,,,,,,,
,,,,,,,,,,,,,,,,,,,,,,,,,,,,,,Handgun homicide; percent low-income population,...,firearm homicide mortality,...,,,,,...,,0.046,,N/A,N/A,0.022,N/A,↓ beneficial,,,,,,,,,,,,
,,,,,,,,,,,,,,,,,,,,,,,,,,,,,,Handgun homicide; GINI index,...,firearm homicide mortality,...,,,,,...,,20.161,,N/A,N/A,<.001,N/A,↓ beneficial,,,,,,,,,,,,
,,,,,,,,,,,,,,,,,,,,,,,,,,,,,,Sousal homicide by firearm; median age,...,firearm homicide mortality,...,,,,,...,,-0.135,,N/A,N/A,<.001,N/A,↑ harmful,,,,,,,,,,,,
,,,,,,,,,,,,,,,,,,,,,,,,,,,,,,Spousal homicide by firearm; percent population immigrants,...,firearm homicide mortality,...,,,,,...,,0.906,,N/A,N/A,0.003,N/A,↓ beneficial,,,,,,,,,,,,
,,,,,,,,,,,,,,,,,,,,,,,,,,,,,,Spousal homicide by firearm; unemployment rate,...,firearm homicide mortality,...,,,,,...,,0.035,,N/A,N/A,0.015,N/A,↓ beneficial,,,,,,,,,,,,
,,,,,,,,,,,,,,,,,,,,,,,,,,,,,,Spousal homicide by long gun; median age,...,firearm homicide mortality,...,,,,,...,,-0.134,,N/A,N/A,<.001,N/A,↑ harmful,,,,,,,,,,,,
,,,,,,,,,,,,,,,,,,,,,,,,,,,,,,,,,,,,,,,,,,,,,,,,,,,,,,,,,,
,,10.1371/journal.pone.0266579,163,Langmann 2023,Langmann C,2023,Canda,N/A,Journal Article,quasi-experimental,Provinces,1974-2020,N/A,N/A,Mixed,Victims of mass homicide events,N/A,"144 firearm-related mass homicide incidents, 163 non-firearm related incidents",Firearm legislation and regulation,legislation,,,1980: background checks and prohibition of fully automatic firearms; 1994 prohibition of paramilitary rifles; 2001: licnesing requirements for firearm acquisition and possession,"background checks, licensing, prohibition of specific firearm types, magazine capacity restrictions",implemented nationwide and applied universally across the country,yes,"background checks, lciensing, and firearm prohibitions. compliance idicated by the number of licenses issued and fierarms prohibited",mass homicide events where cause of death did not involve firearms.,Difference in difference; negative binomial regression,Incidents 1980,Table 2,overall homicide mortality,,,,,,1980,,IRR = 1.57,N/A,1.02,2.41,N/A,N/A,↑ harmful,N/A,N/A,N/A,N/A,"except after an intervention in the 1980s, the changes in the incidence of mass homicide were not statistically distinguishable before and after the implementation of legislation and regulations",,,,Firearm policy / legal change,Background checks / permits to purchase / sales regulation,System: policy change (access-restricting/regulatory),
,,,,,,,,,,,,,,,,,,,,,,,,,,,,,,Incidents 1994,...,overall homicide mortality,,,,,,1994,,IRR = 1.03,N/A,0.95,1.11,N/A,N/A,↑ harmful,,,,,,,,,,,,
,,,,,,,,,,,,,,,,,,,,,,,,,,,,,,Incidents 2001,...,overall homicide mortality,,,,,,2001,,IRR = 1.00,N/A,0.93,1.07,N/A,N/A,↔ null,,,,,,,,,,,,
,,,,,,,,,,,,,,,,,,,,,,,,,,,,,,Total Death Rate 1980,...,overall homicide mortality,,,,,,1980,,IRR = 1.26,N/A,0.94,1.68,N/A,N/A,↑ harmful,,,,,,,,,,,,
,,,,,,,,,,,,,,,,,,,,,,,,,,,,,,Total Death Rate 1994,...,overall homicide mortality,,,,,,1994,,IRR =  0.98,N/A,0.92,1.04,N/A,N/A,↓ beneficial,,,,,,,,,,,,
,,,,,,,,,,,,,,,,,,,,,,,,,,,,,,Totaly Death Rate 2001,...,overall homicide mortality,,,,,,2001,,IRR = 0.99,N/A,0.92,1.06,N/A,N/A,↓ beneficial,,,,,,,,,,,,
,,,,,,,,,,,,,,,,,,,,,,,,,,,,,,Male Death Rate 1980,...,overall homicide mortality,,,,,,1980,,IRR = 1.25,N/A,0.96,1.62,N/A,N/A,↑ harmful,,,,,,,,,,,,
,,,,,,,,,,,,,,,,,,,,,,,,,,,,,,Male Death Rate 1994,...,overall homicide mortality,,,,,,1994,,IRR = 0.98,N/A,0.92,1.06,N/A,N/A,↓ beneficial,,,,,,,,,,,,
,,,,,,,,,,,,,,,,,,,,,,,,,,,,,,Male Death Rate 2001,...,overall homicide mortality,,,,,,2001,,IRR = 0.95,N/A,0.89,1.03,N/A,N/A,↓ beneficial,,,,,,,,,,,,
,,,,,,,,,,,,,,,,,,,,,,,,,,,,,,Female Death Rate 1980,...,overall homicide mortality,,,,,,1980,,IRR = 1.43,N/A,0.89,1.03,N/A,N/A,↑ harmful,,,,,,,,,,,,
,,,,,,,,,,,,,,,,,,,,,,,,,,,,,,Female Death Rate 1994,...,overall homicide mortality,,,,,,1994,,IRR = 0.97,N/A,0.89,1.06,N/A,N/A,↓ beneficial,,,,,,,,,,,,
,,,,,,,,,,,,,,,,,,,,,,,,,,,,,,Female Death Rate 2001,...,overall homicide mortality,,,,,,2001,,IRR = 1.02,N/A,0.96,1.09,N/A,N/A,↑ harmful,,,,,,,,,,,,
,,,,,,,,,,,,,,,,,,,,,,,,,,,,,,,,,,,,,,,,,,,,,,,,,,,,,,,,,,
,,10.1016/j.sste.2023.100602,164,Larson 2023,Larson RP; Santaularia NJ; Uggen C,2023,Minnesota,Minnesota Population Center (P2C HD041023) and the Interdisciplinary Population Health Science Training Program (T32HD095134) funded through a grant from the Eunice Kennedy S hriver National Institute for Child Health and Human Development (NICHD),Journal,Interrupted time-series,Zip Code Tabulation Area,"2016-2020, focus on post May 25, 2020",N/A,N/A,Urban,Residents of Minneapolis,"firearm assault injuries per 100,000","5,742 ZCTAs",Policing,policing,,,"the impact of the police murder of George Floyd on firearm injury rates, considering structural racism, police behavior","spatial analysis of ZCTAs, emporal indicators (pre and post killing)",N/A,N/A,N/A,pre-killing period,Interrupted Time Series Model,Firearm Assault injuries,Table 2,firearm injury,"Firearm assault injuries rate per 100,000",,,,,post killing; May 25 2020,,1.78,N/A,1.176,2.387,N/A,N/A,↑ harmful,"yes;racial demographics, economic disadvantage",areas with higher percentages of black residents experienced a greater post-killing increase in firearm assault injuries,"COVID-19: state of emergency, stay-at-home","Seasonality, police behavior, bias in police data, hospital data limitations, limited focus(single jurisdiction)","The results suggest that the increases in firearm violence as a result of police
21 violence are disproportionately borne by underserved communities. ",,,,Firearm policy / legal change,Other firearm policy/legal,System: policy change (access-restricting/regulatory),
,,,,,,,,,,,,,,,,,,,,,,,,,,,,,Random Effects Panel Model,Firearm Assault injuries,Table 2,firearm injury,"Firearm assault injuries rate per 100,000",,,,,post killing; May 25 2020,,1.33,N/A,-0.092,2.751,N/A,N/A,↑ harmful,,,,,,,,,,,,
,,,,,,,,,,,,,,,,,,,,,,,,,,,,,,,,,,,,,,,,,,,,,,,,,,,,,,,,,,
,,10.1097/TA.0b013e3182999b7a,165,Lee 2013,Lee J; Moriarty KP; Tashjian DB; Patterson LA,2013,U.S.A,N/A,Journal,cross-sectional analysis,States,N/A,N/A,N/A,Mixed,"Pediatric patients age 0-20, 90.1% male, 54.6% black",N/A,"19,233 firearm injuries",Legislative analysis,legislation,,,Stand your ground (SYG) laws and Child access protection (CAP) laws,Analysis of firearm injury hospitalizations based on demographic factors and state laws (SYG and CAP).,N/A,N/A,N/A,States without SYG and CAP laws served as the comparator/control condition.,Univariate analysis,Overall firearm injuries for states with SYG ,Table 4,firearm injury,N/A,,,,,,,1.149,N/A,1.112,1.187,<.001,N/A,↑ harmful,Yes; children 12 and younger,states with CAP laws had lower ORs of accidental injurires and suicidal injuries,N/A,Codes from KID and their validity must be considered. Hospital location may not be the location of the injury. OR does not support cause-effect association,A significant increase in accidental firearm injuries in states with the SYG law may highlight inadvertent effects of the law.,,,,Firearm policy / legal change,Child access prevention / safe storage mandates,System: policy change (access-restricting/regulatory),
,,,,,,,,,,,,,,,,,,,,,,,,,,,,,,Overall firearm injuries with CAP,Table 4,firearm injury,N/A,,,,,,,1.211,N/A,1.176,1.248,<.001,N/A,↑ harmful,,,,,,,,,,,,
,,,,,,,,,,,,,,,,,,,,,,,,,,,,,,,,,,,,,,,,,,,,,,,,,,,,,,,,,,
,,10.2466/pr0.1994.75.1.81,166,Leenaars 1994,Leenaars AA; Lester D,1994,Canda,N/A,Journal,observational,Canda,N/A,N/A,N/A,Mixed,Generaly population of Canada,"Homicide rates per 100,000",Homicide data from statistiics canda between 1969-1985,Policy intervention,legislation,,,Canada's criminal law amendment act of 1977 (bill C-51),"Acquisition certificates, firearm restrictions, storage procedures, seller permits, increased penalties for firearm offenses",N/A,N/A,N/A,Homicide rates before implementation of Bill C-51 (1969-1976) compared to rates after implementation (1978-1985),N/A,Homicide rates by method for Canada,Table 1,overall homicide mortality,"Homicide rate per 100,000 per year",,,,,1977-1985,,0.82,0.08,N/A,N/A,<.05,N/A,↑ harmful,N/A,N/A,N/A,N/A,"Total homicide rate did not change significantly between 1969-1976 after bill was passed, homicides by firearm decreased significantly and homicide rate by all other methods increased",,,,Firearm policy / legal change,Other firearm policy/legal,System: policy change (access-restricting/regulatory),
,,,,,,,,,,,,,,,,,,,,,,,,,,,,,,,,,,,,,,,,,,,,,,,,,,,,,,,,,,
,,10.2466/pr0.1993.72.3.787,167,Lester 1993,Lester D; Leenaars A,1993,Canada,N/A,Journal,observational,Canada,N/A,N/A,N/A,Mixed,General population of Canda,"Suicide rates per 100,000",Suicide data for Canada,Policy intervention,legislation,,,Canada's criminal law amendment act of 1977 (bill C-51),"Acquisition certificates, firearm restrictions, storage procedures, seller permits, increased penalties for firearm offenses",N/A,N/A,N/A,Suicide rates before implementation of Bill C-51,N/A,Suicide rates in Canda after passage of Bill C-51,Table 1,overall suicide rate,"Suicide rate per 100,000",,,,,1977-1985,,0.68,5.7,N/A,N/A,<.001,N/A,↑ harmful,N/A,N/A,N/A,N/A,,,,,Firearm policy / legal change,Other firearm policy/legal,System: policy change (access-restricting/regulatory),
,,,,,,,,,,,,,,,,,,,,,,,,,,,,,Pearson and linear regression over time ,Suicide rates in Canda 1969-1976,Table 2,overall suicide rate,"Suicide rate per 100,000",,,,,1969-1976,,0.261,0.054,N/A,N/A,0.003,N/A,↑ harmful,N/A,N/A,N/A,N/A,,,,,,,,
,,,,,,,,,,,,,,,,,,,,,,,,,,,,,,Sucide rates in Canada 1978-1985,...,overall suicide rate,...,,,,,1978-1985,,-0.15,0.096,N/A,N/A,0.17,N/A,↓ beneficial,,,,,,,,,,,,
,,,,,,,,,,,,,,,,,,,,,,,,,,,,,,,,,,,,,,,,,,,,,,,,,,,,,,,,,,
,,10.1093/hsw/hlz028,168,Leung 2019,no access ,,,,,,,,,,,,,,,,,,,,,,,,,,,,,,,,,,,,,,,,,,,,,,,,,,,,,
,,,,,,,,,,,,,,,,,,,,,,,,,,,,,,,,,,,,,,,,,,,,,,,,,,,,,,,,,,
,,,,,,,,,,,,,,,,,,,,,,,,,,,,,,,,,,,,,,,,,,,,,,,,,,,,,,,,,,
,,10.1111/cdev.12690,169,Leuschner 2017,,,,,,,,,,,,,,,,,,,,,,,,,,,,,,,,,,,,,,,,,,,,,,,,,,,,,,
,,,,,,,,,,,,,,,,,,,,,,,,,,,,,,,,,,,,,,,,,,,,,,,,,,,,,,,,,,
,,,,,,,,,,,,,,,,,,,,,,,,,,,,,,,,,,,,,,,,,,,,,,,,,,,,,,,,,,
,,10.1007/s11524-023-00739-6,170,Li 2023,Li M; Small D; Ye T; Lin Y; Webster D,2023,Missouri,Penn Undergraduate Research Mentoring program and the Wharton Dean’s Research Fund,Journal article,quasi-experimental difference-in-difference,States,2006-2019,N/A,N/A,Mixed,Individuals affected by firearm-related homicides and crimes involving guns in Missouri and control states,"homicide rate per 100,000",N/A,Policy intervention,legislation,,,Repeal of Missouris permit-to-purchase handgun licensing law ,"The repeal of the PTP law, which removed the requirement for handgun purchasers to obtain a permit, potentially increasing the ease of access to firearms. ",N/A,N/A,N/A,"Eight covariate-selected states (CO, GA, IL, IN KY, OH, SC, TX)",Linear regression,proportion of guns recovered from crime scenes,Figure 1,policing output,N/A,,,,,within one year after purchase; 2006-2019,,0.1,N/A,0.08,0.13,<.0001,N/A,↑ harmful,N/A,N/A,N/A,gun repeal could have contributed to gun trafficking. lacked reliable data prior to 2006.,we found mostly supportive evidence for the repeal of Missouri’s PTP law increasing gun homicides by the hypothesized mechanism of expediting the gun obtention process for those with violent intent.,,,,Firearm policy / legal change,Background checks / permits to purchase / sales regulation,System: policy change (access-expanding/permissive),
,,,,,,,,,,,,,,,,,,,,,,,,,,,,,,proportion of own state gun homicides,Figure 1,firearm homicide mortality,"homicide per 100,000",,,,,2006-2019,,1.55,N/A,1.2,1.9,0.01,N/A,↑ harmful,,,,,,,,,,,,
,,,,,,,,,,,,,,,,,,,,,,,,,,,,,,,,,,,,,,,,,,,,,,,,,,,,,,,,,,
,,10.1016/j.amepre.2020.06.022,171,Liu 2020,,,,,,,,,,,,,,,,,,,,,,,,,,,,,,,,,,,,,,,,,,,,,,,,,,,,,,
,,,,,,,,,,,,,,,,,,,,,,,,,,,,,,,,,,,,,,,,,,,,,,,,,,,,,,,,,,
,,,,,,,,,,,,,,,,,,,,,,,,,,,,,,,,,,,,,,,,,,,,,,,,,,,,,,,,,,
,,10.1056/NEJM199112053252305,172,Loftin 1991,Loftin C; McDowall D; Wiersema B; Cottey TJ,1991,"Washington, D.C",N/A,Journal article,interrupted time series,District of Columbia,20 years,N/A,N/A,Urban,Residents of D.C and adjacent metropolitan areas in Maryland and Virginia,mean monthly gun-related homicides in D.C,N/A,Policy intervention,legislation,,,"D.C firearms control regulations act prohibited the purchase, sale, transfer, and possession of handguns by civilians unless already registered","restrictive licensing, prohibition of new handgun registrations, requirements for firearm storage, and penalties for violations","New law fully implemented in 1977, penalties increase in 1981",N/A,N/A,Adjacent metropolitan areas where law did not apply,Box and Tiao's method,"Homicide after law change; DC, gun related",Table 1,overall homicide mortality,"homicide per 100,000",,,,,post law change (1977),,-3.3,0.49,N/A,N/A,N/A,N/A,↓ beneficial,N/A,N/A,N/A,N/A,restrictive licensing of handguns was associated with a prompt decline in homicides and suicides by firearms in D.C,,,,Firearm policy / legal change,Other firearm policy/legal,System: policy change (access-restricting/regulatory),
,,,,,,,,,,,,,,,,,,,,,,,,,,,,,,"Homicide after law change; DC, non-gun related",...,overall homicide mortality,...,,,,,...,,-0.3,0.36,N/A,N/A,N/A,N/A,↓ beneficial,,,,,,,,,,,,
,,,,,,,,,,,,,,,,,,,,,,,,,,,,,,"Suicide after law change; DC, gun related",...,overall suicide mortality,"suicide per 100,000",,,,,...,,-0.6,0.2,N/A,N/A,N/A,N/A,↓ beneficial,,,,,,,,,,,,
,,,,,,,,,,,,,,,,,,,,,,,,,,,,,,"Suicide after law change; DC, non-gun related",...,overall suicide mortality,...,,,,,...,,-0.4,0.29,N/A,N/A,N/A,N/A,↓ beneficial,,,,,,,,,,,,
,,,,,,,,,,,,,,,,,,,,,,,,,,,,,,,,,,,,,,,,,,,,,,,,,,,,,,,,,,
,,10.1097/TA.0000000000001226,173,Loveland-Jones 2016,,,,,,,,,,,,,,,,,,,,,,,,,,,,,,,,,,,,,,,,,,,,,,,,,,,,,,
,,,,,,,,,,,,,,,,,,,,,,,,,,,,,,,,,,,,,,,,,,,,,,,,,,,,,,,,,,
,,,,,,,,,,,,,,,,,,,,,,,,,,,,,,,,,,,,,,,,,,,,,,,,,,,,,,,,,,
,,10.1073/pnas.1619896114,174,Luca 2017,Luca M; Malhotra D; Poliquin C,2017,U.S.A,N/A,Journal article,difference-in-differences,States,45 years,N/A,N/A,Mixed,adult residents of the U.S,"firearm-related deaths measured per 100,000 adults","2,295 state-year observations",Waiting period laws,legislation,,,waiting periods impose a mandatory delay between the purchase and delivery of a handgun. ,"The Brady Act, background checks during waiting period, mandatory delay in firearm acquisition","waiting period ranges from 2-7 days, Brady Act recquires 5 days",N/A,N/A,states without wiating periods or those exempt from the Brady Act,Difference in differences,Effects of handgun waiting periods and background checks on violence; all homicide,Table 1,overall homicide mortality,"deaths per 100,000 adult residents",,,,,1970-2014,,-0.127,0.059,N/A,N/A,<.05,N/A,↓ beneficial,"Yes; type of weapon used, impact of alcohol consumption alcohol consump-tion, poverty, income, urbanization, black population, and seven age groups",magnitude varies when you introduce control variables,N/A,"policing tactics, drug use, environmental factos",waiting periods reduce gun homicides,,,,Firearm policy / legal change,Waiting periods,System: policy change (access-restricting/regulatory),
,,,,,,,,,,,,,,,,,,,,,,,,,,,,,,Effects of handgun waiting periods and background checks on violence; all suicide,Table 1,overall homicide mortality,"deaths per 100,000 adult residents",,,,,1970-2014,,-0.097,0.034,N/A,N/A,<.05,N/A,↓ beneficial,,,,,,,,,,,,
,,,,,,,,,,,,,,,,,,,,,,,,,,,,,,Effects of handgun waiting periods and background checks on violence; all homicide,Table 2,overall homicide mortality,"deaths per 100,000 adult residents",,,,,"brady period, 1990-1990",,-0.073,0.084,N/A,N/A,N/A,N/A,↓ beneficial,,,,,,,,,,,,
,,,,,,,,,,,,,,,,,,,,,,,,,,,,,,Effects of handgun waiting periods and background checks on violence; all suicide,Table 2,overall homicide mortality,"deaths per 100,000 adult residents",,,,,"brady period, 1990-1990",,-0.016,0.021,N/A,N/A,N/A,N/A,↓ beneficial,,,,,,,,,,,,
,,,,,,,,,,,,,,,,,,,,,,,,,,,,,,,,,,,,,,,,,,,,,,,,,,,,,,,,,,
,,10.2196/62952,175,Lundberg 2024,,,,,,,,,,,,,,,,,,,,,,,,,,,,,,,,,,,,,,,,,,,,,,,,,,,,,,
,,,,,,,,,,,,,,,,,,,,,,,,,,,,,,,,,,,,,,,,,,,,,,,,,,,,,,,,,,
,,,,,,,,,,,,,,,,,,,,,,,,,,,,,,,,,,,,,,,,,,,,,,,,,,,,,,,,,,
,,10.2105/AJPH.2023.307382,176,Lundstrom 2023,Lundstrom EW; Pence JK; Smith GS,2023,West Virginia,National Institute of General Medical Sciences (grant 2U54GM104942),Journal article,interrupted time series analysis,State,N/A,N/A,N/A,Mixed,Legal residents of West Virginia,"firearm mortality per 100,000 population",West Virginia population; U.S population,Policy,legislation,,,"West Virginia legislature enacted HB 4145 in 2016, a permitless concealed carry law",HB 4145,N/A,yes,it was passed May 24 2016,States without similar laws/policies,interrupted time series analysis,West Virginia Mean monthly firearm mortality,Table 2,firearm mortality,"percent change in Firearm mortality per 100,000",,,,,1999-2016 vs 2016-2021,,26.2,N/A,19.8,31.7,N/A,N/A,↑ harmful,"yes; gender, race, urbanization, injury intent, gun type","higher increases in African americans, female, large fringe metro areas, and homicides",N/A,N/A,N/A,,,,Firearm policy / legal change,Carry laws (concealed/open/issue),System: policy change (access-restricting/regulatory),
,,,,,,,,,,,,,,,,,,,,,,,,,,,,,,U.S Mean monthly firearm mortality,...,firearm mortality,...,,,,,1999-2016 vs 2016-2021,,-0.9,N/A,-6.2,4.4,N/A,N/A,↓ beneficial,,,,,,,,,,,,
,,,,,,,,,,,,,,,,,,,,,,,,,,,,,,,,,,,,,,,,,,,,,,,,,,,,,,,,,,
,,10.1177/08862605211001474,177,Lynch 2022,,,,,,,,,,,,,,,,,,,,,,,,,,,,,,,,,,,,,,,,,,,,,,,,,,,,,,
,,,,,,,,,,,,,,,,,,,,,,,,,,,,,,,,,,,,,,,,,,,,,,,,,,,,,,,,,,
,,,,,,,,,,,,,,,,,,,,,,,,,,,,,,,,,,,,,,,,,,,,,,,,,,,,,,,,,,
,,10.1097/TA.0000000000003056,178,Lyons 2021,,,,,,,,,,,,,,,,,,,,,,,,,,,,,,,,,,,,,,,,,,,,,,,,,,,,,,
,,,,,,,,,,,,,,,,,,,,,,,,,,,,,,,,,,,,,,,,,,,,,,,,,,,,,,,,,,
,,,,,,,,,,,,,,,,,,,,,,,,,,,,,,,,,,,,,,,,,,,,,,,,,,,,,,,,,,
,,10.1007/s10865-019-00052-1,179,Lyons 2019,,,,,,,,,,,,,,,,,,,,,,,,,,,,,,,,,,,,,,,,,,,,,,,,,,,,,,
,,,,,,,,,,,,,,,,,,,,,,,,,,,,,,,,,,,,,,,,,,,,,,,,,,,,,,,,,,
,,,,,,,,,,,,,,,,,,,,,,,,,,,,,,,,,,,,,,,,,,,,,,,,,,,,,,,,,,
,,10.1016/j.jamcollsurg.2019.02.055,180,Madhavan 2019,,,,,,,,,,,,,,,,,,,,,,,,,,,,,,,,,,,,,,,,,,,,,,,,,,,,,,
,,,,,,,,,,,,,,,,,,,,,,,,,,,,,,,,,,,,,,,,,,,,,,,,,,,,,,,,,,
,,,,,,,,,,,,,,,,,,,,,,,,,,,,,,,,,,,,,,,,,,,,,,,,,,,,,,,,,,
,,10.1016/j.jue.2021.103387,181,MarkAnderson 2021,,,,,,,,,,,,,,,,,,,,,,,,,,,,,,,,,,,,,,,,,,,,,,,,,,,,,,
,,,,,,,,,,,,,,,,,,,,,,,,,,,,,,,,,,,,,,,,,,,,,,,,,,,,,,,,,,
,,,,,,,,,,,,,,,,,,,,,,,,,,,,,,,,,,,,,,,,,,,,,,,,,,,,,,,,,,
,,10.7326/M17-1792,182,Matthay 2017,"Matthay, Galin, Rudolph, Farkas, Wintemute, Ahern ",2017,California/Nevada,"NIH, UC Berkeley, Heising-Simons Foundation",Journal Article,quasi-experimental,States,2005-2013,N/A,N/A,"Mixed (urban, suburban, rural)",Persons in California within driving distance of gun shows,"gun injuries per 100,000 persons in regions near Nevada shows","Total gun show exposure in final regression analyses, person weeks, California = 2,303,786,333 Nevada = 13,037,052",Gun shows,observational,,,"How do gun shows in California and Nevada impact rates of fire-arm related deaths, ED visits, and inpatient hospitalizations in California",Gun shows,915 shows between 2005 and 2013,Yes,They looked at historical data of all gun shows in California and Nevada during that time frame using published lists in the Big Show Journal,Firearm injury rates 2 weeks before shows; gun shows and nonfirearm injuries,Association With GunShows (After vs. Before) California,Firearm injury,Table 3,firearm injury,Rate Ratio of Firearm death or injury,,,,,2005-2015,,RR=0.99,N/A,0.97,1.02,p>.05; p=.55,15000/total population,↔ null,"yes, interpersonal violence",null effect;RR=1.00(0.97-1.03) p=0.94,N/A,N/A,,,,,Firearm policy / legal change,Other firearm policy/legal,System: policy change (access-restricting/regulatory),
,,,,,,,,,,,,,,,,,,,,,,,,,,,,,,,,,,,,,,,,,,,,,,,"yes, self-directed",null effect;RR=1.01(0.93-1.09) p=0.86,,,,,,,,,,
,,,,,,,,,,,,,,,,,,,,,,,,,,,,,,,,,,,,,,,,,,,,,,,"yes, unintentional",null effect; RR=0.98(0.93-1.02) p=0.32,,,,,,,,,,
,,,,,,,,,,,,,,,,,,,,,,,,,,,,,Association With GunShows (After vs. Before) Nevada,...,...,firearm injury,Rate Ratio of Firearm death or injury,,,,,...,,RR=1.69,N/A,1.16,2.45,p<.05; p=.006,14893/total population,↑ harmful,"yes, interpersonal violence",strong harmful effect; RR=2.23(1.01-4.89) p=0.046,,,,,,,,,,
,,,,,,,,,,,,,,,,,,,,,,,,,,,,,,,,,,,,,,,,,,,,,,,"yes, self-directed",non-significant increase;RR=1.52(0.79-2.91) p=0.21,,,,,,,,,,
,,,,,,,,,,,,,,,,,,,,,,,,,,,,,,,,,,,,,,,,,,,,,,,"yes, unintentional",non-significant increase;RR=1.53(0.86-2.74) p=0.147,,,,,,,,,,
,,,,,,,,,,,,,,,,,,,,,,,,,,,,,Ratio of RRs AssociatedWith Nevada vs. California Gun Shows,...,...,firearm injury,Ratio of Rate Ratios,,,,,...,,Ratio of RR=1.70,N/A,1.17,2.57,p<.05; p=.006,N/A,↑ harmful,"yes, interpersonal violence",strong harmful effect; Ratio of RR=2.23(1.01-4.90) p=0.046,,,,,,,,,,
,,,,,,,,,,,,,,,,,,,,,,,,,,,,,,,,,,,,,,,,,,,,,,,"yes, self-directed","null effect; Ratio of RR=1.51(0.78,2.90) p=0.22",,,,,,,,,,
,,,,,,,,,,,,,,,,,,,,,,,,,,,,,,,,,,,,,,,,,,,,,,,"yes, unintentional",null effect; Ratio of RR=1.57(0.88-2.81) p=0.128,,,,,,,,,,
,,,,,,,,,,,,,,,,,,,,,,,,,,,,,,,,,,,,,,,,,,,,,,,,,,,,,,,,,,
,,10.1176/appi.ps.202000876,183,Matuskey 2021,,,,,,,,,,,,,,,,,,,,,,,,,,,,,,,,,,,,,,,,,,,,,,,,,,,,,,
,,,,,,,,,,,,,,,,,,,,,,,,,,,,,,,,,,,,,,,,,,,,,,,,,,,,,,,,,,
,,,,,,,,,,,,,,,,,,,,,,,,,,,,,,,,,,,,,,,,,,,,,,,,,,,,,,,,,,
,,10.2105/AJPH.2013.310650,84,Matzopoulos 2014,Matzopoulos RG; Thompson ML; Myers JE,2014,South Africa,Medical Research Council of South Africa and provincial Departments of Health.,Journal article,retrospective population-based study,City,2001-2005,N/A,N/A,Urban,Population of 5 South African cities,homicide rate ratio,"37,067 firearm and non-firearm homicide cases",Policy,legislation,,,South Africa's Firearm Control Act passed in 2000,"licensing and competency, purpose-based licensing, prohibited firearms, renewal and compliance",N/A,N/A,N/A,Before legislation was passed,Generalized linear model with Poisson family ,generalized linear model homicide rate ratio estimates for selected covariates; year,Table 3,overall homicide mortality,Homicide rate ratio,,,,,2001-2005,,RR = 0.916,N/A,0.903,0.93,N/A,N/A,↔ null,N/A,N/A,"gradual stabilization following the end of apartheid, slowing rate of urbanization",N/A,N/A,,,,Firearm policy / legal change,Other firearm policy/legal,System: policy change (access-restricting/regulatory),
,,,,,,,,,,,,,,,,,,,,,,,,,,,,,,...city;durban,...,overall homicide mortality,...,,,,,...,,RR =0.721,N/A,0.678,0.767,N/A,10118/37067 homicides,↓ beneficial,,,,,,,,,,,,
,,,,,,,,,,,,,,,,,,,,,,,,,,,,,,...city;johannesburg,...,overall homicide mortality,...,,,,,...,,RR =0.525,N/A,0.492,0.561,N/A,9485/37067  homicides,↓ beneficial,,,,,,,,,,,,
,,,,,,,,,,,,,,,,,,,,,,,,,,,,,,...city;port elizabeth,...,overall homicide mortality,...,,,,,...,,RR =0.802,N/A,0.741,0.868,N/A,3612/37067  homicides,↓ beneficial,,,,,,,,,,,,
,,,,,,,,,,,,,,,,,,,,,,,,,,,,,,...city;pretoria,...,overall homicide mortality,...,,,,,...,,RR =0.28,N/A,0.26,0.301,N/A,2856/37067  homicides,↓ beneficial,,,,,,,,,,,,
,,,,,,,,,,,,,,,,,,,,,,,,,,,,,,,,,,,,,,,,,,,,,,,,,,,,,,,,,,
,,10.7196/SAMJ.2016.v106i6.10379,185,Matzopoulos 2016,,,,,,,,,,,,,,,,,,,,,,,,,,,,,,,,,,,,,,,,,,,,,,,,,,,,,,
,,,,,,,,,,,,,,,,,,,,,,,,,,,,,,,,,,,,,,,,,,,,,,,,,,,,,,,,,,
,,,,,,,,,,,,,,,,,,,,,,,,,,,,,,,,,,,,,,,,,,,,,,,,,,,,,,,,,,
,,10.1097/TA.0b013e31823a4d75,186,McGuire 2011,,,,,,,,,,,,,,,,,,,,,,,,,,,,,,,,,,,,,,,,,,,,,,,,,,,,,,
,,,,,,,,,,,,,,,,,,,,,,,,,,,,,,,,,,,,,,,,,,,,,,,,,,,,,,,,,,
,,,,,,,,,,,,,,,,,,,,,,,,,,,,,,,,,,,,,,,,,,,,,,,,,,,,,,,,,,
,,10.1080/15388220.2021.1930016,187,McMahon-Howard 2021,,,,,,,,,,,,,,,,,,,,,,,,,,,,,,,,,,,,,,,,,,,,,,,,,,,,,,
,,,,,,,,,,,,,,,,,,,,,,,,,,,,,,,,,,,,,,,,,,,,,,,,,,,,,,,,,,
,,,,,,,,,,,,,,,,,,,,,,,,,,,,,,,,,,,,,,,,,,,,,,,,,,,,,,,,,,
,,,,,,,,,,,,,,,,,,,,,,,,,,,,,,,,,,,,,,,,,,,,,,,,,,,,,,,,,,
,,10.1016/j.avb.2016.03.012,188,McPhedran 2016,,,,,,,,,,,,,,,,,,,,,,,,,,,,,,,,,,,,,,,,,,,,,,,,,,,,,,
,,,,,,,,,,,,,,,,,,,,,,,,,,,,,,,,,,,,,,,,,,,,,,,,,,,,,,,,,,
,,,,,,,,,,,,,,,,,,,,,,,,,,,,,,,,,,,,,,,,,,,,,,,,,,,,,,,,,,
,,10.1007/s11524-016-0060-y,189,Milam 2016,,,,,,,,,,,,,,,,,,,,,,,,,,,,,,,,,,,,,,,,,,,,,,,,,,,,,,
,,,,,,,,,,,,,,,,,,,,,,,,,,,,,,,,,,,,,,,,,,,,,,,,,,,,,,,,,,
,,,,,,,,,,,,,,,,,,,,,,,,,,,,,,,,,,,,,,,,,,,,,,,,,,,,,,,,,,
,,10.1016/j.amepre.2021.09.016,190,Miller 2022,Miller M; Zhang W; Rowhani-Rahbar A; Azrael D,2022,U.S.A,"Fund for a Safer Future, the Joyce Foundation, and the National Collaborative on Gun Violence Research.",Journal Article,web-based survey,Country,N/A,N/A,N/A,Mixed,"55,000 U.S adults recruited using address-based sampling methods to be representative of the U.S population",proportion of gun owners in CAP-NS vs. non CAP-NS states who had >/= 1 unlocked firearm,"55,000",Policy,legislation,,,CAP-NS laws,NAP-NS laws that seek to reduce pediatric firearm imjury by imposing sanctions on gun owners if children gain access to unlocked guns,N/A,N/A,N/A,non CAP-NS states,COME BACK TO,Proportion of gun owners who store any guns unlocked by CAP-NS law status and belief,Table 1,firearm behaviors and attitudes,proportion of gun owners who store any guns unlocked,,,,,N/A,,OR = 0.78,N/A,0.64,0.93,N/A,N/A,↓ beneficial,"yes;households with children, those who didn't know they had laws, those who did and had children in the house",N/A,N/A,"Wide CIs, limiting the extent to which inferences could be drawn for this important subgroup. estimates may be biased towards the null. ","after adjusting for potential confounders of the CAP-NS law–firearm storage relationship, gun owners in states with a CAP-NS law were not more likely to lock up all their firearms than were gun owners in states without CAP-NS laws.",,,,Firearm policy / legal change,Child access prevention / safe storage mandates,System: policy change (access-restricting/regulatory),
,,,,,,,,,,,,,,,,,,,,,,,,,,,,,,,,,,,,,,,,,,,,,,,,,,,,,,,,,,
,,10.1016/j.annemergmed.2020.02.007,191,Miller 2020,"Miller, M;  Salhi, C;  Barber, C;  Azrael, D;  Beatriz, E;  Berrigan, J;  Brandspigel, S;  Betz, ME;  Runyan, C",2020,"U.S.A, Colorado",American Foundation for Suicide prevention grant TBT-0-013015,Journal Article,Clustered stepped-wedge trial,Hospital sites,2 weeks after emergency department visit,N/A,N/A,Mixed,Caregivers of youths aged 10-17 treated for behavioral health concerns,Firearm storage percentage,575 caregivers,Lethal-means counseling,hospital-based,,,counseling by behavioral health clinicians on safer firearm and medication storage practices ,"training for clinicians on lethal means counseling, counseling caregivers on firearm and medication safety, distribution of free lockboxes and cable locks",brief counseling intervention delivered during ED visits,N/A,N/A,"Usual care practices, no delivery of lethal-means counseling",N/A,"Removing all guns, locking previously unlocked guns, unloading all previously loaded guns; model 1",Table 3,firearm behaviors and attitudes,proportion of caregivers who adjust gun storage practices post intervention,,,,,2 weeks post ED,,OR = 1.93,N/A,1.03,infinity,0.04,208,↑ harmful,N/A,N/A,N/A,"self reported data, low participation rate, limited power for firearm outcomes, study couldn't distinguish the effects of specific elements of the intervention","caregivers medication storage improved after a childs ED visit, and evidence is suggestive of the same for firearm storage",,,,Firearm policy / legal change,Other firearm policy/legal,System: policy change (access-restricting/regulatory),
,,,,,,,,,,,,,,,,,,,,,,,,,,,,,,"Removing all guns, locking previously unlocked guns, unloading all previously loaded guns; model 2",...,firearm behaviors and attitudes,...,,,,,...,,OR = 2.06,N/A,1.04,infinity,0.04,203,↑ harmful,,,,,,,,,,,,
,,,,,,,,,,,,,,,,,,,,,,,,,,,,,,"Removing all guns, locking previously unlocked guns, unloading all previously loaded guns; model 3",...,firearm behaviors and attitudes,...,,,,,...,,OR = 0.65,N/A,0.14,infinity,0.32,203,↓ beneficial,,,,,,,,,,,,
,,,,,,,,,,,,,,,,,,,,,,,,,,,,,,Any post-ed visit change in Firearm or ammunition storage to reduce child's; model 1,...,firearm behaviors and attitudes,...,,,,,...,,OR = 1.82,N/A,1.06,infinity,0.03,208,↑ harmful,,,,,,,,,,,,
,,,,,,,,,,,,,,,,,,,,,,,,,,,,,,Any post-ed visit change in Firearm or ammunition storage to reduce child's; model 2,...,firearm behaviors and attitudes,...,,,,,...,,OR = 2.15,N/A,1.19,infinity,0.02,203,↑ harmful,,,,,,,,,,,,
,,,,,,,,,,,,,,,,,,,,,,,,,,,,,,Any post-ed visit change in Firearm or ammunition storage to reduce child's; model 3,...,firearm behaviors and attitudes,...,,,,,...,,OR = 0.85,N/A,0.24,infinity,0.42,203,↓ beneficial,,,,,,,,,,,,
,,,,,,,,,,,,,,,,,,,,,,,,,,,,,,Post-ed visit increase in locking medications; model 1,...,firearm behaviors and attitudes,...,,,,,...,,OR = 2.88,N/A,2.11,infinity,<.001,557,↑ harmful,,,,,,,,,,,,
,,,,,,,,,,,,,,,,,,,,,,,,,,,,,,Post-ed visit increase in locking medications; model 2,...,firearm behaviors and attitudes,...,,,,,...,,OR = 3,N/A,2.15,infinity,<.001,557,↑ harmful,,,,,,,,,,,,
,,,,,,,,,,,,,,,,,,,,,,,,,,,,,,Post-ed visit increase in locking medications; model 3,...,firearm behaviors and attitudes,...,,,,,...,,OR = 1.96,N/A,1,infinity,0.049,557,↑ harmful,,,,,,,,,,,,
,,,,,,,,,,,,,,,,,,,,,,,,,,,,,,,,,,,,,,,,,,,,,,,,,,,,,,,,,,
,,10.1001/jamapediatrics.2020.3182,192,Moe 2020,Moe CA; Haviland MJ; Bowen AG; Rowhani-Rahbar A; Rivara FP,2020,U.S,State of Washington,Journal article,quasi-experimental cohort study,State,January 1 1995-December 31 2017,N/A,N/A,Mixed,Young adults aged 18-20 in the U.S,"firearm homicides per 100,000 population","35,860",Policy,legislation,,,"raising minimum age to purchase and/or possess a handgun to 21 years in 5 states (MA, MD, NJ, NY, WY)",Stricter minimum age laws for handgun purchase and possession,N/A,No,N/A,States that did not implement stricter minimum age laws after 1994 federal changes,Difference in Difference,Association of Minimum age laws with homicides perpetrated by young adults aged 18-20 years; firearm related homicide,Table 2,firearm homicide mortality,"homicide per 100,000",,,,,"November 7, 2019, to June 23, 2020",,IRR = 1.10,N/A,0.86,1.4,N/A,N/A,↔ null,"Yes, by state",N/A,"yes;other state firearm laws that may affect homicide rates; minimum ages, universal background checks to purchase a gun, etc.","informal channels of firearm acquisition, straw purchases, interstate trafficking, incompetent enforcement, limited data reporting",stricter state minimum age laws were not associated with significantly lower rates of young adult perpetrated homicide in states that adopted them compared with states that did not,,,,Other / unclear,Prohibited possessor / DV removal / age limits / ERPO-type,Other / unclear,
,,,,,,,,,,,,,,,,,,,,,,,,,,,,,,Association of Minimum age laws with homicides perpetrated by young adults aged 18-20 years; non-firearm related homicide,...,non-firearm homicide mortality,...,,,,,...,,IRR = 1.05,N/A,0.88,1.25,N/A,N/A,↔ null,,,,,,,,,,,,
,,,,,,,,,,,,,,,,,,,,,,,,,,,,,,,,,,,,,,,,,,,,,,,,,,,,,,,,,,
,,10.1519/JSC.0000000000002015,193,Monaghan 2017,Monaghan TP; Jacobson BH; Sellers JH; Estrada CA,2017,U.S,N/A,Journal article,randomized double-blind crossover,Individuals,1 week,N/A,N/A,Lab,accredited police officers aged 28-62 years old trained in handgun tactical marksmanship,accuracy of shot,10 participants,Behavioral;caffeinated energy drink,no intervention,,,consumption of a single does of energy shot,caffeine,single dose (57 ml),N/A,N/A,Placebo,repeated-measures ANOVA,Hand-arm aim steadiness: pre energy shot,Figure 1,firearm behaviors and attitudes,Mean error Frequency,,,,,before energy shot,,Mean = 34,6,N/A,N/A,N/A,N/A,N/A,N/A,N/A,N/A,N/A, the ES group demonstrated significant (p ≤ 0.05) within group pre-to-posttest detrimental effect in the arm-hand aim steadiness after consumption of the ES. ,,,,Other / unclear,Other / unclear,Other / unclear,
,,,,,,,,,,,,,,,,,,,,,,,,,,,,,,Hand-arm aim steadiness: post energy shot,...,firearm behaviors and attitudes,...,,,,,30 minutes after energy shot,,Mean = 40,6,N/A,N/A,N/A,N/A,N/A,,,,,,,,,,,,
,,,,,,,,,,,,,,,,,,,,,,,,,,,,,,Hand-arm aim steadiness: pre placebo,...,firearm behaviors and attitudes,...,,,,,before placebo,,Mean = 33,6,N/A,N/A,N/A,N/A,N/A,,,,,,,,,,,,
,,,,,,,,,,,,,,,,,,,,,,,,,,,,,,Hand-arm aim steadiness: post placebo,...,firearm behaviors and attitudes,...,,,,,30 minutes after placebo,,Mean = 33,6,N/A,N/A,N/A,N/A,N/A,,,,,,,,,,,,
,,,,,,,,,,,,,,,,,,,,,,,,,,,,,,,,,,,,,,,,,,,,,,,,,,,,,,,,,,
,,10.1542/hpeds.2019-0040,194,Monroe 2020,,,,,,,,,,,,,,,,,,,,,,,,,,,,,,,,,,,,,,,,,,,,,,,,,,,,,,
,,,,,,,,,,,,,,,,,,,,,,,,,,,,,,,,,,,,,,,,,,,,,,,,,,,,,,,,,,
,,,,,,,,,,,,,,,,,,,,,,,,,,,,,,,,,,,,,,,,,,,,,,,,,,,,,,,,,,
,,10.1136/ip-2023-045211,195,Morral 2024,,,,,,,,,,,,,,,,,,,,,,,,,,,,,,,,,,,,,,,,,,,,,,,,,,,,,,
,,,,,,,,,,,,,,,,,,,,,,,,,,,,,,,,,,,,,,,,,,,,,,,,,,,,,,,,,,
,,,,,,,,,,,,,,,,,,,,,,,,,,,,,,,,,,,,,,,,,,,,,,,,,,,,,,,,,,
,,10.1097/EDE.0000000000001262,196,Morrison 2021,Morrison CN; Kaufman EJ; Humphreys DK; Wiebe DJ,2021,U.S,"National Institute on Alcohol ABuse and Alcoholism of the National Institutes of Health, award number K01AA02637",Journal article,Ecologic spatial panel design,County,"15 yearly panels, 2000-2014",N/A,N/A,Mixed,"3107 counties excluding D.C, Alaska, Hawaii",N/A,"46,605",Firearm laws,legislation,,,counts and composition of firearm laws within states and interstate firearm laws,"categories of laws including dealer laws, buyer laws, prohibitions for high-risk firearm possession, background checks, possession laws, concealed carry permitting, CAP, domestic violence",States had between 3 and 100 firearm laws,N/A,N/A,counties with varying levels of firearm laws and interstate firearm laws,Bayesian Conditional Autoregressive Poisson Model,Count of Firearm Homicides within-state firearm laws (count),Table 2,firearm homicide mortality,Firearm homicides x US counties,,,,,2000-2014,,IRR = 0.987,N/A,0.984,0.99,N/A,N/A,↓ beneficial,"yes; county demographics, human geography, type of law",background checks are most effective type of law; interaction between within-state and interstate laws suggests that the effectiveness of laws depends on the broader legal environment; posession laws in nearby states have strongest association with fewer firearm homicides,"social and criminal justice policies, such as state policy liberalism and state/local government policing expenditures, could confound associations between firearm laws and firearm homicides",enforcement and fidelity of certain laws (i.e background checks). Illegal firearm markets,,,,,Firearm policy / legal change,Other firearm policy/legal,System: policy change (access-restricting/regulatory),
,,,,,,,,,,,,,,,,,,,,,,,,,,,,,,Count of Firearm Homicide Interstate firearm laws (gravity weighted),...,firearm homicide mortality,...,,,,,...,,IRR = 0.984,N/A,0.979,0.988,N/A,N/A,↓ beneficial,,,,,,,,,,,,
,,,,,,,,,,,,,,,,,,,,,,,,,,,,,,Interaction term (within-state laws x interstate laws),...,firearm homicide mortality,...,,,,,...,,IRR = 1.019,N/A,1.013,1.028,N/A,N/A,↔ null,,,,,,,,,,,,
,,,,,,,,,,,,,,,,,,,,,,,,,,,,,,,,,,,,,,,,,,,,,,,,,,,,,,,,,,
,,10.2105/AJPH.2018.304752,197,Moyer 2019,"Moyer, R.; MacDonald, J.M.; Ridgeway, G.; Branas, C.C.",2019,"Philadelphia, PA, USA",NIH grant R01AA020331 and CDC grant R49CE002474,Journal Article,Cluster randomized control trial,City,April 2013-March 2015,N/A,N/A,Urban; vacant lots,Vacant lots in Philadelphia,Shooting rates per square kilometer,541 vacant lots,Community ,community-based,,,"greening intervention: removal of trash and debris, grading land, planting grass, installing wooden fences, regular maintenance. Mowing intervention: mowing grass and weeds, removing trash and debris, regular maintenance","trash removal, vegetation management, regular maintenance, greening",regular paintenance throughout the trial period,N/A,N/A,No intervention,Difference-in-difference,shootings during trial relative to baseline period; greening,Table 1,shootings,Shootings per square kilometer,,,,,pre to post intervention,,-6.80%,N/A,-10.6,-2.7,<.001,N/A,↓ beneficial,N/A,N/A,"yes; law enforcement, community efforts","Causalmechanisms, post-trial period, neighborhood dynamics","Remediating unkempt vacant lots with inexpensive, scalable methods significantly reduced firearm shooting incidents in Philadelphia. Other cities should experiment with similar place-based interventions to develop effective firearm violence–reduction strategies.",,,,Other / unclear,Other / unclear,Other / unclear,
,,,,,,,,,,,,,,,,,,,,,,,,,,,,,,shootings during trial relative to baseline period; mowing,....,shootings,...,,,,,...,,-9.20%,N/A,-13.2,-4.8,<.001,N/A,↓ beneficial,,,,,,,,,,,,
,,,,,,,,,,,,,,,,,,,,,,,,,,,,,DiD - Area based analysis(0-300m),greening intervention,Table 1,shootings,Shootings per square kilometer,,,,,pre to post intervention,,-10.60%,N/A,-20.2,0.2,0.05,N/A,↓ beneficial,,,,,,,,,,,,
,,,,,,,,,,,,,,,,,,,,,,,,,,,,,,mowing intervention,....,shootings,....,,,,,...,,-8.40%,N/A,-19.1,3.8,0.17,N/A,↓ beneficial,,,,,,,,,,,,
,,,,,,,,,,,,,,,,,,,,,,,,,,,,,DiD - dispalcement zone (300-600m),greening intervention,Table 1,shootings,Shootings per square kilometer,,,,,pre to post intervention,,-3.30%,N/A,-11.6,5.8,0.47,N/A,↓ beneficial,,,,,,,,,,,,
,,,,,,,,,,,,,,,,,,,,,,,,,,,,,,mowing intervention,....,shootings,...,,,,,...,,-13.60%,N/A,-22.1,-4.2,0.01,N/A,↓ beneficial,,,,,,,,,,,,
,,,,,,,,,,,,,,,,,,,,,,,,,,,,,,,,,,,,,,,,,,,,,,,,,,,,,,,,,,
,,10.1007/s11292-023-09601-w,198,Moyer 2023,"Moyer, R.A.",2023,"Philadelphia, PA, USA",Urban affairs coalition through a gran awarded by the commonwealth of pennsylvania department of community and economic development and funded by the pennsylvania general assembly,journal article,quasi-experimental stepped wedge,City,128 weeks,N/A,N/A,urban,group members involved in firearm violence,number of shootings per group-unit per week,113 group-units; 123 treated census tracts; 280 individual group members received direct contact with GVI,Violence reduction strategy,community-based,,,Group Violence Intervention (GVI) implemented through Mobile call-in team (MCIT) custom notifications and occasional call-in meetings,"social services, focused deterrence messaging, law enforcement sanctions, community-rooted messaging",group units received between 1 and 14 doses; censust racts received between 1 and 35 doses,N/A,N/A,pre-treatment periods for group-units and census tracts ,Poisson regression model,percentage of change in shootings per group-unit per week; 1 dose,Table 7,shootings,shootings per group unit per week,,,,,post-intervention,,-38.60%,N/A,-54.9,-16.3,0.01,N/A,↓ beneficial,N/A,N/A,"Social services, enforcement actions, collaboration between agencies","COVID-19, lmited study period, lack of RCT, limited call-in meetings, challenges in engaging group members, need for tailored approach",GVI associated with significant reductions in group member-involved firearm violence on both group and place dimensions,,,,Clinical counseling / screening,Clinical counseling / screening / decision support,Service: clinical counseling/screening (behavior change),
,,,,,,,,,,,,,,,,,,,,,,,,,,,,,,percentage of change in shootings per group-unit per week; 1 dose compared to 0,....,shootings,...,,,,,...,,-36.70%,N/A,-61,2.7,0.06,N/A,↓ beneficial,,,,,,,,,,,,
,,,,,,,,,,,,,,,,,,,,,,,,,,,,,,percentage of change in shootings per group-unit per week; 2 doses compared to 0,....,shootings,...,,,,,...,,-50.30%,N/A,-74.6,-2.5,0.04,N/A,↓ beneficial,,,,,,,,,,,,
,,,,,,,,,,,,,,,,,,,,,,,,,,,,,,percentage of change in shootings per group-unit per week; 3-5 doses compared to 0,....,shootings,...,,,,,...,,-35.50%,N/A,-69.2,34.9,0.24,N/A,↓ beneficial,,,,,,,,,,,,
,,,,,,,,,,,,,,,,,,,,,,,,,,,,,,percentage of change in shootings per group-unit per week; 6+ doses compared to 0,....,shootings,...,,,,,...,,-36.60%,N/A,-85.9,184.4,0.55,N/A,↓ beneficial,,,,,,,,,,,,
,,,,,,,,,,,,,,,,,,,,,,,,,,,,,Poisson regression model,percentage of change in shootings per census tract per week 1 dose,Table 8,shootings,shootings per group unit per week,,,,,post-intervention,,-25.50%,N/A,-46.1,3.3,0.08,,↓ beneficial,,,,,,,,,,,,
,,,,,,,,,,,,,,,,,,,,,,,,,,,,,,percentage of change in shootings per census tract per week 1-3 doses,....,shootings,...,,,,,...,,-15.60%,N/A,-52.2,49.2,0.56,,↓ beneficial,,,,,,,,,,,,
,,,,,,,,,,,,,,,,,,,,,,,,,,,,,,percentage of change in shootings per census tract per week 4-7 doses,....,shootings,...,,,,,...,,-51%,N/A,-71.9,-14.5,0.01,,↓ beneficial,,,,,,,,,,,,
,,,,,,,,,,,,,,,,,,,,,,,,,,,,,,percentage of change in shootings per census tract per week 8-12 doses,....,shootings,...,,,,,...,,-37.60%,N/A,-76.2,63.8,0.34,,↓ beneficial,,,,,,,,,,,,
,,,,,,,,,,,,,,,,,,,,,,,,,,,,,,percentage of change in shootings per census tract per week 12+ dose,....,shootings,...,,,,,...,,-31.70%,N/A,-93.2,588.1,0.75,,↓ beneficial,,,,,,,,,,,,
,,,,,,,,,,,,,,,,,,,,,,,,,,,,,,,,,,,,,,,,,,,,,,,,,,,,,,,,,,
,,10.1097/ACM.0000000000004707,199,Mueller 2022,Mueller KL; Blomkalns AL; Ranney ML,2022,USA,"Emergency medicine foundation for firearm injury reduction in medicine at NIH R24 HD 087149, CDC R01 CE003267",Commentary,pre-post evaluation of a training curriculum,City,N/A,N/A,N/A,Mixed,first-year medical residents,percent reported formal training,148 participants,Education,hospital-based,,,interactive training program with standardized patient simulations and multispecialty collaboration,"addressing knowledge gaps, improving communication skills, exploring feasibility of firearm safety counseling",N/A,N/A,N/A,N/A,N/A,N/A,N/A,N/A,N/A,,,,,N/A,,N/A,N/A,N/A,N/A,N/A,N/A,N/A,N/A,N/A,N/A,N/A,,,,,Firearm policy / legal change,Other firearm policy/legal,System: policy change (access-restricting/regulatory),
,,,,,,,,,,,,,,,,,,,,,,,,,,,,,,,,,,,,,,,,,,,,,,,,,,,,,,,,,,
,,10.1007/s10657-018-9581-z,200,Munasib 2018,"Munasib, A.; Kostandini, G.; Jordan, J.L.",2018,USA,N/A,Journal article,Difference in difference,State,1999-2013,N/A,N/A,Mixed - Urban vs Rural,Residents of U.S states categorized by urbanization levels,N/A,varies by geographical level,Policy,legislation,,,SYG laws: state-wide law allowing the use of deadly force without a duty to retreat,"expansion of ""no duty to retreat"" provision outside the home",N/A,N/A,N/A,states without SYG laws or pre SYG law periods ,difference in difference,estimate of impact on SYG law on net gun deaths state level,table 2,firearm mortality,"net gun deaths per 100,000",,,,,1999-2013,,0.135,0.096,N/A,N/A,N/A,N/A,↑ harmful,N/A,N/A,"gun ownership levels, socioeconomic factors, urbanization levels","data limitations, misclassification of homicides","SYG law has differential impacts on gun deaths depending on the degree of urbanization. significant increase in gun deaths in cities/urban centers, no measurable impact on gun deaths in smaller urban areas",,,,Firearm policy / legal change,Other firearm policy/legal,System: policy change (access-restricting/regulatory),
,,,,,,,,,,,,,,,,,,,,,,,,,,,,,,estimate of impact on SYG law on net gun deaths central cities level,table 3,firearm mortality,...,,,,,...,,0.43,0.211,N/A,N/A,N/A,N/A,↑ harmful,,,,,,,,,,,,
,,,,,,,,,,,,,,,,,,,,,,,,,,,,,,estimate of impact on SYG law on net gun deaths suburb level,table 4,firearm mortality,...,,,,,...,,0.229,0.112,N/A,N/A,N/A,N/A,↑ harmful,,,,,,,,,,,,
,,,,,,,,,,,,,,,,,,,,,,,,,,,,,,estimate of impact on SYG law on net gun deaths smaller urban area level,table 5,firearm mortality,...,,,,,...,,-0.004,0.03,N/A,N/A,N/A,N/A,↓ beneficial,,,,,,,,,,,,
,,,,,,,,,,,,,,,,,,,,,,,,,,,,,,estimate of impact on SYG law on net gun deaths rural level,table 6,firearm mortality,...,,,,,...,,-0.107,0.099,N/A,N/A,N/A,N/A,↓ beneficial,,,,,,,,,,,,
,,,,,,,,,,,,,,,,,,,,,,,,,,,,,,estimate of impact on SYG law on net gun deaths country level level,table 9,firearm mortality,...,,,,,...,,-0.391,0.147,N/A,N/A,N/A,N/A,↓ beneficial,,,,,,,,,,,,
,,,,,,,,,,,,,,,,,,,,,,,,,,,,,,,,,,,,,,,,,,,,,,,,,,,,,,,,,,
,,10.1097/TA.0000000000003445,201,Neufeld 2022,,,,,,,,,,,,,,,,,,,,,,,,,,,,,,,,,,,,,,,,,,,,,,,,,,,,,,
,,,,,,,,,,,,,,,,,,,,,,,,,,,,,,,,,,,,,,,,,,,,,,,,,,,,,,,,,,
,,,,,,,,,,,,,,,,,,,,,,,,,,,,,,,,,,,,,,,,,,,,,,,,,,,,,,,,,,
,,10.1002/bin.1942,202,Novotny 2023,"Novotny, MA;  Miltenberger, RG;  Baruni, RR;  Maxfield, TC;  Larson, V;  Yampolskaya, S",2023,USA - Florida and Texas,N/A,Research Article,Posttest-only group,State,assessments occured within one week of training,N/A,N/A,Within participants homes,Adults and their children,,18 child parent dyads,Behavioral Skills Training and In Situ Training,behavioral,,,"web-based training for parents to conduct BST including videos, instructions, modeling, rehearsal, and feedabck","Instructions, modeling, erhearsal, feedback, and in situ training",One BST session lasting 10-15 minutes; IST conducted as needed,Yes,procedural fidelity was assessed for 88% of parent training sessions. ,Control group received no BST training,Chi-square test,"Assessment 1, intervention vs. control",Table 1,firearm behaviors and attitudes,Safety scor on a 0-3 scale,,,,,Baseline -> post intervention,,2.89-0.78,N/A,N/A,N/A,N/A,"2.98(assessment 1, intervention) 0.78 (assessment 1, control)",↓ beneficial,N/A,N/A,N/A,Low procedural fideltiy; need for researcher support;sibling concerns; time commitment,"overall, parent-implemented BST delivered through a web-based platform is effective in teaching firearm safety skills to children",,,,Clinical counseling / screening,Clinical counseling / screening / decision support,Service: clinical counseling/screening (behavior change),
,,,,,,,,,,,,,,,,,,,,,,,,,,,,,,"Assessment 2, intervention vs. control",...,firearm behaviors and attitudes,...,,,,,...,,2.3-2.43,N/A,N/A,N/A,N/A,"3.0 (assesssment 2, intervention) 2.42 (assessment 2, control)",↓ beneficial,,,,,,,,,,,,
,,,,,,,,,,,,,,,,,,,,,,,,,,,,,,,,,,,,,,,,,,,,,,,,,,,,,,,,,,
,,10.2105/ajph.81.5.576,203,O'Carroll 1991,O'Carroll PW; Loftin C; Waller JB Jr; McDowall D; Bukoff A; Scott RO; Mercy JA; Wiersema B,1991,USA - Detroit,N/A,Jouranl Article,Interrupted time-series analysis,City,1980-1987,N/A,N/A,Urban,Homicide victims in detroit,"homicide per 100,000",,Police intervention,policing,,,Ordinance requiring  mandatory jail sentences and fines for unlawfully carrying firearms,mandatory sentencing provisions for firearm violations,N/A,Yes,"Ordinance was passed, but largely unenforced due to administrative constraints",homicide rates before implementation,Interrupted time-series analysis,Homicide series;inside,Appendix,overall homicide mortality,"homicide per 100,000",,,,,pre vs. post-intervention,,5.798,N/A,N/A,N/A,0.0058,mean number homicides = 25.95,↑ harmful,N/A,N/A,N/A,Publicity of wave of youth homicides before study may have influenced behavior,,,,,Firearm policy / legal change,Other firearm policy/legal,System: policy change (access-restricting/regulatory),
,,,,,,,,,,,,,,,,,,,,,,,,,,,,,,Homicide series;outside,...,overall homicide mortality,...,,,,,...,,2.086,N/A,N/A,N/A,0.4179, mean number homicides = 20.83,↑ harmful,,,,,,,,,,,,
,,,,,,,,,,,,,,,,,,,,,,,,,,,,,,Homicide series; nonfirearm,...,non-firearm homicide mortality,...,,,,,...,,2.524,N/A,N/A,N/A,0.0703,mean number homicides = 15.56,↑ harmful,,,,,,,,,,,,
,,,,,,,,,,,,,,,,,,,,,,,,,,,,,,Homicide series; firearm,...,firearm homicide mortality,...,,,,,...,,4.109,N/A,N/A,N/A,0.238,mean number homicides = 31.42,↑ harmful,,,,,,,,,,,,
,,,,,,,,,,,,,,,,,,,,,,,,,,,,,,,,,,,,,,,,,,,,,,,,,,,,,,,,,,
,,10.18043/001c.81268,204,O'Hare 2023,O'Hare K; Eichner B; Moses J,2023,USA - North Carolina,North Carolina Institute of Medicine and The Duke Endowment,Invited commentary,quality improvement study; interupted time seiries,State,15 months,N/A,N/A,Pediatric primary care practices within Duke Health System,Pediatric patients aged 0-21 and their families,"number of firearm-safety counseling at 13,004 WCC visits","13,004 WCC visits included firearm safety counseling",N/A,n/a,,,N/A,N/A,N/A,No,N/A,N/A,N/A,N/A,N/A,N/A,N/A,,,,,N/A,,N/A,N/A,N/A,N/A,N/A,N/A,N/A,N/A,N/A,N/A,N/A,N/A,,,,,,,
,,,,,,,,,,,,,,,,,,,,,,,,,,,,,,,,,,,,,,,,,,,,,,,,,,,,,,,,,,
,,10.1136/ip-2022-044719,205,Oliphant 2022,Oliphant SN,2022,USA - Wisconsin,N/A,Journal Article,synthetic control analyses ,state,"1999-2020 study period, 2015-2020 post-intervention analysis",N/A,N/A,Mixed,Wisconsin residents,"suicide rates per 100,000",Population of Wisconsin between 1999-2020,Policy change,legislation,,,Repeal of Wisconsin's 48-hour handgun purchase waiting period in 2015,removal of mandatory waiting period for handgun purchases,N/A,No,N/A,"Synthetic control states (CA, IL,IA,MN)","handgun suicide per 100,000",Estimated treatment effect,"Text (firearm suicide, pg. 582)",overall suicide mortality,"suicide per 100,000",,,,,after waiting period repeal,,0.45,N/A,N/A,N/A,N/A,N/A,↑ harmful,N/A,N/A,N/A,difficulty in identifying high-risk individuals;  impulsive nataure of suicide attempts,translates to additional 2.6 additional firearm suicide per year,,,,Firearm policy / legal change,Waiting periods,System: policy change (access-expanding/permissive),
,,,,,,,,,,,,,,,,,,,,,,,,,,,,,,,,,,,,,,,,,,,,,,,,,,,,,,,,,,
,,10.18294/sc.2019.1690,206,Otamendi 2019,,,,,,,,,,,,,,,,,,,,,,,,,,,,,,,,,,,,,,,,,,,,,,,,,,,,,,
,,,,,,,,,,,,,,,,,,,,,,,,,,,,,,,,,,,,,,,,,,,,,,,,,,,,,,,,,,
,,,,,,,,,,,,,,,,,,,,,,,,,,,,,,,,,,,,,,,,,,,,,,,,,,,,,,,,,,
,,10.1136/ip.2003.004150,207,Ozanne-Smith 2004,Ozanne-Smith J; Ashby K; Newstead S; Stathakis VZ; Clapperton A,2004,Australia,"Victorian Department of Human Services, Victorian Health Promotion Foundation, Monash University Accident Research Centre Strategic Development Program",Article,Quasi-experiemental,states,1979-2000,N/A,N/A,Mixed,Australia's population of 19.8 million,"firearm related death per 100,000",Australia's population,Legislative ,legislation,,,tightened firearm regulations in Victoria and nationwide,"Ban on certain firearms, buyback schemes, licensing requirements, storage regulations, safety training",N/A,No,N/A,Trends in firearm-related deaths in the rest of Australia,,change in average annual frequency between different periods; 1 and 2 suicide,Table 3,firearm suicide mortality,"firearm related death per 100,000",,,,,1979-87,,-42,N/A,N/A,N/A,N/A,N/A,↓ beneficial,N/A,N/A,"National Firearm Amnesty and Buyback scheme, publicit and advocacy","resistance from states, variation in state laws",significant declines in firearm related deaths in Victoria and the rest of Australia,,,,Firearm policy / legal change,Other firearm policy/legal,System: policy change (access-restricting/regulatory),
,,,,,,,,,,,,,,,,,,,,,,,,,,,,,,....assault,...,firearm homicide mortality,...,,,,,...,,-8.6,N/A,N/A,N/A,N/A,N/A,↓ beneficial,,,,,,,,,,,,
,,,,,,,,,,,,,,,,,,,,,,,,,,,,,,....unintentional,...,firearm unintentional mortality,...,,,,,...,,-3.6,N/A,N/A,N/A,N/A,N/A,↓ beneficial,,,,,,,,,,,,
,,,,,,,,,,,,,,,,,,,,,,,,,,,,,,...total,...,firearm mortality,...,,,,,...,,-56,N/A,N/A,N/A,N/A,N/A,↓ beneficial,,,,,,,,,,,,
,,,,,,,,,,,,,,,,,,,,,,,,,,,,,,...2 and 3,...,firearm mortality,...,,,,,...,,-30.2,N/A,N/A,N/A,N/A,N/A,↓ beneficial,,,,,,,,,,,,
,,,,,,,,,,,,,,,,,,,,,,,,,,,,,,...assault,...,firearm homicide mortality,...,,,,,...,,-5.9,N/A,N/A,N/A,N/A,N/A,↓ beneficial,,,,,,,,,,,,
,,,,,,,,,,,,,,,,,,,,,,,,,,,,,,...unintentional,...,firearm unintentional mortality,...,,,,,...,,1.9,N/A,N/A,N/A,N/A,N/A,↑ harmful,,,,,,,,,,,,
,,,,,,,,,,,,,,,,,,,,,,,,,,,,,,....total,...,firearm mortality,...,,,,,...,,-36.1,N/A,N/A,N/A,N/A,N/A,↓ beneficial,,,,,,,,,,,,
,,,,,,,,,,,,,,,,,,,,,,,,,,,,,,...1 and 3,...,firearm mortality,...,,,,,...,,-72.2,N/A,N/A,N/A,N/A,N/A,↓ beneficial,,,,,,,,,,,,
,,,,,,,,,,,,,,,,,,,,,,,,,,,,,,...assault,...,firearm homicide mortality,...,,,,,...,,-14.5,N/A,N/A,N/A,N/A,N/A,↓ beneficial,,,,,,,,,,,,
,,,,,,,,,,,,,,,,,,,,,,,,,,,,,,...unintentional,...,firearm unintentional mortality,...,,,,,...,,-1.7,N/A,N/A,N/A,N/A,N/A,↓ beneficial,,,,,,,,,,,,
,,,,,,,,,,,,,,,,,,,,,,,,,,,,,,...total,...,firearm mortality,...,,,,,...,,-92.1,N/A,N/A,N/A,N/A,N/A,↓ beneficial,,,,,,,,,,,,
,,,,,,,,,,,,,,,,,,,,,,,,,,,,,,,,,,,,,,,,,,,,,,,,,,,,,,,,,,
,,10.1177/08862605221078811,208,Pallin 2022,"Pallin, Wright, Tomsich, Wintemute, Stewart, Kagawa",2022,California,"National Institute on Alcohol Abuse and Alcoholism (grant no. 1R01AA023551-01A1), the California Wellness Foundation (grant no. 2014-255), and the Heising-Simons Foundation (grant no. 2016-219).",Journal Article,"retrospective, longitudinal cohort design",Individuals,2001-2013,N/A,N/A,"Mixed (Urban, suburban, rural)",Legal handgun purchasers in California between the ages 21 and 49,"1,601 individuals had IPV charge during follow-up period; 156 of those had pre-purchase drug charges","79,678",N/A,n/a,,,N/A,N/A,N/A,N/A,N/A,Those with no criminal history or only non-drug charges,Cox proportional hazards regression analysis,drug charges only,Table 4,crime,being charged with IPV 10 days after firearm purchase,,,,,"Follow-up from 10 days post purchase through December 31, 2013",,aHR= 3.4,N/A,2.4,4.9,p<.001,N/A,↑ harmful,"yes, type of drug, use charge or sale charge, number of charges, time between purchase and most recent charge","subgroups at greatest risk were those with other drug offenses, use charges, and those whose most recent druge charge was more than two years from index purchase",California has stricter than normal gun laws,"drug arrests and convictions are subject to racial bias, no study subject could have been convicted of a felony, nor subject to any other federal firearm prohibition.",,,,,,,,
,,,,,,,,,,,,,,,,,,,,,,,,,,,,,...,non-drug charges only,,crime,...,,,,,...,,aHR= 3.4,N/A,3.1,3.8,p<.001,N/A,↑ harmful,,,,,,,,,,,,
,,,,,,,,,,,,,,,,,,,,,,,,,,,,,...,drug&non-drug charges,,crime,...,,,,,...,,aHR= 4.9,N/A,4.9,6,p<.001,N/A,↑ harmful,,,,,,,,,,,,
,,,,,,,,,,,,,,,,,,,,,,,,,,,,,,,,,,,,,,,,,,,,,,,,,,,,,,,,,,
,,10.1002/bsl.2175,209,Parker 2015,,,,,,,,,,,,,,,,,,,,,,,,,,,,,,,,,,,,,,,,,,,,,,,,,,,,,,
,,,,,,,,,,,,,,,,,,,,,,,,,,,,,,,,,,,,,,,,,,,,,,,,,,,,,,,,,,
,,,,,,,,,,,,,,,,,,,,,,,,,,,,,,,,,,,,,,,,,,,,,,,,,,,,,,,,,,
,,10.1016/j.jss.2024.04.078,210,Paul 2024,,,,,,,,,,,,,,,,,,,,,,,,,,,,,,,,,,,,,,,,,,,,,,,,,,,,,,
,,,,,,,,,,,,,,,,,,,,,,,,,,,,,,,,,,,,,,,,,,,,,,,,,,,,,,,,,,
,,,,,,,,,,,,,,,,,,,,,,,,,,,,,,,,,,,,,,,,,,,,,,,,,,,,,,,,,,
,,10.1016/j.healthplace.2023.102969,211,Pear 2023,Pear VA; Wintemute GJ; Jewell NP; Ahern J,2023,USA - California,"National Collaborative on Gun Violence Research, Heising-Simons Foundation, Eunice Kennedy Shriver National Institute of Child Health and Human Development, National Institutes of Health office of the Director, California Firearm Violence Research Center at UC Davis",Journal article,Population-based weighted case-control study,County,January 2005-September 2015,N/A,N/A,Mixed,California residents,"monthly marginal risk differencs per 100,000","84,356",community-level firearm and alcohol availability,place-based,,,"analysis of firearm dealer density, firearm sales density, alcohol outlet density",,N/A,N/A,N/A,"high and low densities of firearm dealers, firearm sales, alcohol outlets",Case control-weighted g-computation,12-month firearm dealer/sales ensity: Non-pawn dealers 1,Table 2,firearm suicide mortality,"per 100,000",,,,,12 months,,0.3,N/A,N/A,N/A,N/A,N/A,N/A,N/A,N/A,N/A,"outcome misclassification, limited variation in exposure, residual confounding, generlizability, limited long gun data","reducing firearm sales density could be an effective strategy for mitigatin firearm self-harm, especially for those at greatest risk",,,,Exposure/measurement (not a discrete intervention),Background checks / permits to purchase / sales regulation,Program: address violence risk factors (substance/psychosocial),
,,,,,,,,,,,,,,,,,,,,,,,,,,,,,,12-month firearm dealer/sales ensity: Non-pawn dealers 2,...,firearm suicide mortality,...,,,,,...,,0.4,N/A,N/A,N/A,N/A,N/A,N/A,,,,,,,,,,,,
,,,,,,,,,,,,,,,,,,,,,,,,,,,,,,12-month firearm dealer/sales ensity: Non-pawn dealers 3,...,firearm suicide mortality,...,,,,,...,,0.54,N/A,N/A,N/A,N/A,N/A,N/A,,,,,,,,,,,,
,,,,,,,,,,,,,,,,,,,,,,,,,,,,,,12-month firearm dealer/sales density: pawn dealers 1,...,firearm suicide mortality,...,,,,,...,,0.29,N/A,N/A,N/A,N/A,N/A,N/A,,,,,,,,,,,,
,,,,,,,,,,,,,,,,,,,,,,,,,,,,,,12-month firearm dealer/sales density: pawn dealers 2,...,firearm suicide mortality,...,,,,,...,,0.4,N/A,N/A,N/A,N/A,N/A,N/A,,,,,,,,,,,,
,,,,,,,,,,,,,,,,,,,,,,,,,,,,,,12-month firearm dealer/sales density: pawn dealers 3,...,firearm suicide mortality,...,,,,,...,,0.56,N/A,N/A,N/A,N/A,N/A,N/A,,,,,,,,,,,,
,,,,,,,,,,,,,,,,,,,,,,,,,,,,,,12-month firearm dealer/sales density: firearm sales 1,...,firearm suicide mortality,...,,,,,...,,0.33,N/A,N/A,N/A,N/A,N/A,N/A,,,,,,,,,,,,
,,,,,,,,,,,,,,,,,,,,,,,,,,,,,,12-month firearm dealer/sales density: firearm sales 2,...,firearm suicide mortality,...,,,,,...,,0.41,N/A,N/A,N/A,N/A,N/A,N/A,,,,,,,,,,,,
,,,,,,,,,,,,,,,,,,,,,,,,,,,,,,12-month firearm dealer/sales density: firearm sales 3,...,firearm suicide mortality,...,,,,,...,,0.49,N/A,N/A,N/A,N/A,N/A,N/A,,,,,,,,,,,,
,,,,,,,,,,,,,,,,,,,,,,,,,,,,,,12-month alcohol outlet density: off premise outlest 1,...,firearm suicide mortality,...,,,,,...,,0.35,N/A,N/A,N/A,N/A,N/A,N/A,,,,,,,,,,,,
,,,,,,,,,,,,,,,,,,,,,,,,,,,,,,12-month alcohol outlet density: off premise outlest 2,...,firearm suicide mortality,...,,,,,...,,0.38,N/A,N/A,N/A,N/A,N/A,N/A,,,,,,,,,,,,
,,,,,,,,,,,,,,,,,,,,,,,,,,,,,,12-month alcohol outlet density: off premise outlest 3,...,firearm suicide mortality,...,,,,,...,,0.5,N/A,N/A,N/A,N/A,N/A,N/A,,,,,,,,,,,,
,,,,,,,,,,,,,,,,,,,,,,,,,,,,,,12-month alcohol outlet density: bar/pub 1,...,firearm suicide mortality,...,,,,,...,,0.36,N/A,N/A,N/A,N/A,N/A,N/A,,,,,,,,,,,,
,,,,,,,,,,,,,,,,,,,,,,,,,,,,,,12-month alcohol outlet density: bar/pub 2,...,firearm suicide mortality,...,,,,,...,,0.38,N/A,N/A,N/A,N/A,N/A,N/A,,,,,,,,,,,,
,,,,,,,,,,,,,,,,,,,,,,,,,,,,,,12-month alcohol outlet density: bar/pub 3,...,firearm suicide mortality,...,,,,,...,,0.49,N/A,N/A,N/A,N/A,N/A,N/A,,,,,,,,,,,,
,,,,,,,,,,,,,,,,,,,,,,,,,,,,,,,,,,,,,,,,,,,,,,,,,,,,,,,,,,
,,10.1097/EDE.0000000000001670,212,Pear 2023,"Pear, Wintemute, Jewell, Cerda, Ahern",2023,California,N/A,Journal Article,density-sampled case-control,Zip Code Tabulation Area and County Level,"January 2005-September 2015 (10 years, 9 months)",N/A,N/A,"Mixed (Urban, Suburban, Rural)","All residents with a fatal or nonfatal firearm assault injury(cases, 67,850) + controls (268,122)","firearm assault per 100,000 people",335972 (cases+controls),Community-based (environmental),place-based,,,Community-level firearm dealer and alcohol outlet densities,"Pawn firearm dealers, nonpawn firearm dealers, off-premises alcohol outlets, bars/pubs",,no,N/A,Low density areas (lowest observed values in each county/ZCTA),case–control-weighted G-computation,Firearm assault injury non-pawn dealers,...,firearm injury,"Fatal or nonfatal firearm assault injury per 100,000 per month",,,,,monthly over study period,,N/A,N/A,N/A,N/A,N/A,N/A,N/A,"Yes, black boys and men between the ages of 15 and 39","Yes, effects varied by by this demographic group, with larger effects",California firearm policy environment,N/A,,,,,Exposure/measurement (not a discrete intervention),Background checks / permits to purchase / sales regulation,Program: address violence risk factors (substance/psychosocial),
,,,,,,,,,,,,,,,,,,,,,,,,,,,,,...,Firearm assault injury pawn dealers,,firearm injury,...,,,,,...,,RD = 0.06,N/A,0.05,0.08,N/A,N/A,,,,,,,,,,,,,
,,,,,,,,,,,,,,,,,,,,,,,,,,,,,...,Firearm assault injury alcohol off premises/alcohol outlets,,firearm injury,...,,,,,...,,RD = 0.01,N/A,0.01,0.03,N/A,N/A,,,,,,,,,,,,,
,,,,,,,,,,,,,,,,,,,,,,,,,,,,,...,Firearm assault injury bar/pub outlets,,firearm injury,...,,,,,...,,N/A,N/A,N/A,N/A,N/A,N/A,N/A,,,,,,,,,,,,
,,,,,,,,,,,,,,,,,,,,,,,,,,,,,,,,,,,,,,,,,,,,,,,,,,,,,,,,,,
,,10.1350/ijps.2013.15.3.315,213,Phillips 2013,"Phillips, S.W.; Kim, D.-Y.; Sobol, J.J.",2013,USA,N/A,Journal article,interrupted time-series analysis,City - Buffaly NY,"7 years for violent crime data, 11 years for homicide data",N/A,N/A,Urban,Buffalo NY residents,incidents per month,"83 observations for non-homicide crimes, 144 observations for homicide crimes",Behavioral - gun buyback program,legislation,,,"pre-paid bank cards given for surrendered firearms ""no questions asked"", annual events",financial compensation for surrendered firearms; public promotion via advertising and billboards; buy-back locations at neighborhood churches,"annual events, cards ranging from $10-$100 depending on gun",N/A,N/A,non-gun crimes,pre - post intervention means,total gun crime change in level,Table 1,firearm crime,mean,,,,,2006-2012,,-8.53,N/A,N/A,N/A,N/A,N/A,↓ beneficial,N/A,N/A,N/A,"quality of surrendered weapons, lack of data on surrendered weapons, public awareness and time lag, symbolic nature of the program",findings align with prior research showing gun buy-back programs have minimal effectiveness in reducing violent crime,,,,Firearm policy / legal change,Other firearm policy/legal,System: policy change (access-restricting/regulatory),
,,,,,,,,,,,,,,,,,,,,,,,,,,,,,,gun homicide change in level,...,firearm homicide mortality,mean,,,,,...,,-0.68,N/A,N/A,N/A,N/A,N/A,↓ beneficial,,,,,,,,,,,,
,,,,,,,,,,,,,,,,,,,,,,,,,,,,,,gun robbery change in level,...,firearm crime,mean,,,,,...,,-2.79,N/A,N/A,N/A,N/A,N/A,↓ beneficial,,,,,,,,,,,,
,,,,,,,,,,,,,,,,,,,,,,,,,,,,,,gun assault change in level,...,firearm crime,mean,,,,,...,,-5.07,N/A,N/A,N/A,N/A,N/A,↓ beneficial,,,,,,,,,,,,
,,,,,,,,,,,,,,,,,,,,,,,,,,,,,,,,,,,,,,,,,,,,,,,,,,,,,,,,,,
,,10.1136/injuryprev-2014-041413,214,Pierce 2015,"Pierce, G. L. et al. ",2015,United States - National (California focus),"Research grant from the National Institute of Justice, 
US Department of Justice",Journal article ,Survival Analysis (Cox proportional hazards),Traced firearms ,Recoveries from 2003-2006 (Time-to-crime up to 20 years),N/A,N/A,Mixed,"ATF‐traced firearms recovered by law enforcement (N= 840863 requests; 493688 successfully traced). Traced firearms where the gun purchaser and possessor where different individuals, N = 228305. ","Mean time-to-crime =12.2 years for California traced firearms,  9.8 years for traced firearms in other US states. ",225 392 traced firearms,Legislation,legislation,,,"State‐level firearms purchase and registration laws (four legal contexts) and California’s unique dealer‐regulation regime (thumbprint ID, electronic processing, routine inspections) to prevent/slow rapid illegal firearm diversion","Purchase laws, Registration laws, California-only dealer requirements ",Dummy variable exposures to the state law context: purchase or regisration laws only; purchase and regisration laws only; California special laws,Yes (ATF),"ATF records captured all firearmrecoveries; Legal enforcement from CA Bureau of Firearms, Law coding ",States with no purchase and no registration laws,Cox proportional hazards,Gun law—either a purchase or registration law,Table 2 ,firearm crime,HR of recovery (shorter time-to-crime) if state has purchase OR registration law,,,,,2003-2006,,0.937,0.005,0.927,0.948,0,N/A,↓ beneficial,No ,N/A,N/A,Right censoring at 20 years ,"California regime yieleded the largest delay in time to crime; active dealers, pawnshops, younger posessors, and in state purchasses accelerated time to crime. Greater purchaser-posessor distance/age difference, female posesser, and comprehensive tracing delayed time to crime ",,"these should be recorded as separate interventions, not separate outcomes, with time to crime being the outcome name (what is currently in outcome name should be the interventions)",check,Firearm policy / legal change,Background checks / permits to purchase / sales regulation,System: policy change (access-restricting/regulatory),
,,,,,,,,,,,,,,,,,,,,,,,,,,,,,,Gun law—both a purchase and registration law,...,firearm crime,HR if state has both purchase and registration laws,,,,,...,,0.88,0.007,0.0867,0.893,...,...,↓ beneficial,No ,N/A,,,,,,,,,,
,,,,,,,,,,,,,,,,,,,,,,,,,,,,,,Gun law CA—State of California,...,firearm crime,HR if firearm purchased in California (unique laws + dealer regs),,,,,...,,0.779,0.007,0.767,0.792,...,...,↓ beneficial,No ,N/A,,,,,,,,,,
,,,,,,,,,,,,,,,,,,,,,,,,,,,,,,Active dealer—was in business at time of recovery,...,firearm crime,HR if dealer active vs. closed,,,,,...,,1.473,0.008,1.458,1.488,...,...,↑ harmful,No ,N/A,,,,,,,,,,
,,,,,,,,,,,,,,,,,,,,,,,,,,,,,,Firearm was purchased in the recovery state ,...,firearm crime,HR if purchased in-state vs. out-of-state,,,,,...,,1.061,0.007,1.048,1.075,...,...,↑ harmful,No ,N/A,,,,,,,,,,
,,,,,,,,,,,,,,,,,,,,,,,,,,,,,,Natural log of N traces from a dealer,...,firearm crime,HR per 1 log unit increase in dealer trace count,,,,,...,,1.011,0.002,1.008,1.014,...,...,↑ harmful,No ,N/A,,,,,,,,,,
,,,,,,,,,,,,,,,,,,,,,,,,,,,,,,Natural log of N multiple gun sales by a dealer,...,firearm crime,HR per 1 log unit increase in multiple-sale count,,,,,...,,1.051,0.001,1.048,1.053,...,...,↑ harmful,No ,N/A,,,,,,,,,,
,,,,,,,,,,,,,,,,,,,,,,,,,,,,,,Dealer is a pawnshop,...,firearm crime,HR if dealer is pawnshop vs. other,,,,,...,,1.169,0.006,1.158,1.181,...,...,↑ harmful,No ,N/A,,,,,,,,,,
,,,,,,,,,,,,,,,,,,,,,,,,,,,,,,Natural log of N traces to an individual purchaser ,...,firearm crime,HR per 1 log unit increase in purchaser’s trace count,,,,,...,,1.348,0.006,1.336,1.361,...,...,↑ harmful,No ,N/A,,,,,,,,,,
,,,,,,,,,,,,,,,,,,,,,,,,,,,,,,Purchaser age 18–24,...,firearm crime,HR if purchaser aged 18–24 vs. older,,,,,...,,0.911,0.005,0.902,0.921,...,...,↓ beneficial,No ,N/A,,,,,,,,,,
,,,,,,,,,,,,,,,,,,,,,,,,,,,,,,11. Natural log of N traces to purchaser home zip code ,...,firearm crime,HR per 1 log unit increase in traces from purchaser’s ZIP code,,,,,...,,0.98,0.002,0.977,0.984,...,...,↓ beneficial,No ,N/A,,,,,,,,,,
,,,,,,,,,,,,,,,,,,,,,,,,,,,,,,Purchaser is a woman,...,firearm crime,HR if purchaser female vs. male,,,,,...,,1.182,0.007,1.169,1.195,...,...,↑ harmful,No ,N/A,,,,,,,,,,
,,,,,,,,,,,,,,,,,,,,,,,,,,,,,,Natural log of purchaser/possessor age difference,...,firearm crime,HR per 1 log unit increase in age difference,,,,,...,,0.663,0.002,0.659,0.665,...,...,↓ beneficial,No ,N/A,,,,,,,,,,
,,,,,,,,,,,,,,,,,,,,,,,,,,,,,,Natural log of purchaser/possessor zip code distance,...,firearm crime,HR per 1 log unit increase in geographic distance,,,,,...,,0.993,0.001,0.93,0.936,...,...,↓ beneficial,No ,N/A,,,,,,,,,,
,,,,,,,,,,,,,,,,,,,,,,,,,,,,,,Dummy variable—missing purchaser/possessor distance ,...,firearm crime,HR if distance missing vs. known,,,,,...,,1.168,0.011,1.146,1.189,...,...,↑ harmful,No ,N/A,,,,,,,,,,
,,,,,,,,,,,,,,,,,,,,,,,,,,,,,,Possessor same last name as purchaser (different person),...,firearm crime,HR if possessor shares surname with purchaser,,,,,...,,1.068,0.01,1.048,1.089,...,...,↑ harmful,No ,N/A,,,,,,,,,,
,,,,,,,,,,,,,,,,,,,,,,,,,,,,,,Possessor’s age under 18,...,firearm crime,HR if possessor < 18 vs. older,,,,,...,,1.881,0.021,1.841,1.922,...,...,↑ harmful,No ,N/A,,,,,,,,,,
,,,,,,,,,,,,,,,,,,,,,,,,,,,,,,Possessor’s age 18–24,...,firearm crime,HR if possessor aged 18–24,,,,,...,,2.131,0.014,2.104,2.158,...,...,↑ harmful,No ,N/A,,,,,,,,,,
,,,,,,,,,,,,,,,,,,,,,,,,,,,,,,Possessor’s age 25–34,...,firearm crime,HR if possessor aged 25–34,,,,,...,,1.686,0.01,1.667,1.706,...,...,↑ harmful,No ,N/A,,,,,,,,,,
,,,,,,,,,,,,,,,,,,,,,,,,,,,,,,Possessor is a woman,...,firearm crime,HR if possessor female vs. male,,,,,...,,0.897,0.008,0.882,0.913,...,...,↓ beneficial,No ,N/A,,,,,,,,,,
,,,,,,,,,,,,,,,,,,,,,,,,,,,,,,Recovered firearm is a pistol,...,firearm crime,HR if firearm type = pistol vs. other,,,,,...,,1.533,0.007,1.519,1.548,...,...,↑ harmful,No ,N/A,,,,,,,,,,
,,,,,,,,,,,,,,,,,,,,,,,,,,,,,,Comprehensive tracing indicator,...,firearm crime,HR if jurisdiction uses comprehensive trace practices vs. standard,,,,,...,,0.852,0.008,0.837,0.867,...,...,↓ beneficial,No ,N/A,,,,,,,,,,
,,,,,,,,,,,,,,,,,,,,,,,,,,,,,,,,,,,,,,,,,,,,,,,,,,,,,,,,,,
,,,,,,,,,,,,,,,,,,,,,,,,,,,,,Cox Proportional Hazards ,Out-of-state purchase: states w/no purchase or registration laws,Table 4 ,firearm crime,HR of recovery if firearm purchased out‐of‐state in a state with no purchase/registration laws,,,,,...,,0.902,0.006,0.8911,0.9148,...,...,↓ beneficial,No ,N/A,,,,,,,,,,
,,,,,,,,,,,,,,,,,,,,,,,,,,,,,,Out-of-state purchase: states w/purchase or registration laws,...,firearm crime,HR if firearm purchased out‐of‐state in a state with either a purchase or a registration law,,,,,...,,0.868,0.01,0.847,0.889,...,...,↓ beneficial,No ,N/A,,,,,,,,,,
,,,,,,,,,,,,,,,,,,,,,,,,,,,,,,Out-of-state purchase: states w/purchase and registration laws,...,firearm crime,HR if firearm purchased out‐of‐state in a state with both purchase and registration laws,,,,,...,,0.716,0.012,0.691,0.741,...,...,↓ beneficial,No ,N/A,,,,,,,,,,
,,,,,,,,,,,,,,,,,,,,,,,,,,,,,,Out-of-state purchase: California place of purchase,...,firearm crime,HR if firearm purchased out-of-state in California,,,,,...,,0.679,0.013,0.653,0.706,...,...,↓ beneficial,No ,N/A,,,,,,,,,,
,,,,,,,,,,,,,,,,,,,,,,,,,,,,,,In-state purchase: states w/purchase or registration laws,...,firearm crime,HR if firearm purchased in-state in a state with either a purchase or a registration law,,,,,...,,0.908,0.006,0.894,0.92,...,...,↓ beneficial,No ,N/A,,,,,,,,,,
,,,,,,,,,,,,,,,,,,,,,,,,,,,,,,In-state purchase: states w/purchase and registration laws,...,firearm crime,HR if firearm purchased in-state in a state with both purchase and registration laws,,,,,...,,0.708,0.009,0.691,0.726,...,...,↓ beneficial,No ,N/A,,,,,,,,,,
,,,,,,,,,,,,,,,,,,,,,,,,,,,,,,In-state purchase: California place of purchase,...,firearm crime,HR if firearm purchased in-state in California,,,,,...,,0.684,0.007,0.67,0.697,...,...,↓ beneficial,No ,N/A,,,,,,,,,,
,,,,,,,,,,,,,,,,,,,,,,,,,,,,,,,,,,,,,,,,,,,,,,,,,,,,,,,,,,
,,10.1111/1745-9133.12648,215,Piza 2024,"Piza, E.L.; Hatten, D.N.; Mohler, G.O.; Carter, J.G.; Cho, J.",2024,"USA - Kansas City, MO","National Instituee of Justice, Grant/Award Number: 2019-R2-CX0004",Journal articl,matched quasi-experimental,"City - Kansas City, MO","7 years; September 14 2012-December 31, 2019",N/A,N/A,Urban,"Kansas City population (508,000)",,"33,848 street segments with 1597 in the GDT target area, 1419 in catchment zone",Gunshot detection technology (GDT),policing,,,Deployment of soundthinking's shotspotter GDT system,"acoustic sensors detecting gunfire, triangulation of gunfire location, manual review by acoustic experts, police response to alerts",~20 sensors per square mile; 11517 gunfire alerts generate,N/A,N/A,weighted control area created using microsynthetic control method,500 permutation tests,Gun recoveries,Table 4,policing output,crime change difference,,,,,28 day intervals,,11.20%,N/A,-0.3,26.3,N/A,N/A,↓ beneficial,N/A,N/A,N/A,"cost of technology, coverage area limitations, acoustic pathway requirements, confidentiality of target areas, indoor gunfire detection, citizen reporting behavior,","GDT improves certain procedural aspects of police operations, did not significantly reduce gun violence involving victims",,,,Law enforcement / justice strategy,Focused deterrence / policing / enforcement,System/org: deterrence & enforcement,
,,,,,,,,,,,,,,,,,,,,,,,,,,,,,,NIBIN evidence,...,policing output,...,,,,,...,,30.40%,N/A,9.2,54.8,N/A,N/A,↓ beneficial,,,,,,,,,,,,
,,,,,,,,,,,,,,,,,,,,,,,,,,,,,,Shots fired,...,shootings,...,,,,,...,,-22.2,N/A,-29.2,-14.3,N/A,N/A,↓ beneficial,,,,,,,,,,,,
,,,,,,,,,,,,,,,,,,,,,,,,,,,,,,Fatal shootings,...,firearm mortality,...,,,,,...,,-1.2,N/A,-23.2,30,N/A,N/A,↔ null,,,,,,,,,,,,
,,,,,,,,,,,,,,,,,,,,,,,,,,,,,,Non-fatal shootings,...,firearm injury,...,,,,,...,,-1.4,N/A,-26.3,15.1,N/A,N/A,↔ null,,,,,,,,,,,,
,,,,,,,,,,,,,,,,,,,,,,,,,,,,,,Gun assaults & robberies,...,firearm crime,...,,,,,...,,-0.9,N/A,-10.4,8.4,N/A,N/A,↔ null,,,,,,,,,,,,
,,,,,,,,,,,,,,,,,,,,,,,,,,,,,,,,,,,,,,,,,,,,,,,,,,,,,,,,,,
,,10.1097/00005373-199506000-00001,216,Ponzer 1995,,,,,,,,,,,,,,,,,,,,,,,,,,,,,,,,,,,,,,,,,,,,,,,,,,,,,,
,,,,,,,,,,,,,,,,,,,,,,,,,,,,,,,,,,,,,,,,,,,,,,,,,,,,,,,,,,
,,,,,,,,,,,,,,,,,,,,,,,,,,,,,,,,,,,,,,,,,,,,,,,,,,,,,,,,,,
,,10.1007/s10896-018-9966-3,217,Prickett 2018,"Prickett, K.C.; Martin-Storey, A.; Crosnoe, R.",2018,USA,"National Institute of CHild Health and Human Development (F32 HD086994-01, R24 HD42849)",Journal article,Observational,States,5 years,N/A,N/A,`Mixed,two-parent fmailies with young children,N/A,"5,350 families",Legislation,legislation,,,laws prohibiting firearm ownership among MCDV offenders,restritcion of firearm access based on MCDV convictions; strength of laws measured by time limits on prohibition,N/A,N/A,N/A,States with no MCDV laws or weaker laws,mixed effects logistic regression models,MCDV state law x high conflict interactions; any prohibition x high-conflict male partner,Table 3,firearm behaviors and attitudes,firearm ownership,,,,,5 years,,OR = 0.379,0.157,N/A,N/A,p<.05,N/A,↓ beneficial,"yes; family structure, strength of MCDV laws, ",families with high-conflict male partners that cohabitated and lived in states with permanent prohibitions showed largest decrease in firearm ownership. States with no MCDV laws had highest firearm ownership rates,"firearm surrender laws, general firearm legislative climate, private sales background check, police autonomy in domestic disturbances","Uneven implementatin of federal legislation, loopholes in private sales, lack of firearm confiscation, judicial discretion, variation in police enforcement, legislative language and interpretation","State-level laws restricting firearm ownership among offenders convicted of misdemeanor domestic violence significnatly reduced firearm ownership in high-conflict families, with permanent prohibitions decreasing ownership from 30-12%. The laws were effective in targeting the intended at-risk population without affecting firearm ownership in the general population.",,,,Firearm policy / legal change,Prohibited possessor / DV removal / age limits / ERPO-type,System: policy change (access-restricting/regulatory),
,,,,,,,,,,,,,,,,,,,,,,,,,,,,,,MCDV state law x high conflict interactions; permanent prohibition x high-conflict male partner,...,firearm behaviors and attitudes,...,,,,,...,,OR = 0.344,0.151,N/A,N/A,p<.05,N/A,↓ beneficial,,,,,,,,,,,,
,,,,,,,,,,,,,,,,,,,,,,,,,,,,,,MCDV state law x high conflict interactions; prohibition time limits x high-conflict male partner,...,firearm behaviors and attitudes,...,,,,,...,,OR=0.516,0.134,N/A,N/A,p<.05,N/A,↓ beneficial,,,,,,,,,,,,
,,,,,,,,,,,,,,,,,,,,,,,,,,,,,,,,,,,,,,,,,,,,,,,,,,,,,,,,,,
,,10.4323/rjlm.2012.229,218,Radojevic 2012,,,,,,,,,,,,,,,,,,,,,,,,,,,,,,,,,,,,,,,,,,,,,,,,,,,,,,
,,,,,,,,,,,,,,,,,,,,,,,,,,,,,,,,,,,,,,,,,,,,,,,,,,,,,,,,,,
,,,,,,,,,,,,,,,,,,,,,,,,,,,,,,,,,,,,,,,,,,,,,,,,,,,,,,,,,,
,,10.1136/bmj.m2436,219,Raifman 2020,,,,,,,,,,,,,,,,,,,,,,,,,,,,,,,,,,,,,,,,,,,,,,,,,,,,,,
,,,,,,,,,,,,,,,,,,,,,,,,,,,,,,,,,,,,,,,,,,,,,,,,,,,,,,,,,,
,,,,,,,,,,,,,,,,,,,,,,,,,,,,,,,,,,,,,,,,,,,,,,,,,,,,,,,,,,
,,10.1136/ip-2023-044948,220,Ratcliffe 2023,,,,,,,,,,,,,,,,,,,,,,,,,,,,,,,,,,,,,,,,,,,,,,,,,,,,,,
,,,,,,,,,,,,,,,,,,,,,,,,,,,,,,,,,,,,,,,,,,,,,,,,,,,,,,,,,,
,,,,,,,,,,,,,,,,,,,,,,,,,,,,,,,,,,,,,,,,,,,,,,,,,,,,,,,,,,
,,10.1007/s11524-024-00928-x,221,Reeping 2024,,,,,,,,,,,,,,,,,,,,,,,,,,,,,,,,,,,,,,,,,,,,,,,,,,,,,,
,,,,,,,,,,,,,,,,,,,,,,,,,,,,,,,,,,,,,,,,,,,,,,,,,,,,,,,,,,
,,,,,,,,,,,,,,,,,,,,,,,,,,,,,,,,,,,,,,,,,,,,,,,,,,,,,,,,,,
,,10.1176/appi.ajp.2013.12091256,222,Reisch 2013,,,,,,,,,,,,,,,,,,,,,,,,,,,,,,,,,,,,,,,,,,,,,,,,,,,,,,
,,,,,,,,,,,,,,,,,,,,,,,,,,,,,,,,,,,,,,,,,,,,,,,,,,,,,,,,,,
,,,,,,,,,,,,,,,,,,,,,,,,,,,,,,,,,,,,,,,,,,,,,,,,,,,,,,,,,,
,,10.1097/01.ta.0000130760.87714.0e,223,Richmond 2004,,,,,,,,,,,,,,,,,,,,,,,,,,,,,,,,,,,,,,,,,,,,,,,,,,,,,,
,,,,,,,,,,,,,,,,,,,,,,,,,,,,,,,,,,,,,,,,,,,,,,,,,,,,,,,,,,
,,,,,,,,,,,,,,,,,,,,,,,,,,,,,,,,,,,,,,,,,,,,,,,,,,,,,,,,,,
,,10.1097/ACM.0000000000004656,224,Rickert 2022,,,,,,,,,,,,,,,,,,,,,,,,,,,,,,,,,,,,,,,,,,,,,,,,,,,,,,
,,,,,,,,,,,,,,,,,,,,,,,,,,,,,,,,,,,,,,,,,,,,,,,,,,,,,,,,,,
,,,,,,,,,,,,,,,,,,,,,,,,,,,,,,,,,,,,,,,,,,,,,,,,,,,,,,,,,,
,,10.1007/s11292-010-9113-5,225,Ridgeway 2011,,,,,,,,,,,,,,,,,,,,,,,,,,,,,,,,,,,,,,,,,,,,,,,,,,,,,,
,,,,,,,,,,,,,,,,,,,,,,,,,,,,,,,,,,,,,,,,,,,,,,,,,,,,,,,,,,
,,,,,,,,,,,,,,,,,,,,,,,,,,,,,,,,,,,,,,,,,,,,,,,,,,,,,,,,,,
,,10.1016/j.healthpol.2010.10.005,226,RodríguezAndrés 2011,,,,,,,,,,,,,,,,,,,,,,,,,,,,,,,,,,,,,,,,,,,,,,,,,,,,,,
,,,,,,,,,,,,,,,,,,,,,,,,,,,,,,,,,,,,,,,,,,,,,,,,,,,,,,,,,,
,,,,,,,,,,,,,,,,,,,,,,,,,,,,,,,,,,,,,,,,,,,,,,,,,,,,,,,,,,
,,10.1080/00036846.2021.2003290,227,Rogna 2022,,,,,,,,,,,,,,,,,,,,,,,,,,,,,,,,,,,,,,,,,,,,,,,,,,,,,,
,,,,,,,,,,,,,,,,,,,,,,,,,,,,,,,,,,,,,,,,,,,,,,,,,,,,,,,,,,
,,,,,,,,,,,,,,,,,,,,,,,,,,,,,,,,,,,,,,,,,,,,,,,,,,,,,,,,,,
,,10.1097/01.NAJ.0000569464.94485.3a,228,Rosenberg 2019,,,,,,,,,,,,,,,,,,,,,,,,,,,,,,,,,,,,,,,,,,,,,,,,,,,,,,
,,,,,,,,,,,,,,,,,,,,,,,,,,,,,,,,,,,,,,,,,,,,,,,,,,,,,,,,,,
,,,,,,,,,,,,,,,,,,,,,,,,,,,,,,,,,,,,,,,,,,,,,,,,,,,,,,,,,,
,,10.2105/AJPH.2022.307094,229,Rowhani-Rahbar 2022,,,,,,,,,,,,,,,,,,,,,,,,,,,,,,,,,,,,,,,,,,,,,,,,,,,,,,
,,,,,,,,,,,,,,,,,,,,,,,,,,,,,,,,,,,,,,,,,,,,,,,,,,,,,,,,,,
,,,,,,,,,,,,,,,,,,,,,,,,,,,,,,,,,,,,,,,,,,,,,,,,,,,,,,,,,,
,,10.7326/M17-2638,230,Rowhani-Rahbar 2017,"Rowhani-Rahbar, Rivara",2017,U.S.A,N/A,Editorial/Commentary,N/A,N/A,N/A,N/A,N/A,N/A,N/A,N/A,N/A,N/A,,,,N/A,N/A,N/A,N/A,N/A,N/A,N/A,N/A,N/A,N/A,N/A,,,,,N/A,,N/A,N/A,N/A,N/A,N/A,N/A,N/A,N/A,N/A,N/A,N/A,,,,,,,,
,,,,,,,,,,,,,,,,,,,,,,,,,,,,,,,,,,,,,,,,,,,,,,,,,,,,,,,,,,
,,10.1093/epirev/mxv006,231,Rowhani-Rahbar 2016,,,,,,,,,,,,,,,,,,,,,,,,,,,,,,,,,,,,,,,,,,,,,,,,,,,,,,
,,,,,,,,,,,,,,,,,,,,,,,,,,,,,,,,,,,,,,,,,,,,,,,,,,,,,,,,,,
,,,,,,,,,,,,,,,,,,,,,,,,,,,,,,,,,,,,,,,,,,,,,,,,,,,,,,,,,,
,,10.1001/jamanetworkopen.2023.6699,232,Rowhani-Rahbar 2023,,,,,,,,,,,,,,,,,,,,,,,,,,,,,,,,,,,,,,,,,,,,,,,,,,,,,,
,,,,,,,,,,,,,,,,,,,,,,,,,,,,,,,,,,,,,,,,,,,,,,,,,,,,,,,,,,
,,,,,,,,,,,,,,,,,,,,,,,,,,,,,,,,,,,,,,,,,,,,,,,,,,,,,,,,,,
,,,,,,,,,,,,,,,,,,,,,,,,,,,,,,,,,,,,,,,,,,,,,,,,,,,,,,,,,,
,,10.1177/1541204004267782,233,Ruddell 2004,,,,,,,,,,,,,,,,,,,,,,,,,,,,,,,,,,,,,,,,,,,,,,,,,,,,,,
,,,,,,,,,,,,,,,,,,,,,,,,,,,,,,,,,,,,,,,,,,,,,,,,,,,,,,,,,,
,,,,,,,,,,,,,,,,,,,,,,,,,,,,,,,,,,,,,,,,,,,,,,,,,,,,,,,,,,
,,10.2105/AJPH.2015.302703,234,Rudolph 2015,,,,,,,,,,,,,,,,,,,,,,,,,,,,,,,,,,,,,,,,,,,,,,,,,,,,,,
,,,,,,,,,,,,,,,,,,,,,,,,,,,,,,,,,,,,,,,,,,,,,,,,,,,,,,,,,,
,,,,,,,,,,,,,,,,,,,,,,,,,,,,,,,,,,,,,,,,,,,,,,,,,,,,,,,,,,
,,10.2105/AJPH.2019.305405,235,Sabbath 2020,,,,,,,,,,,,,,,,,,,,,,,,,,,,,,,,,,,,,,,,,,,,,,,,,,,,,,
,,,,,,,,,,,,,,,,,,,,,,,,,,,,,,,,,,,,,,,,,,,,,,,,,,,,,,,,,,
,,,,,,,,,,,,,,,,,,,,,,,,,,,,,,,,,,,,,,,,,,,,,,,,,,,,,,,,,,
,,10.1016/j.conctc.2024.101357,236,Sabri 2024,,,,,,,,,,,,,,,,,,,,,,,,,,,,,,,,,,,,,,,,,,,,,,,,,,,,,,
,,,,,,,,,,,,,,,,,,,,,,,,,,,,,,,,,,,,,,,,,,,,,,,,,,,,,,,,,,
,,,,,,,,,,,,,,,,,,,,,,,,,,,,,,,,,,,,,,,,,,,,,,,,,,,,,,,,,,
,,10.1016/j.landurbplan.2021.104281,237,Sadatsafavi 2022,,,,,,,,,,,,,,,,,,,,,,,,,,,,,,,,,,,,,,,,,,,,,,,,,,,,,,
,,,,,,,,,,,,,,,,,,,,,,,,,,,,,,,,,,,,,,,,,,,,,,,,,,,,,,,,,,
,,,,,,,,,,,,,,,,,,,,,,,,,,,,,,,,,,,,,,,,,,,,,,,,,,,,,,,,,,
,,10.1111/psj.12463,238,Sato 2022,,,,,,,,,,,,,,,,,,,,,,,,,,,,,,,,,,,,,,,,,,,,,,,,,,,,,,
,,,,,,,,,,,,,,,,,,,,,,,,,,,,,,,,,,,,,,,,,,,,,,,,,,,,,,,,,,
,,,,,,,,,,,,,,,,,,,,,,,,,,,,,,,,,,,,,,,,,,,,,,,,,,,,,,,,,,
,,10.1073/pnas.1921965117,239,Schell 2020,,,,,,,,,,,,,,,,,,,,,,,,,,,,,,,,,,,,,,,,,,,,,,,,,,,,,,
,,,,,,,,,,,,,,,,,,,,,,,,,,,,,,,,,,,,,,,,,,,,,,,,,,,,,,,,,,
,,,,,,,,,,,,,,,,,,,,,,,,,,,,,,,,,,,,,,,,,,,,,,,,,,,,,,,,,,
,,10.1001/jamanetworkopen.2024.22948,240,Schell 2024,,,,,,,,,,,,,,,,,,,,,,,,,,,,,,,,,,,,,,,,,,,,,,,,,,,,,,
,,,,,,,,,,,,,,,,,,,,,,,,,,,,,,,,,,,,,,,,,,,,,,,,,,,,,,,,,,
,,,,,,,,,,,,,,,,,,,,,,,,,,,,,,,,,,,,,,,,,,,,,,,,,,,,,,,,,,
,,10.1001/jamanetworkopen.2023.1153,241,Schleimer 2023,,,,,,,,,,,,,,,,,,,,,,,,,,,,,,,,,,,,,,,,,,,,,,,,,,,,,,
,,,,,,,,,,,,,,,,,,,,,,,,,,,,,,,,,,,,,,,,,,,,,,,,,,,,,,,,,,
,,,,,,,,,,,,,,,,,,,,,,,,,,,,,,,,,,,,,,,,,,,,,,,,,,,,,,,,,,
,,10.1186/s12889-021-10345-3,242,Schwebel 2021,,,,,,,,,,,,,,,,,,,,,,,,,,,,,,,,,,,,,,,,,,,,,,,,,,,,,,
,,,,,,,,,,,,,,,,,,,,,,,,,,,,,,,,,,,,,,,,,,,,,,,,,,,,,,,,,,
,,,,,,,,,,,,,,,,,,,,,,,,,,,,,,,,,,,,,,,,,,,,,,,,,,,,,,,,,,
,,10.1016/j.ypmed.2022.107285,243,Seewald 2022,,,,,,,,,,,,,,,,,,,,,,,,,,,,,,,,,,,,,,,,,,,,,,,,,,,,,,
,,,,,,,,,,,,,,,,,,,,,,,,,,,,,,,,,,,,,,,,,,,,,,,,,,,,,,,,,,
,,,,,,,,,,,,,,,,,,,,,,,,,,,,,,,,,,,,,,,,,,,,,,,,,,,,,,,,,,
,,10.1177/00224278221077626,244,Semenza 2022,,,,,,,,,,,,,,,,,,,,,,,,,,,,,,,,,,,,,,,,,,,,,,,,,,,,,,
,,,,,,,,,,,,,,,,,,,,,,,,,,,,,,,,,,,,,,,,,,,,,,,,,,,,,,,,,,
,,,,,,,,,,,,,,,,,,,,,,,,,,,,,,,,,,,,,,,,,,,,,,,,,,,,,,,,,,
,,10.1016/j.ypmed.2012.07.019,245,Sen 2012,,,,,,,,,,,,,,,,,,,,,,,,,,,,,,,,,,,,,,,,,,,,,,,,,,,,,,
,,,,,,,,,,,,,,,,,,,,,,,,,,,,,,,,,,,,,,,,,,,,,,,,,,,,,,,,,,
,,,,,,,,,,,,,,,,,,,,,,,,,,,,,,,,,,,,,,,,,,,,,,,,,,,,,,,,,,
,,10.1097/EDE.0000000000001662,246,Sharkey 2023,,,,,,,,,,,,,,,,,,,,,,,,,,,,,,,,,,,,,,,,,,,,,,,,,,,,,,
,,,,,,,,,,,,,,,,,,,,,,,,,,,,,,,,,,,,,,,,,,,,,,,,,,,,,,,,,,
,,,,,,,,,,,,,,,,,,,,,,,,,,,,,,,,,,,,,,,,,,,,,,,,,,,,,,,,,,
,,10.1136/injuryprev-2020-043932,247,Shjarback 2021,,,,,,,,,,,,,,,,,,,,,,,,,,,,,,,,,,,,,,,,,,,,,,,,,,,,,,
,,,,,,,,,,,,,,,,,,,,,,,,,,,,,,,,,,,,,,,,,,,,,,,,,,,,,,,,,,
,,,,,,,,,,,,,,,,,,,,,,,,,,,,,,,,,,,,,,,,,,,,,,,,,,,,,,,,,,
,,10.1001/jamanetworkopen.2024.25025,248,Siegel 2024,,,,,,,,,,,,,,,,,,,,,,,,,,,,,,,,,,,,,,,,,,,,,,,,,,,,,,
,,,,,,,,,,,,,,,,,,,,,,,,,,,,,,,,,,,,,,,,,,,,,,,,,,,,,,,,,,
,,,,,,,,,,,,,,,,,,,,,,,,,,,,,,,,,,,,,,,,,,,,,,,,,,,,,,,,,,
,,10.1007/s11606-019-04922-x,249,Siegel 2019,,,,,,,,,,,,,,,,,,,,,,,,,,,,,,,,,,,,,,,,,,,,,,,,,,,,,,
,,,,,,,,,,,,,,,,,,,,,,,,,,,,,,,,,,,,,,,,,,,,,,,,,,,,,,,,,,
,,,,,,,,,,,,,,,,,,,,,,,,,,,,,,,,,,,,,,,,,,,,,,,,,,,,,,,,,,
,,10.1111/jrh.12387,250,Siegel 2020,,,,,,,,,,,,,,,,,,,,,,,,,,,,,,,,,,,,,,,,,,,,,,,,,,,,,,
,,10.2105/AJPH.2017.304057,251,Siegel 2017,,,,,,,,,,,,,,,,,,,,,,,,,,,,,,,,,,,,,,,,,,,,,,,,,,,,,,
,,10.1016/j.jadohealth.2018.10.287,252,Sigel 2019,,,,,,,,,,,,,,,,,,,,,,,,,,,,,,,,,,,,,,,,,,,,,,,,,,,,,,
,,10.1177/00099228221146998,253,Sigel 2023,,,,,,,,,,,,,,,,,,,,,,,,,,,,,,,,,,,,,,,,,,,,,,,,,,,,,,
,,10.1542/hpeds.2020-001214,254,Silver 2021,,,,,,,,,,,,,,,,,,,,,,,,,,,,,,,,,,,,,,,,,,,,,,,,,,,,,,
,,10.2105/AJPH.2015.302617,255,Simonetti 2015,,,,,,,,,,,,,,,,,,,,,,,,,,,,,,,,,,,,,,,,,,,,,,,,,,,,,,
,,10.1007/s10865-019-00013-8,256,Small 2019,,,,,,,,,,,,,,,,,,,,,,,,,,,,,,,,,,,,,,,,,,,,,,,,,,,,,,
,,10.1177/0887403418782739,257,Smith 2019,,,,,,,,,,,,,,,,,,,,,,,,,,,,,,,,,,,,,,,,,,,,,,,,,,,,,,
,,10.1177/0003134820942194,258,Smith 2020,,,,,,,,,,,,,,,,,,,,,,,,,,,,,,,,,,,,,,,,,,,,,,,,,,,,,,
,,10.1136/ip-2023-045035,259,Sokol 2024,,,,,,,,,,,,,,,,,,,,,,,,,,,,,,,,,,,,,,,,,,,,,,,,,,,,,,
,,10.1001/jamainternmed.2022.5460,260,South 2023,,,,,,,,,,,,,,,,,,,,,,,,,,,,,,,,,,,,,,,,,,,,,,,,,,,,,,
,,10.1097/SLA.0000000000005860,261,Spitzer 2023,,,,,,,,,,,,,,,,,,,,,,,,,,,,,,,,,,,,,,,,,,,,,,,,,,,,,,
,,10.1080/13811118.2016.1175395,262,Stanley 2017,,,,,,,,,,,,,,,,,,,,,,,,,,,,,,,,,,,,,,,,,,,,,,,,,,,,,,
,,10.1037/ccp0000481,263,Stanley 2020,,,,,,,,,,,,,,,,,,,,,,,,,,,,,,,,,,,,,,,,,,,,,,,,,,,,,,
,,10.1016/j.ypmed.2019.05.027,264,Stansfield 2019,,,,,,,,,,,,,,,,,,,,,,,,,,,,,,,,,,,,,,,,,,,,,,,,,,,,,,
,,10.1016/j.ypmed.2021.106599,265,Stansfield 2021,,,,,,,,,,,,,,,,,,,,,,,,,,,,,,,,,,,,,,,,,,,,,,,,,,,,,,
,,10.1542/peds.109.3.490,266,Stevens 2002,,,,,,,,,,,,,,,,,,,,,,,,,,,,,,,,,,,,,,,,,,,,,,,,,,,,,,
,,10.1007/s40596-023-01773-x,267,Stillman 2023,,,,,,,,,,,,,,,,,,,,,,,,,,,,,,,,,,,,,,,,,,,,,,,,,,,,,,
,,10.1016/j.ypmed.2020.106094,288,Stone 2020,,,,,,,,,,,,,,,,,,,,,,,,,,,,,,,,,,,,,,,,,,,,,,,,,,,,,,
,,10.1371/journal.pone.0182408,269,Stroebe 2017,,,,,,,,,,,,,,,,,,,,,,,,,,,,,,,,,,,,,,,,,,,,,,,,,,,,,,
,,10.1007/s44192-024-00082-5,270,Sullivant 2024,,,,,,,,,,,,,,,,,,,,,,,,,,,,,,,,,,,,,,,,,,,,,,,,,,,,,,
,,10.1016/j.amepre.2008.03.023,271,Sumner 2008,,,,,,,,,,,,,,,,,,,,,,,,,,,,,,,,,,,,,,,,,,,,,,,,,,,,,,
,,10.29158/JAAPL.200082-20,272,Swanson 2020,,,,,,,,,,,,,,,,,,,,,,,,,,,,,,,,,,,,,,,,,,,,,,,,,,,,,,
,,10.1177/0734016809360325,273,Thompson 2010,,,,,,,,,,,,,,,,,,,,,,,,,,,,,,,,,,,,,,,,,,,,,,,,,,,,,,
,,10.1016/j.puhe.2022.12.001,274,Tiderman 2023,,,,,,,,,,,,,,,,,,,,,,,,,,,,,,,,,,,,,,,,,,,,,,,,,,,,,,
,,10.1542/peds.2019-1071,275,Timsina 2020,,,,,,,,,,,,,,,,,,,,,,,,,,,,,,,,,,,,,,,,,,,,,,,,,,,,,,
,,10.1016/j.ypmed.2018.08.010,276,Ukert 2018,,,,,,,,,,,,,,,,,,,,,,,,,,,,,,,,,,,,,,,,,,,,,,,,,,,,,,
,,10.1007/s11292-017-9313-3,277,Ukert 2018,,,,,,,,,,,,,,,,,,,,,,,,,,,,,,,,,,,,,,,,,,,,,,,,,,,,,,
,,10.1016/j.jebo.2021.12.002,278,Vars 2022,,,,,,,,,,,,,,,,,,,,,,,,,,,,,,,,,,,,,,,,,,,,,,,,,,,,,,
,,10.2471/BLT.19.236646,279,Vecino-Ortiz 2020,,,,,,,,,,,,,,,,,,,,,,,,,,,,,,,,,,,,,,,,,,,,,,,,,,,,,,
,,10.1001/jama.283.9.1205,280,Villaveces 2000,,,,,,,,,,,,,,,,,,,,,,,,,,,,,,,,,,,,,,,,,,,,,,,,,,,,,,
,,10.1097/TA.0000000000000319,281,Violano 2014,,,,,,,,,,,,,,,,,,,,,,,,,,,,,,,,,,,,,,,,,,,,,,,,,,,,,,
,,10.1377/hlthaff.2021.01129,282,Wallace 2021,,,,,,,,,,,,,,,,,,,,,,,,,,,,,,,,,,,,,,,,,,,,,,,,,,,,,,
,,10.1089/vio.2019.0029,283,Wallin 2020,,,,,,,,,,,,,,,,,,,,,,,,,,,,,,,,,,,,,,,,,,,,,,,,,,,,,,
,,10.1007/s11524-014-9865-8,284,Webster 2014,,,,,,,,,,,,,,,,,,,,,,,,,,,,,,,,,,,,,,,,,,,,,,,,,,,,,,
,,10.1542/peds.106.6.1466,285,Webster 2000,,,,,,,,,,,,,,,,,,,,,,,,,,,,,,,,,,,,,,,,,,,,,,,,,,,,,,
,,10.1007/s11524-009-9351-x,286,Webster 2009,,,,,,,,,,,,,,,,,,,,,,,,,,,,,,,,,,,,,,,,,,,,,,,,,,,,,,
,,10.1007/s11524-006-9073-2,287,Webster 2006,,,,,,,,,,,,,,,,,,,,,,,,,,,,,,,,,,,,,,,,,,,,,,,,,,,,,,
,,10.1093/aje/155.5.406,288,Webster 2002,,,,,,,,,,,,,,,,,,,,,,,,,,,,,,,,,,,,,,,,,,,,,,,,,,,,,,
,,10.1007/s11524-012-9731-5,289,Webster 2013,,,,,,,,,,,,,,,,,,,,,,,,,,,,,,,,,,,,,,,,,,,,,,,,,,,,,,
,,10.1111/1745-9133.12487,290,Webster 2020,,,,,,,,,,,,,,,,,,,,,,,,,,,,,,,,,,,,,,,,,,,,,,,,,,,,,,
,,10.1097/01.ta.0000131206.49376.a2,291,Weichenthal 2004,,,,,,,,,,,,,,,,,,,,,,,,,,,,,,,,,,,,,,,,,,,,,,,,,,,,,,
,,10.1007/s11524-013-9796-9,292,Whitehill 2014,,,,,,,,,,,,,,,,,,,,,,,,,,,,,,,,,,,,,,,,,,,,,,,,,,,,,,
,,10.1136/ip.2007.016212,293,Wintemute 2007,,,,,,,,,,,,,,,,,,,,,,,,,,,,,,,,,,,,,,,,,,,,,,,,,,,,,,
,,10.1136/ip-2024-045234,294,Wintemute 2024,,,,,,,,,,,,,,,,,,,,,,,,,,,,,,,,,,,,,,,,,,,,,,,,,,,,,,
,,10.1097/TA.0000000000003689,295,Winter 2022,,,,,,,,,,,,,,,,,,,,,,,,,,,,,,,,,,,,,,,,,,,,,,,,,,,,,,
,,10.1007/s11524-010-9437-5,296,Wright 2010,,,,,,,,,,,,,,,,,,,,,,,,,,,,,,,,,,,,,,,,,,,,,,,,,,,,,,
,,10.1001/jamapediatrics.2015.2116,297,Xuan 2015,,,,,,,,,,,,,,,,,,,,,,,,,,,,,,,,,,,,,,,,,,,,,,,,,,,,,,
,,10.1023/a:1010411100603,298,Yurk 2001,,,,,,,,,,,,,,,,,,,,,,,,,,,,,,,,,,,,,,,,,,,,,,,,,,,,,,
,,10.1093/aje/kwy174,299,Zeoli 2018,,,,,,,,,,,,,,,,,,,,,,,,,,,,,,,,,,,,,,,,,,,,,,,,,,,,,,
,,10.1136/ip.2009.024620,300,Zeoli 2010,,,,,,,,,,,,,,,,,,,,,,,,,,,,,,,,,,,,,,,,,,,,,,,,,,,,,,
,,,,,,,,,,,,,,,,,,,,,,,,,,,,,,,,,,,,,,,,,,,,,,,,,,,,,,,,,,
,,,,,,,,,,,,,,,,,,,,,,,,,,,,,,,,,,,,,,,,,,,,,,,,,,,,,,,,,,
,,,,,,,,,,,,,,,,,,,,,,,,,,,,,,,,,,,,,,,,,,,,,,,,,,,,,,,,,,
,,,,,,,,,,,,,,,,,,,,,,,,,,,,,,,,,,,,,,,,,,,,,,,,,,,,,,,,,,
,,,,,,,,,,,,,,,,,,,,,,,,,,,,,,,,,,,,,,,,,,,,,,,,,,,,,,,,,,
,,,,,,,,,,,,,,,,,,,,,,,,,,,,,,,,,,,,,,,,,,,,,,,,,,,,,,,,,,
,,,,,,,,,,,,,,,,,,,,,,,,,,,,,,,,,,,,,,,,,,,,,,,,,,,,,,,,,,
,,,,,,,,,,,,,,,,,,,,,,,,,,,,,,,,,,,,,,,,,,,,,,,,,,,,,,,,,,
,,,,,,,,,,,,,,,,,,,,,,,,,,,,,,,,,,,,,,,,,,,,,,,,,,,,,,,,,,
,,,,,,,,,,,,,,,,,,,,,,,,,,,,,,,,,,,,,,,,,,,,,,,,,,,,,,,,,,
,,,,,,,,,,,,,,,,,,,,,,,,,,,,,,,,,,,,,,,,,,,,,,,,,,,,,,,,,,
,,,,,,,,,,,,,,,,,,,,,,,,,,,,,,,,,,,,,,,,,,,,,,,,,,,,,,,,,,
,,,,,,,,,,,,,,,,,,,,,,,,,,,,,,,,,,,,,,,,,,,,,,,,,,,,,,,,,,
,,,,,,,,,,,,,,,,,,,,,,,,,,,,,,,,,,,,,,,,,,,,,,,,,,,,,,,,,,
,,,,,,,,,,,,,,,,,,,,,,,,,,,,,,,,,,,,,,,,,,,,,,,,,,,,,,,,,,
,,,,,,,,,,,,,,,,,,,,,,,,,,,,,,,,,,,,,,,,,,,,,,,,,,,,,,,,,,
,,,,,,,,,,,,,,,,,,,,,,,,,,,,,,,,,,,,,,,,,,,,,,,,,,,,,,,,,,
,,,,,,,,,,,,,,,,,,,,,,,,,,,,,,,,,,,,,,,,,,,,,,,,,,,,,,,,,,
,,,,,,,,,,,,,,,,,,,,,,,,,,,,,,,,,,,,,,,,,,,,,,,,,,,,,,,,,,
,,,,,,,,,,,,,,,,,,,,,,,,,,,,,,,,,,,,,,,,,,,,,,,,,,,,,,,,,,
,,,,,,,,,,,,,,,,,,,,,,,,,,,,,,,,,,,,,,,,,,,,,,,,,,,,,,,,,,
,,,,,,,,,,,,,,,,,,,,,,,,,,,,,,,,,,,,,,,,,,,,,,,,,,,,,,,,,,
,,,,,,,,,,,,,,,,,,,,,,,,,,,,,,,,,,,,,,,,,,,,,,,,,,,,,,,,,,
,,,,,,,,,,,,,,,,,,,,,,,,,,,,,,,,,,,,,,,,,,,,,,,,,,,,,,,,,,
,,,,,,,,,,,,,,,,,,,,,,,,,,,,,,,,,,,,,,,,,,,,,,,,,,,,,,,,,,
,,,,,,,,,,,,,,,,,,,,,,,,,,,,,,,,,,,,,,,,,,,,,,,,,,,,,,,,,,
,,,,,,,,,,,,,,,,,,,,,,,,,,,,,,,,,,,,,,,,,,,,,,,,,,,,,,,,,,
,,,,,,,,,,,,,,,,,,,,,,,,,,,,,,,,,,,,,,,,,,,,,,,,,,,,,,,,,,
,,,,,,,,,,,,,,,,,,,,,,,,,,,,,,,,,,,,,,,,,,,,,,,,,,,,,,,,,,
,,,,,,,,,,,,,,,,,,,,,,,,,,,,,,,,,,,,,,,,,,,,,,,,,,,,,,,,,,
,,,,,,,,,,,,,,,,,,,,,,,,,,,,,,,,,,,,,,,,,,,,,,,,,,,,,,,,,,
,,,,,,,,,,,,,,,,,,,,,,,,,,,,,,,,,,,,,,,,,,,,,,,,,,,,,,,,,,
,,,,,,,,,,,,,,,,,,,,,,,,,,,,,,,,,,,,,,,,,,,,,,,,,,,,,,,,,,
,,,,,,,,,,,,,,,,,,,,,,,,,,,,,,,,,,,,,,,,,,,,,,,,,,,,,,,,,,
,,,,,,,,,,,,,,,,,,,,,,,,,,,,,,,,,,,,,,,,,,,,,,,,,,,,,,,,,,
,,,,,,,,,,,,,,,,,,,,,,,,,,,,,,,,,,,,,,,,,,,,,,,,,,,,,,,,,,
,,,,,,,,,,,,,,,,,,,,,,,,,,,,,,,,,,,,,,,,,,,,,,,,,,,,,,,,,,
,,,,,,,,,,,,,,,,,,,,,,,,,,,,,,,,,,,,,,,,,,,,,,,,,,,,,,,,,,
,,,,,,,,,,,,,,,,,,,,,,,,,,,,,,,,,,,,,,,,,,,,,,,,,,,,,,,,,,
,,,,,,,,,,,,,,,,,,,,,,,,,,,,,,,,,,,,,,,,,,,,,,,,,,,,,,,,,,
,,,,,,,,,,,,,,,,,,,,,,,,,,,,,,,,,,,,,,,,,,,,,,,,,,,,,,,,,,
,,,,,,,,,,,,,,,,,,,,,,,,,,,,,,,,,,,,,,,,,,,,,,,,,,,,,,,,,,
,,,,,,,,,,,,,,,,,,,,,,,,,,,,,,,,,,,,,,,,,,,,,,,,,,,,,,,,,,
,,,,,,,,,,,,,,,,,,,,,,,,,,,,,,,,,,,,,,,,,,,,,,,,,,,,,,,,,,
,,,,,,,,,,,,,,,,,,,,,,,,,,,,,,,,,,,,,,,,,,,,,,,,,,,,,,,,,,
,,,,,,,,,,,,,,,,,,,,,,,,,,,,,,,,,,,,,,,,,,,,,,,,,,,,,,,,,,
,,,,,,,,,,,,,,,,,,,,,,,,,,,,,,,,,,,,,,,,,,,,,,,,,,,,,,,,,,
,,,,,,,,,,,,,,,,,,,,,,,,,,,,,,,,,,,,,,,,,,,,,,,,,,,,,,,,,,
,,,,,,,,,,,,,,,,,,,,,,,,,,,,,,,,,,,,,,,,,,,,,,,,,,,,,,,,,,
,,,,,,,,,,,,,,,,,,,,,,,,,,,,,,,,,,,,,,,,,,,,,,,,,,,,,,,,,,
,,,,,,,,,,,,,,,,,,,,,,,,,,,,,,,,,,,,,,,,,,,,,,,,,,,,,,,,,,
,,,,,,,,,,,,,,,,,,,,,,,,,,,,,,,,,,,,,,,,,,,,,,,,,,,,,,,,,,
,,,,,,,,,,,,,,,,,,,,,,,,,,,,,,,,,,,,,,,,,,,,,,,,,,,,,,,,,,
,,,,,,,,,,,,,,,,,,,,,,,,,,,,,,,,,,,,,,,,,,,,,,,,,,,,,,,,,,
,,,,,,,,,,,,,,,,,,,,,,,,,,,,,,,,,,,,,,,,,,,,,,,,,,,,,,,,,,
,,,,,,,,,,,,,,,,,,,,,,,,,,,,,,,,,,,,,,,,,,,,,,,,,,,,,,,,,,
,,,,,,,,,,,,,,,,,,,,,,,,,,,,,,,,,,,,,,,,,,,,,,,,,,,,,,,,,,
,,,,,,,,,,,,,,,,,,,,,,,,,,,,,,,,,,,,,,,,,,,,,,,,,,,,,,,,,,
,,,,,,,,,,,,,,,,,,,,,,,,,,,,,,,,,,,,,,,,,,,,,,,,,,,,,,,,,,
,,,,,,,,,,,,,,,,,,,,,,,,,,,,,,,,,,,,,,,,,,,,,,,,,,,,,,,,,,
,,,,,,,,,,,,,,,,,,,,,,,,,,,,,,,,,,,,,,,,,,,,,,,,,,,,,,,,,,
,,,,,,,,,,,,,,,,,,,,,,,,,,,,,,,,,,,,,,,,,,,,,,,,,,,,,,,,,,
,,,,,,,,,,,,,,,,,,,,,,,,,,,,,,,,,,,,,,,,,,,,,,,,,,,,,,,,,,
,,,,,,,,,,,,,,,,,,,,,,,,,,,,,,,,,,,,,,,,,,,,,,,,,,,,,,,,,,
,,,,,,,,,,,,,,,,,,,,,,,,,,,,,,,,,,,,,,,,,,,,,,,,,,,,,,,,,,
,,,,,,,,,,,,,,,,,,,,,,,,,,,,,,,,,,,,,,,,,,,,,,,,,,,,,,,,,,
,,,,,,,,,,,,,,,,,,,,,,,,,,,,,,,,,,,,,,,,,,,,,,,,,,,,,,,,,,
,,,,,,,,,,,,,,,,,,,,,,,,,,,,,,,,,,,,,,,,,,,,,,,,,,,,,,,,,,
,,,,,,,,,,,,,,,,,,,,,,,,,,,,,,,,,,,,,,,,,,,,,,,,,,,,,,,,,,
,,,,,,,,,,,,,,,,,,,,,,,,,,,,,,,,,,,,,,,,,,,,,,,,,,,,,,,,,,
,,,,,,,,,,,,,,,,,,,,,,,,,,,,,,,,,,,,,,,,,,,,,,,,,,,,,,,,,,
,,,,,,,,,,,,,,,,,,,,,,,,,,,,,,,,,,,,,,,,,,,,,,,,,,,,,,,,,,
,,,,,,,,,,,,,,,,,,,,,,,,,,,,,,,,,,,,,,,,,,,,,,,,,,,,,,,,,,
,,,,,,,,,,,,,,,,,,,,,,,,,,,,,,,,,,,,,,,,,,,,,,,,,,,,,,,,,,
,,,,,,,,,,,,,,,,,,,,,,,,,,,,,,,,,,,,,,,,,,,,,,,,,,,,,,,,,,
,,,,,,,,,,,,,,,,,,,,,,,,,,,,,,,,,,,,,,,,,,,,,,,,,,,,,,,,,,
,,,,,,,,,,,,,,,,,,,,,,,,,,,,,,,,,,,,,,,,,,,,,,,,,,,,,,,,,,
,,,,,,,,,,,,,,,,,,,,,,,,,,,,,,,,,,,,,,,,,,,,,,,,,,,,,,,,,,
,,,,,,,,,,,,,,,,,,,,,,,,,,,,,,,,,,,,,,,,,,,,,,,,,,,,,,,,,,
,,,,,,,,,,,,,,,,,,,,,,,,,,,,,,,,,,,,,,,,,,,,,,,,,,,,,,,,,,
,,,,,,,,,,,,,,,,,,,,,,,,,,,,,,,,,,,,,,,,,,,,,,,,,,,,,,,,,,
,,,,,,,,,,,,,,,,,,,,,,,,,,,,,,,,,,,,,,,,,,,,,,,,,,,,,,,,,,
,,,,,,,,,,,,,,,,,,,,,,,,,,,,,,,,,,,,,,,,,,,,,,,,,,,,,,,,,,
,,,,,,,,,,,,,,,,,,,,,,,,,,,,,,,,,,,,,,,,,,,,,,,,,,,,,,,,,,
,,,,,,,,,,,,,,,,,,,,,,,,,,,,,,,,,,,,,,,,,,,,,,,,,,,,,,,,,,
,,,,,,,,,,,,,,,,,,,,,,,,,,,,,,,,,,,,,,,,,,,,,,,,,,,,,,,,,,
,,,,,,,,,,,,,,,,,,,,,,,,,,,,,,,,,,,,,,,,,,,,,,,,,,,,,,,,,,
,,,,,,,,,,,,,,,,,,,,,,,,,,,,,,,,,,,,,,,,,,,,,,,,,,,,,,,,,,
,,,,,,,,,,,,,,,,,,,,,,,,,,,,,,,,,,,,,,,,,,,,,,,,,,,,,,,,,,
,,,,,,,,,,,,,,,,,,,,,,,,,,,,,,,,,,,,,,,,,,,,,,,,,,,,,,,,,,
,,,,,,,,,,,,,,,,,,,,,,,,,,,,,,,,,,,,,,,,,,,,,,,,,,,,,,,,,,
,,,,,,,,,,,,,,,,,,,,,,,,,,,,,,,,,,,,,,,,,,,,,,,,,,,,,,,,,,
,,,,,,,,,,,,,,,,,,,,,,,,,,,,,,,,,,,,,,,,,,,,,,,,,,,,,,,,,,
,,,,,,,,,,,,,,,,,,,,,,,,,,,,,,,,,,,,,,,,,,,,,,,,,,,,,,,,,,
,,,,,,,,,,,,,,,,,,,,,,,,,,,,,,,,,,,,,,,,,,,,,,,,,,,,,,,,,,
,,,,,,,,,,,,,,,,,,,,,,,,,,,,,,,,,,,,,,,,,,,,,,,,,,,,,,,,,,
,,,,,,,,,,,,,,,,,,,,,,,,,,,,,,,,,,,,,,,,,,,,,,,,,,,,,,,,,,
,,,,,,,,,,,,,,,,,,,,,,,,,,,,,,,,,,,,,,,,,,,,,,,,,,,,,,,,,,
,,,,,,,,,,,,,,,,,,,,,,,,,,,,,,,,,,,,,,,,,,,,,,,,,,,,,,,,,,
,,,,,,,,,,,,,,,,,,,,,,,,,,,,,,,,,,,,,,,,,,,,,,,,,,,,,,,,,,
,,,,,,,,,,,,,,,,,,,,,,,,,,,,,,,,,,,,,,,,,,,,,,,,,,,,,,,,,,
,,,,,,,,,,,,,,,,,,,,,,,,,,,,,,,,,,,,,,,,,,,,,,,,,,,,,,,,,,
,,,,,,,,,,,,,,,,,,,,,,,,,,,,,,,,,,,,,,,,,,,,,,,,,,,,,,,,,,
,,,,,,,,,,,,,,,,,,,,,,,,,,,,,,,,,,,,,,,,,,,,,,,,,,,,,,,,,,
,,,,,,,,,,,,,,,,,,,,,,,,,,,,,,,,,,,,,,,,,,,,,,,,,,,,,,,,,,
,,,,,,,,,,,,,,,,,,,,,,,,,,,,,,,,,,,,,,,,,,,,,,,,,,,,,,,,,,
,,,,,,,,,,,,,,,,,,,,,,,,,,,,,,,,,,,,,,,,,,,,,,,,,,,,,,,,,,
,,,,,,,,,,,,,,,,,,,,,,,,,,,,,,,,,,,,,,,,,,,,,,,,,,,,,,,,,,
,,,,,,,,,,,,,,,,,,,,,,,,,,,,,,,,,,,,,,,,,,,,,,,,,,,,,,,,,,
,,,,,,,,,,,,,,,,,,,,,,,,,,,,,,,,,,,,,,,,,,,,,,,,,,,,,,,,,,
,,,,,,,,,,,,,,,,,,,,,,,,,,,,,,,,,,,,,,,,,,,,,,,,,,,,,,,,,,
,,,,,,,,,,,,,,,,,,,,,,,,,,,,,,,,,,,,,,,,,,,,,,,,,,,,,,,,,,
,,,,,,,,,,,,,,,,,,,,,,,,,,,,,,,,,,,,,,,,,,,,,,,,,,,,,,,,,,
,,,,,,,,,,,,,,,,,,,,,,,,,,,,,,,,,,,,,,,,,,,,,,,,,,,,,,,,,,
,,,,,,,,,,,,,,,,,,,,,,,,,,,,,,,,,,,,,,,,,,,,,,,,,,,,,,,,,,
,,,,,,,,,,,,,,,,,,,,,,,,,,,,,,,,,,,,,,,,,,,,,,,,,,,,,,,,,,
,,,,,,,,,,,,,,,,,,,,,,,,,,,,,,,,,,,,,,,,,,,,,,,,,,,,,,,,,,
,,,,,,,,,,,,,,,,,,,,,,,,,,,,,,,,,,,,,,,,,,,,,,,,,,,,,,,,,,
,,,,,,,,,,,,,,,,,,,,,,,,,,,,,,,,,,,,,,,,,,,,,,,,,,,,,,,,,,
,,,,,,,,,,,,,,,,,,,,,,,,,,,,,,,,,,,,,,,,,,,,,,,,,,,,,,,,,,
,,,,,,,,,,,,,,,,,,,,,,,,,,,,,,,,,,,,,,,,,,,,,,,,,,,,,,,,,,
,,,,,,,,,,,,,,,,,,,,,,,,,,,,,,,,,,,,,,,,,,,,,,,,,,,,,,,,,,
,,,,,,,,,,,,,,,,,,,,,,,,,,,,,,,,,,,,,,,,,,,,,,,,,,,,,,,,,,
,,,,,,,,,,,,,,,,,,,,,,,,,,,,,,,,,,,,,,,,,,,,,,,,,,,,,,,,,,
,,,,,,,,,,,,,,,,,,,,,,,,,,,,,,,,,,,,,,,,,,,,,,,,,,,,,,,,,,
,,,,,,,,,,,,,,,,,,,,,,,,,,,,,,,,,,,,,,,,,,,,,,,,,,,,,,,,,,
,,,,,,,,,,,,,,,,,,,,,,,,,,,,,,,,,,,,,,,,,,,,,,,,,,,,,,,,,,
,,,,,,,,,,,,,,,,,,,,,,,,,,,,,,,,,,,,,,,,,,,,,,,,,,,,,,,,,,
,,,,,,,,,,,,,,,,,,,,,,,,,,,,,,,,,,,,,,,,,,,,,,,,,,,,,,,,,,
,,,,,,,,,,,,,,,,,,,,,,,,,,,,,,,,,,,,,,,,,,,,,,,,,,,,,,,,,,
,,,,,,,,,,,,,,,,,,,,,,,,,,,,,,,,,,,,,,,,,,,,,,,,,,,,,,,,,,
,,,,,,,,,,,,,,,,,,,,,,,,,,,,,,,,,,,,,,,,,,,,,,,,,,,,,,,,,,
,,,,,,,,,,,,,,,,,,,,,,,,,,,,,,,,,,,,,,,,,,,,,,,,,,,,,,,,,,
,,,,,,,,,,,,,,,,,,,,,,,,,,,,,,,,,,,,,,,,,,,,,,,,,,,,,,,,,,
,,,,,,,,,,,,,,,,,,,,,,,,,,,,,,,,,,,,,,,,,,,,,,,,,,,,,,,,,,
,,,,,,,,,,,,,,,,,,,,,,,,,,,,,,,,,,,,,,,,,,,,,,,,,,,,,,,,,,
,,,,,,,,,,,,,,,,,,,,,,,,,,,,,,,,,,,,,,,,,,,,,,,,,,,,,,,,,,
,,,,,,,,,,,,,,,,,,,,,,,,,,,,,,,,,,,,,,,,,,,,,,,,,,,,,,,,,,
,,,,,,,,,,,,,,,,,,,,,,,,,,,,,,,,,,,,,,,,,,,,,,,,,,,,,,,,,,
,,,,,,,,,,,,,,,,,,,,,,,,,,,,,,,,,,,,,,,,,,,,,,,,,,,,,,,,,,
,,,,,,,,,,,,,,,,,,,,,,,,,,,,,,,,,,,,,,,,,,,,,,,,,,,,,,,,,,
,,,,,,,,,,,,,,,,,,,,,,,,,,,,,,,,,,,,,,,,,,,,,,,,,,,,,,,,,,
,,,,,,,,,,,,,,,,,,,,,,,,,,,,,,,,,,,,,,,,,,,,,,,,,,,,,,,,,,
,,,,,,,,,,,,,,,,,,,,,,,,,,,,,,,,,,,,,,,,,,,,,,,,,,,,,,,,,,
,,,,,,,,,,,,,,,,,,,,,,,,,,,,,,,,,,,,,,,,,,,,,,,,,,,,,,,,,,
,,,,,,,,,,,,,,,,,,,,,,,,,,,,,,,,,,,,,,,,,,,,,,,,,,,,,,,,,,
,,,,,,,,,,,,,,,,,,,,,,,,,,,,,,,,,,,,,,,,,,,,,,,,,,,,,,,,,,
,,,,,,,,,,,,,,,,,,,,,,,,,,,,,,,,,,,,,,,,,,,,,,,,,,,,,,,,,,
,,,,,,,,,,,,,,,,,,,,,,,,,,,,,,,,,,,,,,,,,,,,,,,,,,,,,,,,,,
,,,,,,,,,,,,,,,,,,,,,,,,,,,,,,,,,,,,,,,,,,,,,,,,,,,,,,,,,,
,,,,,,,,,,,,,,,,,,,,,,,,,,,,,,,,,,,,,,,,,,,,,,,,,,,,,,,,,,
,,,,,,,,,,,,,,,,,,,,,,,,,,,,,,,,,,,,,,,,,,,,,,,,,,,,,,,,,,
,,,,,,,,,,,,,,,,,,,,,,,,,,,,,,,,,,,,,,,,,,,,,,,,,,,,,,,,,,
,,,,,,,,,,,,,,,,,,,,,,,,,,,,,,,,,,,,,,,,,,,,,,,,,,,,,,,,,,
,,,,,,,,,,,,,,,,,,,,,,,,,,,,,,,,,,,,,,,,,,,,,,,,,,,,,,,,,,
,,,,,,,,,,,,,,,,,,,,,,,,,,,,,,,,,,,,,,,,,,,,,,,,,,,,,,,,,,
,,,,,,,,,,,,,,,,,,,,,,,,,,,,,,,,,,,,,,,,,,,,,,,,,,,,,,,,,,
,,,,,,,,,,,,,,,,,,,,,,,,,,,,,,,,,,,,,,,,,,,,,,,,,,,,,,,,,,
,,,,,,,,,,,,,,,,,,,,,,,,,,,,,,,,,,,,,,,,,,,,,,,,,,,,,,,,,,
,,,,,,,,,,,,,,,,,,,,,,,,,,,,,,,,,,,,,,,,,,,,,,,,,,,,,,,,,,
,,,,,,,,,,,,,,,,,,,,,,,,,,,,,,,,,,,,,,,,,,,,,,,,,,,,,,,,,,
,,,,,,,,,,,,,,,,,,,,,,,,,,,,,,,,,,,,,,,,,,,,,,,,,,,,,,,,,,
,,,,,,,,,,,,,,,,,,,,,,,,,,,,,,,,,,,,,,,,,,,,,,,,,,,,,,,,,,
,,,,,,,,,,,,,,,,,,,,,,,,,,,,,,,,,,,,,,,,,,,,,,,,,,,,,,,,,,
,,,,,,,,,,,,,,,,,,,,,,,,,,,,,,,,,,,,,,,,,,,,,,,,,,,,,,,,,,
,,,,,,,,,,,,,,,,,,,,,,,,,,,,,,,,,,,,,,,,,,,,,,,,,,,,,,,,,,
,,,,,,,,,,,,,,,,,,,,,,,,,,,,,,,,,,,,,,,,,,,,,,,,,,,,,,,,,,
,,,,,,,,,,,,,,,,,,,,,,,,,,,,,,,,,,,,,,,,,,,,,,,,,,,,,,,,,,
,,,,,,,,,,,,,,,,,,,,,,,,,,,,,,,,,,,,,,,,,,,,,,,,,,,,,,,,,,
,,,,,,,,,,,,,,,,,,,,,,,,,,,,,,,,,,,,,,,,,,,,,,,,,,,,,,,,,,
,,,,,,,,,,,,,,,,,,,,,,,,,,,,,,,,,,,,,,,,,,,,,,,,,,,,,,,,,,
,,,,,,,,,,,,,,,,,,,,,,,,,,,,,,,,,,,,,,,,,,,,,,,,,,,,,,,,,,
,,,,,,,,,,,,,,,,,,,,,,,,,,,,,,,,,,,,,,,,,,,,,,,,,,,,,,,,,,
,,,,,,,,,,,,,,,,,,,,,,,,,,,,,,,,,,,,,,,,,,,,,,,,,,,,,,,,,,
,,,,,,,,,,,,,,,,,,,,,,,,,,,,,,,,,,,,,,,,,,,,,,,,,,,,,,,,,,
,,,,,,,,,,,,,,,,,,,,,,,,,,,,,,,,,,,,,,,,,,,,,,,,,,,,,,,,,,
,,,,,,,,,,,,,,,,,,,,,,,,,,,,,,,,,,,,,,,,,,,,,,,,,,,,,,,,,,
,,,,,,,,,,,,,,,,,,,,,,,,,,,,,,,,,,,,,,,,,,,,,,,,,,,,,,,,,,
,,,,,,,,,,,,,,,,,,,,,,,,,,,,,,,,,,,,,,,,,,,,,,,,,,,,,,,,,,
,,,,,,,,,,,,,,,,,,,,,,,,,,,,,,,,,,,,,,,,,,,,,,,,,,,,,,,,,,
,,,,,,,,,,,,,,,,,,,,,,,,,,,,,,,,,,,,,,,,,,,,,,,,,,,,,,,,,,
,,,,,,,,,,,,,,,,,,,,,,,,,,,,,,,,,,,,,,,,,,,,,,,,,,,,,,,,,,
,,,,,,,,,,,,,,,,,,,,,,,,,,,,,,,,,,,,,,,,,,,,,,,,,,,,,,,,,,
,,,,,,,,,,,,,,,,,,,,,,,,,,,,,,,,,,,,,,,,,,,,,,,,,,,,,,,,,,
,,,,,,,,,,,,,,,,,,,,,,,,,,,,,,,,,,,,,,,,,,,,,,,,,,,,,,,,,,
,,,,,,,,,,,,,,,,,,,,,,,,,,,,,,,,,,,,,,,,,,,,,,,,,,,,,,,,,,
,,,,,,,,,,,,,,,,,,,,,,,,,,,,,,,,,,,,,,,,,,,,,,,,,,,,,,,,,,
,,,,,,,,,,,,,,,,,,,,,,,,,,,,,,,,,,,,,,,,,,,,,,,,,,,,,,,,,,
,,,,,,,,,,,,,,,,,,,,,,,,,,,,,,,,,,,,,,,,,,,,,,,,,,,,,,,,,,
,,,,,,,,,,,,,,,,,,,,,,,,,,,,,,,,,,,,,,,,,,,,,,,,,,,,,,,,,,
,,,,,,,,,,,,,,,,,,,,,,,,,,,,,,,,,,,,,,,,,,,,,,,,,,,,,,,,,,
,,,,,,,,,,,,,,,,,,,,,,,,,,,,,,,,,,,,,,,,,,,,,,,,,,,,,,,,,,
,,,,,,,,,,,,,,,,,,,,,,,,,,,,,,,,,,,,,,,,,,,,,,,,,,,,,,,,,,
,,,,,,,,,,,,,,,,,,,,,,,,,,,,,,,,,,,,,,,,,,,,,,,,,,,,,,,,,,
,,,,,,,,,,,,,,,,,,,,,,,,,,,,,,,,,,,,,,,,,,,,,,,,,,,,,,,,,,
,,,,,,,,,,,,,,,,,,,,,,,,,,,,,,,,,,,,,,,,,,,,,,,,,,,,,,,,,,
,,,,,,,,,,,,,,,,,,,,,,,,,,,,,,,,,,,,,,,,,,,,,,,,,,,,,,,,,,
,,,,,,,,,,,,,,,,,,,,,,,,,,,,,,,,,,,,,,,,,,,,,,,,,,,,,,,,,,
,,,,,,,,,,,,,,,,,,,,,,,,,,,,,,,,,,,,,,,,,,,,,,,,,,,,,,,,,,
,,,,,,,,,,,,,,,,,,,,,,,,,,,,,,,,,,,,,,,,,,,,,,,,,,,,,,,,,,
,,,,,,,,,,,,,,,,,,,,,,,,,,,,,,,,,,,,,,,,,,,,,,,,,,,,,,,,,,
,,,,,,,,,,,,,,,,,,,,,,,,,,,,,,,,,,,,,,,,,,,,,,,,,,,,,,,,,,
,,,,,,,,,,,,,,,,,,,,,,,,,,,,,,,,,,,,,,,,,,,,,,,,,,,,,,,,,,
,,,,,,,,,,,,,,,,,,,,,,,,,,,,,,,,,,,,,,,,,,,,,,,,,,,,,,,,,,
,,,,,,,,,,,,,,,,,,,,,,,,,,,,,,,,,,,,,,,,,,,,,,,,,,,,,,,,,,
,,,,,,,,,,,,,,,,,,,,,,,,,,,,,,,,,,,,,,,,,,,,,,,,,,,,,,,,,,
,,,,,,,,,,,,,,,,,,,,,,,,,,,,,,,,,,,,,,,,,,,,,,,,,,,,,,,,,,
,,,,,,,,,,,,,,,,,,,,,,,,,,,,,,,,,,,,,,,,,,,,,,,,,,,,,,,,,,
,,,,,,,,,,,,,,,,,,,,,,,,,,,,,,,,,,,,,,,,,,,,,,,,,,,,,,,,,,
,,,,,,,,,,,,,,,,,,,,,,,,,,,,,,,,,,,,,,,,,,,,,,,,,,,,,,,,,,
,,,,,,,,,,,,,,,,,,,,,,,,,,,,,,,,,,,,,,,,,,,,,,,,,,,,,,,,,,
,,,,,,,,,,,,,,,,,,,,,,,,,,,,,,,,,,,,,,,,,,,,,,,,,,,,,,,,,,
,,,,,,,,,,,,,,,,,,,,,,,,,,,,,,,,,,,,,,,,,,,,,,,,,,,,,,,,,,
,,,,,,,,,,,,,,,,,,,,,,,,,,,,,,,,,,,,,,,,,,,,,,,,,,,,,,,,,,
,,,,,,,,,,,,,,,,,,,,,,,,,,,,,,,,,,,,,,,,,,,,,,,,,,,,,,,,,,
,,,,,,,,,,,,,,,,,,,,,,,,,,,,,,,,,,,,,,,,,,,,,,,,,,,,,,,,,,
,,,,,,,,,,,,,,,,,,,,,,,,,,,,,,,,,,,,,,,,,,,,,,,,,,,,,,,,,,
,,,,,,,,,,,,,,,,,,,,,,,,,,,,,,,,,,,,,,,,,,,,,,,,,,,,,,,,,,
,,,,,,,,,,,,,,,,,,,,,,,,,,,,,,,,,,,,,,,,,,,,,,,,,,,,,,,,,,
,,,,,,,,,,,,,,,,,,,,,,,,,,,,,,,,,,,,,,,,,,,,,,,,,,,,,,,,,,
,,,,,,,,,,,,,,,,,,,,,,,,,,,,,,,,,,,,,,,,,,,,,,,,,,,,,,,,,,
,,,,,,,,,,,,,,,,,,,,,,,,,,,,,,,,,,,,,,,,,,,,,,,,,,,,,,,,,,
,,,,,,,,,,,,,,,,,,,,,,,,,,,,,,,,,,,,,,,,,,,,,,,,,,,,,,,,,,
,,,,,,,,,,,,,,,,,,,,,,,,,,,,,,,,,,,,,,,,,,,,,,,,,,,,,,,,,,
,,,,,,,,,,,,,,,,,,,,,,,,,,,,,,,,,,,,,,,,,,,,,,,,,,,,,,,,,,
,,,,,,,,,,,,,,,,,,,,,,,,,,,,,,,,,,,,,,,,,,,,,,,,,,,,,,,,,,
,,,,,,,,,,,,,,,,,,,,,,,,,,,,,,,,,,,,,,,,,,,,,,,,,,,,,,,,,,
,,,,,,,,,,,,,,,,,,,,,,,,,,,,,,,,,,,,,,,,,,,,,,,,,,,,,,,,,,
,,,,,,,,,,,,,,,,,,,,,,,,,,,,,,,,,,,,,,,,,,,,,,,,,,,,,,,,,,
,,,,,,,,,,,,,,,,,,,,,,,,,,,,,,,,,,,,,,,,,,,,,,,,,,,,,,,,,,
,,,,,,,,,,,,,,,,,,,,,,,,,,,,,,,,,,,,,,,,,,,,,,,,,,,,,,,,,,
,,,,,,,,,,,,,,,,,,,,,,,,,,,,,,,,,,,,,,,,,,,,,,,,,,,,,,,,,,
,,,,,,,,,,,,,,,,,,,,,,,,,,,,,,,,,,,,,,,,,,,,,,,,,,,,,,,,,,
,,,,,,,,,,,,,,,,,,,,,,,,,,,,,,,,,,,,,,,,,,,,,,,,,,,,,,,,,,
,,,,,,,,,,,,,,,,,,,,,,,,,,,,,,,,,,,,,,,,,,,,,,,,,,,,,,,,,,
,,,,,,,,,,,,,,,,,,,,,,,,,,,,,,,,,,,,,,,,,,,,,,,,,,,,,,,,,,
,,,,,,,,,,,,,,,,,,,,,,,,,,,,,,,,,,,,,,,,,,,,,,,,,,,,,,,,,,
,,,,,,,,,,,,,,,,,,,,,,,,,,,,,,,,,,,,,,,,,,,,,,,,,,,,,,,,,,
,,,,,,,,,,,,,,,,,,,,,,,,,,,,,,,,,,,,,,,,,,,,,,,,,,,,,,,,,,
,,,,,,,,,,,,,,,,,,,,,,,,,,,,,,,,,,,,,,,,,,,,,,,,,,,,,,,,,,
,,,,,,,,,,,,,,,,,,,,,,,,,,,,,,,,,,,,,,,,,,,,,,,,,,,,,,,,,,
,,,,,,,,,,,,,,,,,,,,,,,,,,,,,,,,,,,,,,,,,,,,,,,,,,,,,,,,,,
,,,,,,,,,,,,,,,,,,,,,,,,,,,,,,,,,,,,,,,,,,,,,,,,,,,,,,,,,,
,,,,,,,,,,,,,,,,,,,,,,,,,,,,,,,,,,,,,,,,,,,,,,,,,,,,,,,,,,
,,,,,,,,,,,,,,,,,,,,,,,,,,,,,,,,,,,,,,,,,,,,,,,,,,,,,,,,,,
,,,,,,,,,,,,,,,,,,,,,,,,,,,,,,,,,,,,,,,,,,,,,,,,,,,,,,,,,,
,,,,,,,,,,,,,,,,,,,,,,,,,,,,,,,,,,,,,,,,,,,,,,,,,,,,,,,,,,
,,,,,,,,,,,,,,,,,,,,,,,,,,,,,,,,,,,,,,,,,,,,,,,,,,,,,,,,,,
,,,,,,,,,,,,,,,,,,,,,,,,,,,,,,,,,,,,,,,,,,,,,,,,,,,,,,,,,,
,,,,,,,,,,,,,,,,,,,,,,,,,,,,,,,,,,,,,,,,,,,,,,,,,,,,,,,,,,
,,,,,,,,,,,,,,,,,,,,,,,,,,,,,,,,,,,,,,,,,,,,,,,,,,,,,,,,,,
,,,,,,,,,,,,,,,,,,,,,,,,,,,,,,,,,,,,,,,,,,,,,,,,,,,,,,,,,,
,,,,,,,,,,,,,,,,,,,,,,,,,,,,,,,,,,,,,,,,,,,,,,,,,,,,,,,,,,
,,,,,,,,,,,,,,,,,,,,,,,,,,,,,,,,,,,,,,,,,,,,,,,,,,,,,,,,,,
,,,,,,,,,,,,,,,,,,,,,,,,,,,,,,,,,,,,,,,,,,,,,,,,,,,,,,,,,,
,,,,,,,,,,,,,,,,,,,,,,,,,,,,,,,,,,,,,,,,,,,,,,,,,,,,,,,,,,
,,,,,,,,,,,,,,,,,,,,,,,,,,,,,,,,,,,,,,,,,,,,,,,,,,,,,,,,,,
,,,,,,,,,,,,,,,,,,,,,,,,,,,,,,,,,,,,,,,,,,,,,,,,,,,,,,,,,,
,,,,,,,,,,,,,,,,,,,,,,,,,,,,,,,,,,,,,,,,,,,,,,,,,,,,,,,,,,
,,,,,,,,,,,,,,,,,,,,,,,,,,,,,,,,,,,,,,,,,,,,,,,,,,,,,,,,,,
,,,,,,,,,,,,,,,,,,,,,,,,,,,,,,,,,,,,,,,,,,,,,,,,,,,,,,,,,,
,,,,,,,,,,,,,,,,,,,,,,,,,,,,,,,,,,,,,,,,,,,,,,,,,,,,,,,,,,
,,,,,,,,,,,,,,,,,,,,,,,,,,,,,,,,,,,,,,,,,,,,,,,,,,,,,,,,,,
,,,,,,,,,,,,,,,,,,,,,,,,,,,,,,,,,,,,,,,,,,,,,,,,,,,,,,,,,,
,,,,,,,,,,,,,,,,,,,,,,,,,,,,,,,,,,,,,,,,,,,,,,,,,,,,,,,,,,
,,,,,,,,,,,,,,,,,,,,,,,,,,,,,,,,,,,,,,,,,,,,,,,,,,,,,,,,,,
,,,,,,,,,,,,,,,,,,,,,,,,,,,,,,,,,,,,,,,,,,,,,,,,,,,,,,,,,,
,,,,,,,,,,,,,,,,,,,,,,,,,,,,,,,,,,,,,,,,,,,,,,,,,,,,,,,,,,
,,,,,,,,,,,,,,,,,,,,,,,,,,,,,,,,,,,,,,,,,,,,,,,,,,,,,,,,,,
,,,,,,,,,,,,,,,,,,,,,,,,,,,,,,,,,,,,,,,,,,,,,,,,,,,,,,,,,,
,,,,,,,,,,,,,,,,,,,,,,,,,,,,,,,,,,,,,,,,,,,,,,,,,,,,,,,,,,
,,,,,,,,,,,,,,,,,,,,,,,,,,,,,,,,,,,,,,,,,,,,,,,,,,,,,,,,,,
,,,,,,,,,,,,,,,,,,,,,,,,,,,,,,,,,,,,,,,,,,,,,,,,,,,,,,,,,,
,,,,,,,,,,,,,,,,,,,,,,,,,,,,,,,,,,,,,,,,,,,,,,,,,,,,,,,,,,
,,,,,,,,,,,,,,,,,,,,,,,,,,,,,,,,,,,,,,,,,,,,,,,,,,,,,,,,,,
,,,,,,,,,,,,,,,,,,,,,,,,,,,,,,,,,,,,,,,,,,,,,,,,,,,,,,,,,,
,,,,,,,,,,,,,,,,,,,,,,,,,,,,,,,,,,,,,,,,,,,,,,,,,,,,,,,,,,
,,,,,,,,,,,,,,,,,,,,,,,,,,,,,,,,,,,,,,,,,,,,,,,,,,,,,,,,,,
,,,,,,,,,,,,,,,,,,,,,,,,,,,,,,,,,,,,,,,,,,,,,,,,,,,,,,,,,,
,,,,,,,,,,,,,,,,,,,,,,,,,,,,,,,,,,,,,,,,,,,,,,,,,,,,,,,,,,
,,,,,,,,,,,,,,,,,,,,,,,,,,,,,,,,,,,,,,,,,,,,,,,,,,,,,,,,,,
,,,,,,,,,,,,,,,,,,,,,,,,,,,,,,,,,,,,,,,,,,,,,,,,,,,,,,,,,,
,,,,,,,,,,,,,,,,,,,,,,,,,,,,,,,,,,,,,,,,,,,,,,,,,,,,,,,,,,
,,,,,,,,,,,,,,,,,,,,,,,,,,,,,,,,,,,,,,,,,,,,,,,,,,,,,,,,,,
,,,,,,,,,,,,,,,,,,,,,,,,,,,,,,,,,,,,,,,,,,,,,,,,,,,,,,,,,,
,,,,,,,,,,,,,,,,,,,,,,,,,,,,,,,,,,,,,,,,,,,,,,,,,,,,,,,,,,
,,,,,,,,,,,,,,,,,,,,,,,,,,,,,,,,,,,,,,,,,,,,,,,,,,,,,,,,,,
,,,,,,,,,,,,,,,,,,,,,,,,,,,,,,,,,,,,,,,,,,,,,,,,,,,,,,,,,,
,,,,,,,,,,,,,,,,,,,,,,,,,,,,,,,,,,,,,,,,,,,,,,,,,,,,,,,,,,
,,,,,,,,,,,,,,,,,,,,,,,,,,,,,,,,,,,,,,,,,,,,,,,,,,,,,,,,,,
,,,,,,,,,,,,,,,,,,,,,,,,,,,,,,,,,,,,,,,,,,,,,,,,,,,,,,,,,,
,,,,,,,,,,,,,,,,,,,,,,,,,,,,,,,,,,,,,,,,,,,,,,,,,,,,,,,,,,
,,,,,,,,,,,,,,,,,,,,,,,,,,,,,,,,,,,,,,,,,,,,,,,,,,,,,,,,,,
,,,,,,,,,,,,,,,,,,,,,,,,,,,,,,,,,,,,,,,,,,,,,,,,,,,,,,,,,,
,,,,,,,,,,,,,,,,,,,,,,,,,,,,,,,,,,,,,,,,,,,,,,,,,,,,,,,,,,
,,,,,,,,,,,,,,,,,,,,,,,,,,,,,,,,,,,,,,,,,,,,,,,,,,,,,,,,,,
,,,,,,,,,,,,,,,,,,,,,,,,,,,,,,,,,,,,,,,,,,,,,,,,,,,,,,,,,,
,,,,,,,,,,,,,,,,,,,,,,,,,,,,,,,,,,,,,,,,,,,,,,,,,,,,,,,,,,
,,,,,,,,,,,,,,,,,,,,,,,,,,,,,,,,,,,,,,,,,,,,,,,,,,,,,,,,,,
,,,,,,,,,,,,,,,,,,,,,,,,,,,,,,,,,,,,,,,,,,,,,,,,,,,,,,,,,,
,,,,,,,,,,,,,,,,,,,,,,,,,,,,,,,,,,,,,,,,,,,,,,,,,,,,,,,,,,
,,,,,,,,,,,,,,,,,,,,,,,,,,,,,,,,,,,,,,,,,,,,,,,,,,,,,,,,,,
,,,,,,,,,,,,,,,,,,,,,,,,,,,,,,,,,,,,,,,,,,,,,,,,,,,,,,,,,,
,,,,,,,,,,,,,,,,,,,,,,,,,,,,,,,,,,,,,,,,,,,,,,,,,,,,,,,,,,
,,,,,,,,,,,,,,,,,,,,,,,,,,,,,,,,,,,,,,,,,,,,,,,,,,,,,,,,,,
,,,,,,,,,,,,,,,,,,,,,,,,,,,,,,,,,,,,,,,,,,,,,,,,,,,,,,,,,,
,,,,,,,,,,,,,,,,,,,,,,,,,,,,,,,,,,,,,,,,,,,,,,,,,,,,,,,,,,
,,,,,,,,,,,,,,,,,,,,,,,,,,,,,,,,,,,,,,,,,,,,,,,,,,,,,,,,,,
,,,,,,,,,,,,,,,,,,,,,,,,,,,,,,,,,,,,,,,,,,,,,,,,,,,,,,,,,,
,,,,,,,,,,,,,,,,,,,,,,,,,,,,,,,,,,,,,,,,,,,,,,,,,,,,,,,,,,
,,,,,,,,,,,,,,,,,,,,,,,,,,,,,,,,,,,,,,,,,,,,,,,,,,,,,,,,,,
,,,,,,,,,,,,,,,,,,,,,,,,,,,,,,,,,,,,,,,,,,,,,,,,,,,,,,,,,,
,,,,,,,,,,,,,,,,,,,,,,,,,,,,,,,,,,,,,,,,,,,,,,,,,,,,,,,,,,
,,,,,,,,,,,,,,,,,,,,,,,,,,,,,,,,,,,,,,,,,,,,,,,,,,,,,,,,,,
,,,,,,,,,,,,,,,,,,,,,,,,,,,,,,,,,,,,,,,,,,,,,,,,,,,,,,,,,,
,,,,,,,,,,,,,,,,,,,,,,,,,,,,,,,,,,,,,,,,,,,,,,,,,,,,,,,,,,
,,,,,,,,,,,,,,,,,,,,,,,,,,,,,,,,,,,,,,,,,,,,,,,,,,,,,,,,,,
,,,,,,,,,,,,,,,,,,,,,,,,,,,,,,,,,,,,,,,,,,,,,,,,,,,,,,,,,,
,,,,,,,,,,,,,,,,,,,,,,,,,,,,,,,,,,,,,,,,,,,,,,,,,,,,,,,,,,
,,,,,,,,,,,,,,,,,,,,,,,,,,,,,,,,,,,,,,,,,,,,,,,,,,,,,,,,,,
,,,,,,,,,,,,,,,,,,,,,,,,,,,,,,,,,,,,,,,,,,,,,,,,,,,,,,,,,,
,,,,,,,,,,,,,,,,,,,,,,,,,,,,,,,,,,,,,,,,,,,,,,,,,,,,,,,,,,
,,,,,,,,,,,,,,,,,,,,,,,,,,,,,,,,,,,,,,,,,,,,,,,,,,,,,,,,,,
,,,,,,,,,,,,,,,,,,,,,,,,,,,,,,,,,,,,,,,,,,,,,,,,,,,,,,,,,,
,,,,,,,,,,,,,,,,,,,,,,,,,,,,,,,,,,,,,,,,,,,,,,,,,,,,,,,,,,
,,,,,,,,,,,,,,,,,,,,,,,,,,,,,,,,,,,,,,,,,,,,,,,,,,,,,,,,,,
,,,,,,,,,,,,,,,,,,,,,,,,,,,,,,,,,,,,,,,,,,,,,,,,,,,,,,,,,,
,,,,,,,,,,,,,,,,,,,,,,,,,,,,,,,,,,,,,,,,,,,,,,,,,,,,,,,,,,
,,,,,,,,,,,,,,,,,,,,,,,,,,,,,,,,,,,,,,,,,,,,,,,,,,,,,,,,,,
,,,,,,,,,,,,,,,,,,,,,,,,,,,,,,,,,,,,,,,,,,,,,,,,,,,,,,,,,,
,,,,,,,,,,,,,,,,,,,,,,,,,,,,,,,,,,,,,,,,,,,,,,,,,,,,,,,,,,
,,,,,,,,,,,,,,,,,,,,,,,,,,,,,,,,,,,,,,,,,,,,,,,,,,,,,,,,,,
,,,,,,,,,,,,,,,,,,,,,,,,,,,,,,,,,,,,,,,,,,,,,,,,,,,,,,,,,,
,,,,,,,,,,,,,,,,,,,,,,,,,,,,,,,,,,,,,,,,,,,,,,,,,,,,,,,,,,
,,,,,,,,,,,,,,,,,,,,,,,,,,,,,,,,,,,,,,,,,,,,,,,,,,,,,,,,,,
,,,,,,,,,,,,,,,,,,,,,,,,,,,,,,,,,,,,,,,,,,,,,,,,,,,,,,,,,,
,,,,,,,,,,,,,,,,,,,,,,,,,,,,,,,,,,,,,,,,,,,,,,,,,,,,,,,,,,
,,,,,,,,,,,,,,,,,,,,,,,,,,,,,,,,,,,,,,,,,,,,,,,,,,,,,,,,,,
,,,,,,,,,,,,,,,,,,,,,,,,,,,,,,,,,,,,,,,,,,,,,,,,,,,,,,,,,,
,,,,,,,,,,,,,,,,,,,,,,,,,,,,,,,,,,,,,,,,,,,,,,,,,,,,,,,,,,
,,,,,,,,,,,,,,,,,,,,,,,,,,,,,,,,,,,,,,,,,,,,,,,,,,,,,,,,,,
,,,,,,,,,,,,,,,,,,,,,,,,,,,,,,,,,,,,,,,,,,,,,,,,,,,,,,,,,,
,,,,,,,,,,,,,,,,,,,,,,,,,,,,,,,,,,,,,,,,,,,,,,,,,,,,,,,,,,
,,,,,,,,,,,,,,,,,,,,,,,,,,,,,,,,,,,,,,,,,,,,,,,,,,,,,,,,,,
,,,,,,,,,,,,,,,,,,,,,,,,,,,,,,,,,,,,,,,,,,,,,,,,,,,,,,,,,,
,,,,,,,,,,,,,,,,,,,,,,,,,,,,,,,,,,,,,,,,,,,,,,,,,,,,,,,,,,
,,,,,,,,,,,,,,,,,,,,,,,,,,,,,,,,,,,,,,,,,,,,,,,,,,,,,,,,,,
,,,,,,,,,,,,,,,,,,,,,,,,,,,,,,,,,,,,,,,,,,,,,,,,,,,,,,,,,,
,,,,,,,,,,,,,,,,,,,,,,,,,,,,,,,,,,,,,,,,,,,,,,,,,,,,,,,,,,
,,,,,,,,,,,,,,,,,,,,,,,,,,,,,,,,,,,,,,,,,,,,,,,,,,,,,,,,,,
,,,,,,,,,,,,,,,,,,,,,,,,,,,,,,,,,,,,,,,,,,,,,,,,,,,,,,,,,,
,,,,,,,,,,,,,,,,,,,,,,,,,,,,,,,,,,,,,,,,,,,,,,,,,,,,,,,,,,
,,,,,,,,,,,,,,,,,,,,,,,,,,,,,,,,,,,,,,,,,,,,,,,,,,,,,,,,,,
,,,,,,,,,,,,,,,,,,,,,,,,,,,,,,,,,,,,,,,,,,,,,,,,,,,,,,,,,,
,,,,,,,,,,,,,,,,,,,,,,,,,,,,,,,,,,,,,,,,,,,,,,,,,,,,,,,,,,
,,,,,,,,,,,,,,,,,,,,,,,,,,,,,,,,,,,,,,,,,,,,,,,,,,,,,,,,,,
,,,,,,,,,,,,,,,,,,,,,,,,,,,,,,,,,,,,,,,,,,,,,,,,,,,,,,,,,,
,,,,,,,,,,,,,,,,,,,,,,,,,,,,,,,,,,,,,,,,,,,,,,,,,,,,,,,,,,
,,,,,,,,,,,,,,,,,,,,,,,,,,,,,,,,,,,,,,,,,,,,,,,,,,,,,,,,,,
,,,,,,,,,,,,,,,,,,,,,,,,,,,,,,,,,,,,,,,,,,,,,,,,,,,,,,,,,,
,,,,,,,,,,,,,,,,,,,,,,,,,,,,,,,,,,,,,,,,,,,,,,,,,,,,,,,,,,
,,,,,,,,,,,,,,,,,,,,,,,,,,,,,,,,,,,,,,,,,,,,,,,,,,,,,,,,,,
,,,,,,,,,,,,,,,,,,,,,,,,,,,,,,,,,,,,,,,,,,,,,,,,,,,,,,,,,,
,,,,,,,,,,,,,,,,,,,,,,,,,,,,,,,,,,,,,,,,,,,,,,,,,,,,,,,,,,
,,,,,,,,,,,,,,,,,,,,,,,,,,,,,,,,,,,,,,,,,,,,,,,,,,,,,,,,,,
,,,,,,,,,,,,,,,,,,,,,,,,,,,,,,,,,,,,,,,,,,,,,,,,,,,,,,,,,,
,,,,,,,,,,,,,,,,,,,,,,,,,,,,,,,,,,,,,,,,,,,,,,,,,,,,,,,,,,
,,,,,,,,,,,,,,,,,,,,,,,,,,,,,,,,,,,,,,,,,,,,,,,,,,,,,,,,,,
,,,,,,,,,,,,,,,,,,,,,,,,,,,,,,,,,,,,,,,,,,,,,,,,,,,,,,,,,,
,,,,,,,,,,,,,,,,,,,,,,,,,,,,,,,,,,,,,,,,,,,,,,,,,,,,,,,,,,
,,,,,,,,,,,,,,,,,,,,,,,,,,,,,,,,,,,,,,,,,,,,,,,,,,,,,,,,,,
,,,,,,,,,,,,,,,,,,,,,,,,,,,,,,,,,,,,,,,,,,,,,,,,,,,,,,,,,,
,,,,,,,,,,,,,,,,,,,,,,,,,,,,,,,,,,,,,,,,,,,,,,,,,,,,,,,,,,
,,,,,,,,,,,,,,,,,,,,,,,,,,,,,,,,,,,,,,,,,,,,,,,,,,,,,,,,,,
,,,,,,,,,,,,,,,,,,,,,,,,,,,,,,,,,,,,,,,,,,,,,,,,,,,,,,,,,,
,,,,,,,,,,,,,,,,,,,,,,,,,,,,,,,,,,,,,,,,,,,,,,,,,,,,,,,,,,
,,,,,,,,,,,,,,,,,,,,,,,,,,,,,,,,,,,,,,,,,,,,,,,,,,,,,,,,,,
,,,,,,,,,,,,,,,,,,,,,,,,,,,,,,,,,,,,,,,,,,,,,,,,,,,,,,,,,,
,,,,,,,,,,,,,,,,,,,,,,,,,,,,,,,,,,,,,,,,,,,,,,,,,,,,,,,,,,
,,,,,,,,,,,,,,,,,,,,,,,,,,,,,,,,,,,,,,,,,,,,,,,,,,,,,,,,,,
,,,,,,,,,,,,,,,,,,,,,,,,,,,,,,,,,,,,,,,,,,,,,,,,,,,,,,,,,,
,,,,,,,,,,,,,,,,,,,,,,,,,,,,,,,,,,,,,,,,,,,,,,,,,,,,,,,,,,
,,,,,,,,,,,,,,,,,,,,,,,,,,,,,,,,,,,,,,,,,,,,,,,,,,,,,,,,,,
,,,,,,,,,,,,,,,,,,,,,,,,,,,,,,,,,,,,,,,,,,,,,,,,,,,,,,,,,,
,,,,,,,,,,,,,,,,,,,,,,,,,,,,,,,,,,,,,,,,,,,,,,,,,,,,,,,,,,
,,,,,,,,,,,,,,,,,,,,,,,,,,,,,,,,,,,,,,,,,,,,,,,,,,,,,,,,,,
,,,,,,,,,,,,,,,,,,,,,,,,,,,,,,,,,,,,,,,,,,,,,,,,,,,,,,,,,,
,,,,,,,,,,,,,,,,,,,,,,,,,,,,,,,,,,,,,,,,,,,,,,,,,,,,,,,,,,
,,,,,,,,,,,,,,,,,,,,,,,,,,,,,,,,,,,,,,,,,,,,,,,,,,,,,,,,,,
,,,,,,,,,,,,,,,,,,,,,,,,,,,,,,,,,,,,,,,,,,,,,,,,,,,,,,,,,,
,,,,,,,,,,,,,,,,,,,,,,,,,,,,,,,,,,,,,,,,,,,,,,,,,,,,,,,,,,
,,,,,,,,,,,,,,,,,,,,,,,,,,,,,,,,,,,,,,,,,,,,,,,,,,,,,,,,,,
,,,,,,,,,,,,,,,,,,,,,,,,,,,,,,,,,,,,,,,,,,,,,,,,,,,,,,,,,,
,,,,,,,,,,,,,,,,,,,,,,,,,,,,,,,,,,,,,,,,,,,,,,,,,,,,,,,,,,
,,,,,,,,,,,,,,,,,,,,,,,,,,,,,,,,,,,,,,,,,,,,,,,,,,,,,,,,,,
,,,,,,,,,,,,,,,,,,,,,,,,,,,,,,,,,,,,,,,,,,,,,,,,,,,,,,,,,,
,,,,,,,,,,,,,,,,,,,,,,,,,,,,,,,,,,,,,,,,,,,,,,,,,,,,,,,,,,
,,,,,,,,,,,,,,,,,,,,,,,,,,,,,,,,,,,,,,,,,,,,,,,,,,,,,,,,,,
,,,,,,,,,,,,,,,,,,,,,,,,,,,,,,,,,,,,,,,,,,,,,,,,,,,,,,,,,,
,,,,,,,,,,,,,,,,,,,,,,,,,,,,,,,,,,,,,,,,,,,,,,,,,,,,,,,,,,
,,,,,,,,,,,,,,,,,,,,,,,,,,,,,,,,,,,,,,,,,,,,,,,,,,,,,,,,,,
,,,,,,,,,,,,,,,,,,,,,,,,,,,,,,,,,,,,,,,,,,,,,,,,,,,,,,,,,,
,,,,,,,,,,,,,,,,,,,,,,,,,,,,,,,,,,,,,,,,,,,,,,,,,,,,,,,,,,
,,,,,,,,,,,,,,,,,,,,,,,,,,,,,,,,,,,,,,,,,,,,,,,,,,,,,,,,,,
,,,,,,,,,,,,,,,,,,,,,,,,,,,,,,,,,,,,,,,,,,,,,,,,,,,,,,,,,,
,,,,,,,,,,,,,,,,,,,,,,,,,,,,,,,,,,,,,,,,,,,,,,,,,,,,,,,,,,
,,,,,,,,,,,,,,,,,,,,,,,,,,,,,,,,,,,,,,,,,,,,,,,,,,,,,,,,,,
,,,,,,,,,,,,,,,,,,,,,,,,,,,,,,,,,,,,,,,,,,,,,,,,,,,,,,,,,,
,,,,,,,,,,,,,,,,,,,,,,,,,,,,,,,,,,,,,,,,,,,,,,,,,,,,,,,,,,
,,,,,,,,,,,,,,,,,,,,,,,,,,,,,,,,,,,,,,,,,,,,,,,,,,,,,,,,,,
,,,,,,,,,,,,,,,,,,,,,,,,,,,,,,,,,,,,,,,,,,,,,,,,,,,,,,,,,,
,,,,,,,,,,,,,,,,,,,,,,,,,,,,,,,,,,,,,,,,,,,,,,,,,,,,,,,,,,
,,,,,,,,,,,,,,,,,,,,,,,,,,,,,,,,,,,,,,,,,,,,,,,,,,,,,,,,,,
,,,,,,,,,,,,,,,,,,,,,,,,,,,,,,,,,,,,,,,,,,,,,,,,,,,,,,,,,,
,,,,,,,,,,,,,,,,,,,,,,,,,,,,,,,,,,,,,,,,,,,,,,,,,,,,,,,,,,
,,,,,,,,,,,,,,,,,,,,,,,,,,,,,,,,,,,,,,,,,,,,,,,,,,,,,,,,,,
,,,,,,,,,,,,,,,,,,,,,,,,,,,,,,,,,,,,,,,,,,,,,,,,,,,,,,,,,,
,,,,,,,,,,,,,,,,,,,,,,,,,,,,,,,,,,,,,,,,,,,,,,,,,,,,,s,,,,,